page,lang,theme,result,rule,impact,wcag_tags,nodes,reasons,targets,raw_file
404,en,morgon,violation,page-has-heading-one,moderate,best-practice,1,page-has-heading-one:1,html,axe/404__en__morgon.json
404,en,morgon,violation,region,moderate,best-practice,1,region:1,.foot,axe/404__en__morgon.json
404,en,morgon,incomplete,color-contrast,serious,wcag2aa wcag143,16,imgNode:12; pseudoContent:3; bgGradient:1,".logo | a[aria-label=""Login""] | a[aria-label=""Pricing""] | button:nth-child(1) | .night | .day | h2 | p | .btn | span:nth-child(1) > span:nth-child(1) | span[data-testid=""beta-build-label""] | span[data-testid=""footer-version""] | span[data-testid=""footer-company""] > span | a[href=""mailto:kevin@tale-forge.app""] | a[href$=""integritet""] | a[href$=""villkor""]",axe/404__en__morgon.json
404,en,morgon,incomplete,label-content-name-mismatch,serious,wcag21a wcag253,1,valueText:1,.tt,axe/404__en__morgon.json
404,en,natt,violation,page-has-heading-one,moderate,best-practice,1,page-has-heading-one:1,html,axe/404__en__natt.json
404,en,natt,violation,region,moderate,best-practice,1,region:1,.foot,axe/404__en__natt.json
404,en,natt,incomplete,color-contrast,serious,wcag2aa wcag143,16,bgGradient:13; pseudoContent:3,".logo | a[aria-label=""Login""] | a[aria-label=""Pricing""] | button:nth-child(1) | .night | .day | h2 | p | .btn | span:nth-child(1) > span:nth-child(1) | span[data-testid=""beta-build-label""] | span[data-testid=""footer-version""] | span[data-testid=""footer-company""] > span | a[href=""mailto:kevin@tale-forge.app""] | a[href$=""integritet""] | a[href$=""villkor""]",axe/404__en__natt.json
404,en,natt,incomplete,label-content-name-mismatch,serious,wcag21a wcag253,1,valueText:1,.tt,axe/404__en__natt.json
404,sv,morgon,violation,page-has-heading-one,moderate,best-practice,1,page-has-heading-one:1,html,axe/404__morgon.json
404,sv,morgon,violation,region,moderate,best-practice,1,region:1,.foot,axe/404__morgon.json
404,sv,morgon,incomplete,color-contrast,serious,wcag2aa wcag143,16,imgNode:12; pseudoContent:3; bgGradient:1,".logo | a[aria-label=""Logga in""] | a[aria-label=""Priser""] | button:nth-child(2) | .night | .day | h2 | p | .btn | span:nth-child(1) > span:nth-child(1) | span[data-testid=""beta-build-label""] | span[data-testid=""footer-version""] | span[data-testid=""footer-company""] > span | a[href=""mailto:kevin@tale-forge.app""] | a[href$=""integritet""] | a[href$=""villkor""]",axe/404__morgon.json
404,sv,morgon,incomplete,label-content-name-mismatch,serious,wcag21a wcag253,1,valueText:1,.tt,axe/404__morgon.json
404,sv,natt,violation,page-has-heading-one,moderate,best-practice,1,page-has-heading-one:1,html,axe/404__natt.json
404,sv,natt,violation,region,moderate,best-practice,1,region:1,.foot,axe/404__natt.json
404,sv,natt,incomplete,color-contrast,serious,wcag2aa wcag143,16,bgGradient:13; pseudoContent:3,".logo | a[aria-label=""Logga in""] | a[aria-label=""Priser""] | button:nth-child(2) | .night | .day | h2 | p | .btn | span:nth-child(1) > span:nth-child(1) | span[data-testid=""beta-build-label""] | span[data-testid=""footer-version""] | span[data-testid=""footer-company""] > span | a[href=""mailto:kevin@tale-forge.app""] | a[href$=""integritet""] | a[href$=""villkor""]",axe/404__natt.json
404,sv,natt,incomplete,label-content-name-mismatch,serious,wcag21a wcag253,1,valueText:1,.tt,axe/404__natt.json
home,en,morgon,violation,color-contrast,serious,wcag2aa wcag143,3,color-contrast:3,"span[data-testid=""beta-build-label""] | span[data-testid=""footer-version""] | span[data-testid=""footer-company""] > span",axe/home__en__morgon.json
home,en,morgon,violation,region,moderate,best-practice,1,region:1,.foot,axe/home__en__morgon.json
home,en,morgon,incomplete,color-contrast,serious,wcag2aa wcag143,61,pseudoContent:35; imgNode:16; shortTextContent:6; bgGradient:4,".logo | a[aria-label=""Login""] | a[aria-label=""Pricing""] | .language-switcher > button:nth-child(1) | .night | .day | .kicker | h1 | .grad | .lede | .cta-primary-col > .btn-primary.btn[href$=""start""] | .cta-microcopy | a[href$=""#sa-funkar-det""] | .badge > div > b | .badge > div > span | .hiw-kicker | .hiw-headline | .hiw-lede | li:nth-child(1) > .hiw-rail-col > .hiw-node[aria-hidden=""true""] | .hiw-ai-chip | .hiw-step--flip:nth-child(2) > .hiw-rail-col > .hiw-node[aria-hidden=""true""] | .hiw-friend-row:nth-child(1) > div > b | .hiw-friend-row:nth-child(1) > div > span | .hiw-friend-row:nth-child(",axe/home__en__morgon.json
home,en,morgon,incomplete,label-content-name-mismatch,serious,wcag21a wcag253,1,valueText:1,.tt,axe/home__en__morgon.json
home,en,natt,violation,region,moderate,best-practice,1,region:1,.foot,axe/home__en__natt.json
home,en,natt,incomplete,color-contrast,serious,wcag2aa wcag143,55,pseudoContent:35; bgGradient:20,".logo | a[aria-label=""Login""] | a[aria-label=""Pricing""] | .language-switcher > button:nth-child(1) | .night | .day | .kicker | h1 | .grad | .lede | .cta-primary-col > .btn-primary.btn[href$=""start""] | .cta-microcopy | a[href$=""#sa-funkar-det""] | .badge > div > b | .badge > div > span | .hiw-kicker | .hiw-headline | .hiw-lede | .hiw-ai-chip | .hiw-friend-row:nth-child(1) > div > b | .hiw-friend-row:nth-child(1) > div > span | .hiw-friend-row:nth-child(2) > div > b | .hiw-friend-row:nth-child(2) > div > span | .hiw-bake-line | .hiw-play > span | .hiw-mock-prose | .hiw-choice:nth-child(1) | .hiw-",axe/home__en__natt.json
home,en,natt,incomplete,label-content-name-mismatch,serious,wcag21a wcag253,1,valueText:1,.tt,axe/home__en__natt.json
home,sv,morgon,violation,color-contrast,serious,wcag2aa wcag143,3,color-contrast:3,"span[data-testid=""beta-build-label""] | span[data-testid=""footer-version""] | span[data-testid=""footer-company""] > span",axe/home__morgon.json
home,sv,morgon,violation,region,moderate,best-practice,1,region:1,.foot,axe/home__morgon.json
home,sv,morgon,incomplete,color-contrast,serious,wcag2aa wcag143,61,pseudoContent:35; imgNode:16; shortTextContent:6; bgGradient:4,".logo | a[aria-label=""Logga in""] | a[aria-label=""Priser""] | button:nth-child(2) | .night | .day | .kicker | h1 | .grad | .lede | .cta-primary-col > .btn-primary.btn[href$=""start""] | .cta-microcopy | a[href$=""#sa-funkar-det""] | .badge > div > b | .badge > div > span | .hiw-kicker | .hiw-headline | .hiw-lede | li:nth-child(1) > .hiw-rail-col > .hiw-node[aria-hidden=""true""] | .hiw-ai-chip | .hiw-step--flip:nth-child(2) > .hiw-rail-col > .hiw-node[aria-hidden=""true""] | .hiw-friend-row:nth-child(1) > div > b | .hiw-friend-row:nth-child(1) > div > span | .hiw-friend-row:nth-child(2) > div > b | .hiw",axe/home__morgon.json
home,sv,morgon,incomplete,label-content-name-mismatch,serious,wcag21a wcag253,1,valueText:1,.tt,axe/home__morgon.json
home,sv,natt,violation,region,moderate,best-practice,1,region:1,.foot,axe/home__natt.json
home,sv,natt,incomplete,color-contrast,serious,wcag2aa wcag143,55,pseudoContent:35; bgGradient:20,".logo | a[aria-label=""Logga in""] | a[aria-label=""Priser""] | button:nth-child(2) | .night | .day | .kicker | h1 | .grad | .lede | .cta-primary-col > .btn-primary.btn[href$=""start""] | .cta-microcopy | a[href$=""#sa-funkar-det""] | .badge > div > b | .badge > div > span | .hiw-kicker | .hiw-headline | .hiw-lede | .hiw-ai-chip | .hiw-friend-row:nth-child(1) > div > b | .hiw-friend-row:nth-child(1) > div > span | .hiw-friend-row:nth-child(2) > div > b | .hiw-friend-row:nth-child(2) > div > span | .hiw-bake-line | .hiw-play > span | .hiw-mock-prose | .hiw-choice:nth-child(1) | .hiw-choice:nth-child(2)",axe/home__natt.json
home,sv,natt,incomplete,label-content-name-mismatch,serious,wcag21a wcag253,1,valueText:1,.tt,axe/home__natt.json
integritet,en,morgon,violation,color-contrast,serious,wcag2aa wcag143,3,color-contrast:3,"span[data-testid=""beta-build-label""] | span[data-testid=""footer-version""] | span[data-testid=""footer-company""] > span",axe/integritet__en__morgon.json
integritet,en,morgon,violation,heading-order,moderate,best-practice,1,heading-order:1,"div[lang=""en""] > div:nth-child(2) > h3",axe/integritet__en__morgon.json
integritet,en,morgon,violation,region,moderate,best-practice,1,region:1,.foot,axe/integritet__en__morgon.json
integritet,en,morgon,incomplete,color-contrast,serious,wcag2aa wcag143,37,pseudoContent:31; imgNode:5; bgGradient:1,".logo | a[aria-label=""Login""] | a[aria-label=""Pricing""] | button:nth-child(1) | .night | .day | h1 | .lede | div[lang=""en""] > span | div[lang=""en""] > div:nth-child(2) > h3 | div[lang=""en""] > div:nth-child(2) > p:nth-child(2) | div[lang=""en""] > div:nth-child(2) > p:nth-child(3) | div[lang=""en""] > div:nth-child(3) > h3 | div[lang=""en""] > div:nth-child(3) > p:nth-child(2) | div[lang=""en""] > div:nth-child(3) > p:nth-child(3) | div[lang=""en""] > div:nth-child(4) > h3 | div[lang=""en""] > div:nth-child(4) > p:nth-child(2) | div[lang=""en""] > div:nth-child(4) > p:nth-child(3) | div[lang=""en""] > div:nth-c",axe/integritet__en__morgon.json
integritet,en,morgon,incomplete,label-content-name-mismatch,serious,wcag21a wcag253,1,valueText:1,.tt,axe/integritet__en__morgon.json
integritet,en,natt,violation,heading-order,moderate,best-practice,1,heading-order:1,"div[lang=""en""] > div:nth-child(2) > h3",axe/integritet__en__natt.json
integritet,en,natt,violation,region,moderate,best-practice,1,region:1,.foot,axe/integritet__en__natt.json
integritet,en,natt,incomplete,color-contrast,serious,wcag2aa wcag143,37,pseudoContent:31; bgGradient:6,".logo | a[aria-label=""Login""] | a[aria-label=""Pricing""] | button:nth-child(1) | .night | .day | h1 | .lede | div[lang=""en""] > span | div[lang=""en""] > div:nth-child(2) > h3 | div[lang=""en""] > div:nth-child(2) > p:nth-child(2) | div[lang=""en""] > div:nth-child(2) > p:nth-child(3) | div[lang=""en""] > div:nth-child(3) > h3 | div[lang=""en""] > div:nth-child(3) > p:nth-child(2) | div[lang=""en""] > div:nth-child(3) > p:nth-child(3) | div[lang=""en""] > div:nth-child(4) > h3 | div[lang=""en""] > div:nth-child(4) > p:nth-child(2) | div[lang=""en""] > div:nth-child(4) > p:nth-child(3) | div[lang=""en""] > div:nth-c",axe/integritet__en__natt.json
integritet,en,natt,incomplete,label-content-name-mismatch,serious,wcag21a wcag253,1,valueText:1,.tt,axe/integritet__en__natt.json
integritet,sv,morgon,violation,color-contrast,serious,wcag2aa wcag143,3,color-contrast:3,"span[data-testid=""beta-build-label""] | span[data-testid=""footer-version""] | span[data-testid=""footer-company""] > span",axe/integritet__morgon.json
integritet,sv,morgon,violation,heading-order,moderate,best-practice,1,heading-order:1,"div[lang=""sv""] > div:nth-child(2) > h3",axe/integritet__morgon.json
integritet,sv,morgon,violation,region,moderate,best-practice,1,region:1,.foot,axe/integritet__morgon.json
integritet,sv,morgon,incomplete,color-contrast,serious,wcag2aa wcag143,37,pseudoContent:31; imgNode:5; bgGradient:1,".logo | a[aria-label=""Logga in""] | a[aria-label=""Priser""] | button:nth-child(2) | .night | .day | h1 | .lede | div[lang=""sv""] > span | div[lang=""sv""] > div:nth-child(2) > h3 | div[lang=""sv""] > div:nth-child(2) > p:nth-child(2) | div[lang=""sv""] > div:nth-child(2) > p:nth-child(3) | div[lang=""sv""] > div:nth-child(3) > h3 | div[lang=""sv""] > div:nth-child(3) > p:nth-child(2) | div[lang=""sv""] > div:nth-child(3) > p:nth-child(3) | div[lang=""sv""] > div:nth-child(4) > h3 | div[lang=""sv""] > div:nth-child(4) > p:nth-child(2) | div[lang=""sv""] > div:nth-child(4) > p:nth-child(3) | div[lang=""sv""] > div:nth",axe/integritet__morgon.json
integritet,sv,morgon,incomplete,label-content-name-mismatch,serious,wcag21a wcag253,1,valueText:1,.tt,axe/integritet__morgon.json
integritet,sv,natt,violation,heading-order,moderate,best-practice,1,heading-order:1,"div[lang=""sv""] > div:nth-child(2) > h3",axe/integritet__natt.json
integritet,sv,natt,violation,region,moderate,best-practice,1,region:1,.foot,axe/integritet__natt.json
integritet,sv,natt,incomplete,color-contrast,serious,wcag2aa wcag143,37,pseudoContent:31; bgGradient:6,".logo | a[aria-label=""Logga in""] | a[aria-label=""Priser""] | button:nth-child(2) | .night | .day | h1 | .lede | div[lang=""sv""] > span | div[lang=""sv""] > div:nth-child(2) > h3 | div[lang=""sv""] > div:nth-child(2) > p:nth-child(2) | div[lang=""sv""] > div:nth-child(2) > p:nth-child(3) | div[lang=""sv""] > div:nth-child(3) > h3 | div[lang=""sv""] > div:nth-child(3) > p:nth-child(2) | div[lang=""sv""] > div:nth-child(3) > p:nth-child(3) | div[lang=""sv""] > div:nth-child(4) > h3 | div[lang=""sv""] > div:nth-child(4) > p:nth-child(2) | div[lang=""sv""] > div:nth-child(4) > p:nth-child(3) | div[lang=""sv""] > div:nth",axe/integritet__natt.json
integritet,sv,natt,incomplete,label-content-name-mismatch,serious,wcag21a wcag253,1,valueText:1,.tt,axe/integritet__natt.json
login,en,morgon,violation,region,moderate,best-practice,1,region:1,.foot,axe/login__en__morgon.json
login,en,morgon,incomplete,color-contrast,serious,wcag2aa wcag143,25,imgNode:12; pseudoContent:12; bgGradient:1,".logo | a[aria-label=""Login""] | a[aria-label=""Pricing""] | .language-switcher > button[type=""button""]:nth-child(1) | .night | .day | h1 | .lede | .btn-ghost | .glass > div:nth-child(4) | label[for=""auth-email""] | #auth-email | label[for=""auth-password""] | #auth-password | form > div:nth-child(3) > button[type=""button""] | .btn-primary | p:nth-child(6) | a[href$=""signup""] | span:nth-child(1) > span:nth-child(1) | span[data-testid=""beta-build-label""] | span[data-testid=""footer-version""] | span[data-testid=""footer-company""] > span | a[href=""mailto:kevin@tale-forge.app""] | a[href$=""integritet""] | a[",axe/login__en__morgon.json
login,en,morgon,incomplete,label-content-name-mismatch,serious,wcag21a wcag253,1,valueText:1,.tt,axe/login__en__morgon.json
login,en,natt,violation,region,moderate,best-practice,1,region:1,.foot,axe/login__en__natt.json
login,en,natt,incomplete,color-contrast,serious,wcag2aa wcag143,25,bgGradient:13; pseudoContent:12,".logo | a[aria-label=""Login""] | a[aria-label=""Pricing""] | .language-switcher > button[type=""button""]:nth-child(1) | .night | .day | h1 | .lede | .btn-ghost | .glass > div:nth-child(4) | label[for=""auth-email""] | #auth-email | label[for=""auth-password""] | #auth-password | form > div:nth-child(3) > button[type=""button""] | .btn-primary | p:nth-child(6) | a[href$=""signup""] | span:nth-child(1) > span:nth-child(1) | span[data-testid=""beta-build-label""] | span[data-testid=""footer-version""] | span[data-testid=""footer-company""] > span | a[href=""mailto:kevin@tale-forge.app""] | a[href$=""integritet""] | a[",axe/login__en__natt.json
login,en,natt,incomplete,label-content-name-mismatch,serious,wcag21a wcag253,1,valueText:1,.tt,axe/login__en__natt.json
login,sv,morgon,violation,region,moderate,best-practice,1,region:1,.foot,axe/login__morgon.json
login,sv,morgon,incomplete,color-contrast,serious,wcag2aa wcag143,25,imgNode:12; pseudoContent:12; bgGradient:1,".logo | a[aria-label=""Logga in""] | a[aria-label=""Priser""] | button[type=""button""]:nth-child(2) | .night | .day | h1 | .lede | .btn-ghost | .glass > div:nth-child(4) | label[for=""auth-email""] | #auth-email | label[for=""auth-password""] | #auth-password | form > div:nth-child(3) > button[type=""button""] | .btn-primary | p:nth-child(6) | a[href$=""signup""] | span:nth-child(1) > span:nth-child(1) | span[data-testid=""beta-build-label""] | span[data-testid=""footer-version""] | span[data-testid=""footer-company""] > span | a[href=""mailto:kevin@tale-forge.app""] | a[href$=""integritet""] | a[href$=""villkor""]",axe/login__morgon.json
login,sv,morgon,incomplete,label-content-name-mismatch,serious,wcag21a wcag253,1,valueText:1,.tt,axe/login__morgon.json
login,sv,natt,violation,region,moderate,best-practice,1,region:1,.foot,axe/login__natt.json
login,sv,natt,incomplete,color-contrast,serious,wcag2aa wcag143,25,bgGradient:13; pseudoContent:12,".logo | a[aria-label=""Logga in""] | a[aria-label=""Priser""] | button[type=""button""]:nth-child(2) | .night | .day | h1 | .lede | .btn-ghost | .glass > div:nth-child(4) | label[for=""auth-email""] | #auth-email | label[for=""auth-password""] | #auth-password | form > div:nth-child(3) > button[type=""button""] | .btn-primary | p:nth-child(6) | a[href$=""signup""] | span:nth-child(1) > span:nth-child(1) | span[data-testid=""beta-build-label""] | span[data-testid=""footer-version""] | span[data-testid=""footer-company""] > span | a[href=""mailto:kevin@tale-forge.app""] | a[href$=""integritet""] | a[href$=""villkor""]",axe/login__natt.json
login,sv,natt,incomplete,label-content-name-mismatch,serious,wcag21a wcag253,1,valueText:1,.tt,axe/login__natt.json
share-sample,en,morgon,violation,page-has-heading-one,moderate,best-practice,1,page-has-heading-one:1,html,axe/share-sample__en__morgon.json
share-sample,en,morgon,violation,region,moderate,best-practice,1,region:1,.foot,axe/share-sample__en__morgon.json
share-sample,en,morgon,incomplete,color-contrast,serious,wcag2aa wcag143,16,imgNode:12; pseudoContent:3; bgGradient:1,".logo | a[aria-label=""Login""] | a[aria-label=""Pricing""] | button:nth-child(1) | .night | .day | h2 | p | .btn | span:nth-child(1) > span:nth-child(1) | span[data-testid=""beta-build-label""] | span[data-testid=""footer-version""] | span[data-testid=""footer-company""] > span | a[href=""mailto:kevin@tale-forge.app""] | a[href$=""integritet""] | a[href$=""villkor""]",axe/share-sample__en__morgon.json
share-sample,en,morgon,incomplete,label-content-name-mismatch,serious,wcag21a wcag253,1,valueText:1,.tt,axe/share-sample__en__morgon.json
share-sample,en,natt,violation,page-has-heading-one,moderate,best-practice,1,page-has-heading-one:1,html,axe/share-sample__en__natt.json
share-sample,en,natt,violation,region,moderate,best-practice,1,region:1,.foot,axe/share-sample__en__natt.json
share-sample,en,natt,incomplete,color-contrast,serious,wcag2aa wcag143,16,bgGradient:13; pseudoContent:3,".logo | a[aria-label=""Login""] | a[aria-label=""Pricing""] | button:nth-child(1) | .night | .day | h2 | p | .btn | span:nth-child(1) > span:nth-child(1) | span[data-testid=""beta-build-label""] | span[data-testid=""footer-version""] | span[data-testid=""footer-company""] > span | a[href=""mailto:kevin@tale-forge.app""] | a[href$=""integritet""] | a[href$=""villkor""]",axe/share-sample__en__natt.json
share-sample,en,natt,incomplete,label-content-name-mismatch,serious,wcag21a wcag253,1,valueText:1,.tt,axe/share-sample__en__natt.json
share-sample,sv,morgon,violation,page-has-heading-one,moderate,best-practice,1,page-has-heading-one:1,html,axe/share-sample__morgon.json
share-sample,sv,morgon,violation,region,moderate,best-practice,1,region:1,.foot,axe/share-sample__morgon.json
share-sample,sv,morgon,incomplete,color-contrast,serious,wcag2aa wcag143,16,imgNode:12; pseudoContent:3; bgGradient:1,".logo | a[aria-label=""Logga in""] | a[aria-label=""Priser""] | button:nth-child(2) | .night | .day | h2 | p | .btn | span:nth-child(1) > span:nth-child(1) | span[data-testid=""beta-build-label""] | span[data-testid=""footer-version""] | span[data-testid=""footer-company""] > span | a[href=""mailto:kevin@tale-forge.app""] | a[href$=""integritet""] | a[href$=""villkor""]",axe/share-sample__morgon.json
share-sample,sv,morgon,incomplete,label-content-name-mismatch,serious,wcag21a wcag253,1,valueText:1,.tt,axe/share-sample__morgon.json
share-sample,sv,natt,violation,page-has-heading-one,moderate,best-practice,1,page-has-heading-one:1,html,axe/share-sample__natt.json
share-sample,sv,natt,violation,region,moderate,best-practice,1,region:1,.foot,axe/share-sample__natt.json
share-sample,sv,natt,incomplete,color-contrast,serious,wcag2aa wcag143,16,bgGradient:13; pseudoContent:3,".logo | a[aria-label=""Logga in""] | a[aria-label=""Priser""] | button:nth-child(2) | .night | .day | h2 | p | .btn | span:nth-child(1) > span:nth-child(1) | span[data-testid=""beta-build-label""] | span[data-testid=""footer-version""] | span[data-testid=""footer-company""] > span | a[href=""mailto:kevin@tale-forge.app""] | a[href$=""integritet""] | a[href$=""villkor""]",axe/share-sample__natt.json
share-sample,sv,natt,incomplete,label-content-name-mismatch,serious,wcag21a wcag253,1,valueText:1,.tt,axe/share-sample__natt.json
signup,en,morgon,violation,color-contrast,serious,wcag2aa wcag143,3,color-contrast:3,"span[data-testid=""beta-build-label""] | span[data-testid=""footer-version""] | span[data-testid=""footer-company""] > span",axe/signup__en__morgon.json
signup,en,morgon,violation,region,moderate,best-practice,1,region:1,.foot,axe/signup__en__morgon.json
signup,en,morgon,incomplete,color-contrast,serious,wcag2aa wcag143,18,pseudoContent:12; imgNode:5; bgGradient:1,".logo | a[aria-label=""Login""] | a[aria-label=""Pricing""] | button[type=""button""]:nth-child(1) | .night | .day | h1 | .lede | .btn-ghost | .glass > div:nth-child(4) | label[for=""auth-email""] | #auth-email | label[for=""auth-password""] | #auth-password | label[for=""signup-attest""] > span | div:nth-child(4) > a[href$=""integritet""] | p:nth-child(6) | p:nth-child(6) > a[href$=""login""]",axe/signup__en__morgon.json
signup,en,morgon,incomplete,label-content-name-mismatch,serious,wcag21a wcag253,1,valueText:1,.tt,axe/signup__en__morgon.json
signup,en,natt,violation,region,moderate,best-practice,1,region:1,.foot,axe/signup__en__natt.json
signup,en,natt,incomplete,color-contrast,serious,wcag2aa wcag143,18,pseudoContent:12; bgGradient:6,".logo | a[aria-label=""Login""] | a[aria-label=""Pricing""] | button[type=""button""]:nth-child(1) | .night | .day | h1 | .lede | .btn-ghost | .glass > div:nth-child(4) | label[for=""auth-email""] | #auth-email | label[for=""auth-password""] | #auth-password | label[for=""signup-attest""] > span | div:nth-child(4) > a[href$=""integritet""] | p:nth-child(6) | p:nth-child(6) > a[href$=""login""]",axe/signup__en__natt.json
signup,en,natt,incomplete,label-content-name-mismatch,serious,wcag21a wcag253,1,valueText:1,.tt,axe/signup__en__natt.json
signup,sv,morgon,violation,color-contrast,serious,wcag2aa wcag143,3,color-contrast:3,"span[data-testid=""beta-build-label""] | span[data-testid=""footer-version""] | span[data-testid=""footer-company""] > span",axe/signup__morgon.json
signup,sv,morgon,violation,region,moderate,best-practice,1,region:1,.foot,axe/signup__morgon.json
signup,sv,morgon,incomplete,color-contrast,serious,wcag2aa wcag143,18,pseudoContent:12; imgNode:5; bgGradient:1,".logo | a[aria-label=""Logga in""] | a[aria-label=""Priser""] | button[type=""button""]:nth-child(2) | .night | .day | h1 | .lede | .btn-ghost | .glass > div:nth-child(4) | label[for=""auth-email""] | #auth-email | label[for=""auth-password""] | #auth-password | label[for=""signup-attest""] > span | div:nth-child(4) > a[href$=""integritet""] | p:nth-child(6) | p:nth-child(6) > a[href$=""login""]",axe/signup__morgon.json
signup,sv,morgon,incomplete,label-content-name-mismatch,serious,wcag21a wcag253,1,valueText:1,.tt,axe/signup__morgon.json
signup,sv,natt,violation,region,moderate,best-practice,1,region:1,.foot,axe/signup__natt.json
signup,sv,natt,incomplete,color-contrast,serious,wcag2aa wcag143,18,pseudoContent:12; bgGradient:6,".logo | a[aria-label=""Logga in""] | a[aria-label=""Priser""] | button[type=""button""]:nth-child(2) | .night | .day | h1 | .lede | .btn-ghost | .glass > div:nth-child(4) | label[for=""auth-email""] | #auth-email | label[for=""auth-password""] | #auth-password | label[for=""signup-attest""] > span | div:nth-child(4) > a[href$=""integritet""] | p:nth-child(6) | p:nth-child(6) > a[href$=""login""]",axe/signup__natt.json
signup,sv,natt,incomplete,label-content-name-mismatch,serious,wcag21a wcag253,1,valueText:1,.tt,axe/signup__natt.json
start,en,morgon,violation,region,moderate,best-practice,1,region:1,.foot,axe/start__en__morgon.json
start,en,morgon,incomplete,color-contrast,serious,wcag2aa wcag143,21,imgNode:19; bgGradient:2,".logo | a[aria-label=""Login""] | a[aria-label=""Pricing""] | .language-switcher > button:nth-child(1) | .night | .day | .kicker | h1 | .grad | p | .btn-primary | .btn-ghost | b | .badge > div > span | span:nth-child(1) > span:nth-child(1) | span[data-testid=""beta-build-label""] | span[data-testid=""footer-version""] | span[data-testid=""footer-company""] > span | a[href=""mailto:kevin@tale-forge.app""] | a[href$=""integritet""] | a[href$=""villkor""]",axe/start__en__morgon.json
start,en,morgon,incomplete,label-content-name-mismatch,serious,wcag21a wcag253,1,valueText:1,.tt,axe/start__en__morgon.json
start,en,natt,violation,region,moderate,best-practice,1,region:1,.foot,axe/start__en__natt.json
start,en,natt,incomplete,color-contrast,serious,wcag2aa wcag143,21,bgGradient:20; imgNode:1,".logo | a[aria-label=""Login""] | a[aria-label=""Pricing""] | .language-switcher > button:nth-child(1) | .night | .day | .kicker | h1 | .grad | p | .btn-primary | .btn-ghost | b | .badge > div > span | span:nth-child(1) > span:nth-child(1) | span[data-testid=""beta-build-label""] | span[data-testid=""footer-version""] | span[data-testid=""footer-company""] > span | a[href=""mailto:kevin@tale-forge.app""] | a[href$=""integritet""] | a[href$=""villkor""]",axe/start__en__natt.json
start,en,natt,incomplete,label-content-name-mismatch,serious,wcag21a wcag253,1,valueText:1,.tt,axe/start__en__natt.json
start,sv,morgon,violation,region,moderate,best-practice,1,region:1,.foot,axe/start__morgon.json
start,sv,morgon,incomplete,color-contrast,serious,wcag2aa wcag143,21,imgNode:19; bgGradient:2,".logo | a[aria-label=""Logga in""] | a[aria-label=""Priser""] | .language-switcher > button:nth-child(2) | .night | .day | .kicker | h1 | .grad | p | .btn-primary | .btn-ghost | b | .badge > div > span | span:nth-child(1) > span:nth-child(1) | span[data-testid=""beta-build-label""] | span[data-testid=""footer-version""] | span[data-testid=""footer-company""] > span | a[href=""mailto:kevin@tale-forge.app""] | a[href$=""integritet""] | a[href$=""villkor""]",axe/start__morgon.json
start,sv,morgon,incomplete,label-content-name-mismatch,serious,wcag21a wcag253,1,valueText:1,.tt,axe/start__morgon.json
start,sv,natt,violation,region,moderate,best-practice,1,region:1,.foot,axe/start__natt.json
start,sv,natt,incomplete,color-contrast,serious,wcag2aa wcag143,21,bgGradient:20; imgNode:1,".logo | a[aria-label=""Logga in""] | a[aria-label=""Priser""] | .language-switcher > button:nth-child(2) | .night | .day | .kicker | h1 | .grad | p | .btn-primary | .btn-ghost | b | .badge > div > span | span:nth-child(1) > span:nth-child(1) | span[data-testid=""beta-build-label""] | span[data-testid=""footer-version""] | span[data-testid=""footer-company""] > span | a[href=""mailto:kevin@tale-forge.app""] | a[href$=""integritet""] | a[href$=""villkor""]",axe/start__natt.json
start,sv,natt,incomplete,label-content-name-mismatch,serious,wcag21a wcag253,1,valueText:1,.tt,axe/start__natt.json
uppgradera,en,morgon,violation,color-contrast,serious,wcag2aa wcag143,3,color-contrast:3,"span[data-testid=""beta-build-label""] | span[data-testid=""footer-version""] | span[data-testid=""footer-company""] > span",axe/uppgradera__en__morgon.json
uppgradera,en,morgon,violation,label-content-name-mismatch,serious,wcag21a wcag253,1,label-content-name-mismatch:1,.upgrade-sample-link,axe/uppgradera__en__morgon.json
uppgradera,en,morgon,violation,region,moderate,best-practice,1,region:1,.foot,axe/uppgradera__en__morgon.json
uppgradera,en,morgon,incomplete,color-contrast,serious,wcag2aa wcag143,25,pseudoContent:17; imgNode:7; bgGradient:1,".logo | a[aria-label=""Login""] | a[aria-label=""Pricing""] | .language-switcher > button:nth-child(1) | .night | .day | h1 | .glass:nth-child(1) > p | #included-heading | figcaption | .upgrade-proof-list > li:nth-child(1) | .upgrade-proof-list > li:nth-child(2) | li:nth-child(3) | li:nth-child(4) | li:nth-child(5) | .trait-row:nth-child(3) > .trait:nth-child(1) | .on | .glass:nth-child(4) > .sec-head > h2 | .glass:nth-child(4) > p:nth-child(2) | p:nth-child(3) | p:nth-child(4) | .glass:nth-child(4) > ul > li:nth-child(1) | .glass:nth-child(4) > ul > li:nth-child(2) | p:nth-child(6) | .btn",axe/uppgradera__en__morgon.json
uppgradera,en,morgon,incomplete,label-content-name-mismatch,serious,wcag21a wcag253,1,valueText:1,.tt,axe/uppgradera__en__morgon.json
uppgradera,en,natt,violation,label-content-name-mismatch,serious,wcag21a wcag253,1,label-content-name-mismatch:1,.upgrade-sample-link,axe/uppgradera__en__natt.json
uppgradera,en,natt,violation,region,moderate,best-practice,1,region:1,.foot,axe/uppgradera__en__natt.json
uppgradera,en,natt,incomplete,color-contrast,serious,wcag2aa wcag143,25,pseudoContent:17; bgGradient:8,".logo | a[aria-label=""Login""] | a[aria-label=""Pricing""] | .language-switcher > button:nth-child(1) | .night | .day | h1 | .glass:nth-child(1) > p | #included-heading | figcaption | .upgrade-proof-list > li:nth-child(1) | .upgrade-proof-list > li:nth-child(2) | li:nth-child(3) | li:nth-child(4) | li:nth-child(5) | .trait-row:nth-child(3) > .trait:nth-child(1) | .on | .glass:nth-child(4) > .sec-head > h2 | .glass:nth-child(4) > p:nth-child(2) | p:nth-child(3) | p:nth-child(4) | .glass:nth-child(4) > ul > li:nth-child(1) | .glass:nth-child(4) > ul > li:nth-child(2) | p:nth-child(6) | .btn",axe/uppgradera__en__natt.json
uppgradera,en,natt,incomplete,label-content-name-mismatch,serious,wcag21a wcag253,1,valueText:1,.tt,axe/uppgradera__en__natt.json
uppgradera,sv,morgon,violation,color-contrast,serious,wcag2aa wcag143,3,color-contrast:3,"span[data-testid=""beta-build-label""] | span[data-testid=""footer-version""] | span[data-testid=""footer-company""] > span",axe/uppgradera__morgon.json
uppgradera,sv,morgon,violation,label-content-name-mismatch,serious,wcag21a wcag253,1,label-content-name-mismatch:1,.upgrade-sample-link,axe/uppgradera__morgon.json
uppgradera,sv,morgon,violation,region,moderate,best-practice,1,region:1,.foot,axe/uppgradera__morgon.json
uppgradera,sv,morgon,incomplete,color-contrast,serious,wcag2aa wcag143,25,pseudoContent:17; imgNode:7; bgGradient:1,".logo | a[aria-label=""Logga in""] | a[aria-label=""Priser""] | .language-switcher > button:nth-child(2) | .night | .day | h1 | .glass:nth-child(1) > p | #included-heading | figcaption | .upgrade-proof-list > li:nth-child(1) | .upgrade-proof-list > li:nth-child(2) | li:nth-child(3) | li:nth-child(4) | li:nth-child(5) | .trait-row:nth-child(3) > .trait:nth-child(1) | .on | .glass:nth-child(4) > .sec-head > h2 | .glass:nth-child(4) > p:nth-child(2) | p:nth-child(3) | p:nth-child(4) | .glass:nth-child(4) > ul > li:nth-child(1) | .glass:nth-child(4) > ul > li:nth-child(2) | p:nth-child(6) | .btn",axe/uppgradera__morgon.json
uppgradera,sv,morgon,incomplete,label-content-name-mismatch,serious,wcag21a wcag253,1,valueText:1,.tt,axe/uppgradera__morgon.json
uppgradera,sv,natt,violation,label-content-name-mismatch,serious,wcag21a wcag253,1,label-content-name-mismatch:1,.upgrade-sample-link,axe/uppgradera__natt.json
uppgradera,sv,natt,violation,region,moderate,best-practice,1,region:1,.foot,axe/uppgradera__natt.json
uppgradera,sv,natt,incomplete,color-contrast,serious,wcag2aa wcag143,25,pseudoContent:17; bgGradient:8,".logo | a[aria-label=""Logga in""] | a[aria-label=""Priser""] | .language-switcher > button:nth-child(2) | .night | .day | h1 | .glass:nth-child(1) > p | #included-heading | figcaption | .upgrade-proof-list > li:nth-child(1) | .upgrade-proof-list > li:nth-child(2) | li:nth-child(3) | li:nth-child(4) | li:nth-child(5) | .trait-row:nth-child(3) > .trait:nth-child(1) | .on | .glass:nth-child(4) > .sec-head > h2 | .glass:nth-child(4) > p:nth-child(2) | p:nth-child(3) | p:nth-child(4) | .glass:nth-child(4) > ul > li:nth-child(1) | .glass:nth-child(4) > ul > li:nth-child(2) | p:nth-child(6) | .btn",axe/uppgradera__natt.json
uppgradera,sv,natt,incomplete,label-content-name-mismatch,serious,wcag21a wcag253,1,valueText:1,.tt,axe/uppgradera__natt.json
villkor,en,morgon,violation,color-contrast,serious,wcag2aa wcag143,3,color-contrast:3,"span[data-testid=""beta-build-label""] | span[data-testid=""footer-version""] | span[data-testid=""footer-company""] > span",axe/villkor__en__morgon.json
villkor,en,morgon,violation,heading-order,moderate,best-practice,1,heading-order:1,"div[lang=""en""] > div:nth-child(2) > h3",axe/villkor__en__morgon.json
villkor,en,morgon,violation,region,moderate,best-practice,1,region:1,.foot,axe/villkor__en__morgon.json
villkor,en,morgon,incomplete,color-contrast,serious,wcag2aa wcag143,36,pseudoContent:30; imgNode:5; bgGradient:1,".logo | a[aria-label=""Login""] | a[aria-label=""Pricing""] | button:nth-child(1) | .night | .day | h1 | .lede | div[lang=""en""] > span | div[lang=""en""] > div:nth-child(2) > h3 | div[lang=""en""] > div:nth-child(2) > .prose-plain | div[lang=""en""] > div:nth-child(2) > .prose-plain > a[href=""mailto:kevin@tale-forge.app""] | div[lang=""en""] > div:nth-child(3) > h3 | div[lang=""en""] > div:nth-child(3) > .prose-plain | div[lang=""en""] > div:nth-child(3) > .prose-plain > a[href$=""integritet""] | div[lang=""en""] > div:nth-child(4) > h3 | div[lang=""en""] > div:nth-child(4) > .prose-plain:nth-child(2) | div[lang=""en",axe/villkor__en__morgon.json
villkor,en,morgon,incomplete,label-content-name-mismatch,serious,wcag21a wcag253,1,valueText:1,.tt,axe/villkor__en__morgon.json
villkor,en,natt,violation,heading-order,moderate,best-practice,1,heading-order:1,"div[lang=""en""] > div:nth-child(2) > h3",axe/villkor__en__natt.json
villkor,en,natt,violation,region,moderate,best-practice,1,region:1,.foot,axe/villkor__en__natt.json
villkor,en,natt,incomplete,color-contrast,serious,wcag2aa wcag143,36,pseudoContent:30; bgGradient:6,".logo | a[aria-label=""Login""] | a[aria-label=""Pricing""] | button:nth-child(1) | .night | .day | h1 | .lede | div[lang=""en""] > span | div[lang=""en""] > div:nth-child(2) > h3 | div[lang=""en""] > div:nth-child(2) > .prose-plain | div[lang=""en""] > div:nth-child(2) > .prose-plain > a[href=""mailto:kevin@tale-forge.app""] | div[lang=""en""] > div:nth-child(3) > h3 | div[lang=""en""] > div:nth-child(3) > .prose-plain | div[lang=""en""] > div:nth-child(3) > .prose-plain > a[href$=""integritet""] | div[lang=""en""] > div:nth-child(4) > h3 | div[lang=""en""] > div:nth-child(4) > .prose-plain:nth-child(2) | div[lang=""en",axe/villkor__en__natt.json
villkor,en,natt,incomplete,label-content-name-mismatch,serious,wcag21a wcag253,1,valueText:1,.tt,axe/villkor__en__natt.json
villkor,sv,morgon,violation,color-contrast,serious,wcag2aa wcag143,3,color-contrast:3,"span[data-testid=""beta-build-label""] | span[data-testid=""footer-version""] | span[data-testid=""footer-company""] > span",axe/villkor__morgon.json
villkor,sv,morgon,violation,heading-order,moderate,best-practice,1,heading-order:1,"div[lang=""sv""] > div:nth-child(2) > h3",axe/villkor__morgon.json
villkor,sv,morgon,violation,region,moderate,best-practice,1,region:1,.foot,axe/villkor__morgon.json
villkor,sv,morgon,incomplete,color-contrast,serious,wcag2aa wcag143,36,pseudoContent:30; imgNode:5; bgGradient:1,".logo | a[aria-label=""Logga in""] | a[aria-label=""Priser""] | button:nth-child(2) | .night | .day | h1 | .lede | div[lang=""sv""] > span | div[lang=""sv""] > div:nth-child(2) > h3 | div[lang=""sv""] > div:nth-child(2) > .prose-plain | div[lang=""sv""] > div:nth-child(2) > .prose-plain > a[href=""mailto:kevin@tale-forge.app""] | div[lang=""sv""] > div:nth-child(3) > h3 | div[lang=""sv""] > div:nth-child(3) > .prose-plain | div[lang=""sv""] > div:nth-child(3) > .prose-plain > a[href$=""integritet""] | div[lang=""sv""] > div:nth-child(4) > h3 | div[lang=""sv""] > div:nth-child(4) > .prose-plain:nth-child(2) | div[lang=""",axe/villkor__morgon.json
villkor,sv,morgon,incomplete,label-content-name-mismatch,serious,wcag21a wcag253,1,valueText:1,.tt,axe/villkor__morgon.json
villkor,sv,natt,violation,heading-order,moderate,best-practice,1,heading-order:1,"div[lang=""sv""] > div:nth-child(2) > h3",axe/villkor__natt.json
villkor,sv,natt,violation,region,moderate,best-practice,1,region:1,.foot,axe/villkor__natt.json
villkor,sv,natt,incomplete,color-contrast,serious,wcag2aa wcag143,36,pseudoContent:30; bgGradient:6,".logo | a[aria-label=""Logga in""] | a[aria-label=""Priser""] | button:nth-child(2) | .night | .day | h1 | .lede | div[lang=""sv""] > span | div[lang=""sv""] > div:nth-child(2) > h3 | div[lang=""sv""] > div:nth-child(2) > .prose-plain | div[lang=""sv""] > div:nth-child(2) > .prose-plain > a[href=""mailto:kevin@tale-forge.app""] | div[lang=""sv""] > div:nth-child(3) > h3 | div[lang=""sv""] > div:nth-child(3) > .prose-plain | div[lang=""sv""] > div:nth-child(3) > .prose-plain > a[href$=""integritet""] | div[lang=""sv""] > div:nth-child(4) > h3 | div[lang=""sv""] > div:nth-child(4) > .prose-plain:nth-child(2) | div[lang=""",axe/villkor__natt.json
villkor,sv,natt,incomplete,label-content-name-mismatch,serious,wcag21a wcag253,1,valueText:1,.tt,axe/villkor__natt.json
