page,theme,http_status,requests,total_KB,document_n,document_KB,stylesheet_n,stylesheet_KB,script_n,script_KB,font_n,font_KB,image_n,image_KB,media_n,media_KB,fetch_n,fetch_KB
home,natt,200,45,1605.0,1,11.3,1,12.9,13,356.3,4,147.3,19,1075.9,0,0,7,1.4
home,morgon,200,45,1605.1,1,11.3,1,12.9,13,356.3,4,147.3,19,1075.9,0,0,7,1.5
start,natt,200,38,1123.2,1,5.6,4,24.5,16,393.6,4,147.3,5,551.8,0,0,8,0.5
start,morgon,200,38,1124.3,1,5.6,4,24.5,16,393.6,4,147.3,5,551.8,0,0,8,1.5
uppgradera,natt,200,30,773.8,1,6.6,1,12.9,13,349.9,4,147.3,4,255.8,0,0,7,1.3
uppgradera,morgon,200,30,774.9,1,6.6,1,12.9,13,349.9,4,147.3,4,255.8,0,0,7,2.4
login,natt,200,31,765.3,1,6.3,1,12.9,13,346.4,4,147.3,3,251.0,0,0,9,1.4
login,morgon,200,31,765.1,1,6.3,1,12.9,13,346.4,4,147.3,3,251.0,0,0,9,1.3
signup,natt,200,32,765.4,1,6.5,1,12.9,13,346.4,4,147.3,3,251.0,0,0,10,1.3
signup,morgon,200,32,766.5,1,6.5,1,12.9,13,346.4,4,147.3,3,251.0,0,0,10,2.4
integritet,natt,200,29,762.9,1,11.2,1,12.9,12,340.1,4,147.3,3,251.0,0,0,8,0.5
integritet,morgon,200,29,762.7,1,11.2,1,12.9,12,340.1,4,147.3,3,251.0,0,0,8,0.2
villkor,natt,200,29,761.6,1,9.9,1,12.9,12,340.1,4,147.3,3,251.0,0,0,8,0.5
villkor,morgon,200,29,761.4,1,9.9,1,12.9,12,340.1,4,147.3,3,251.0,0,0,8,0.2
404,natt,404,29,757.6,1,5.0,1,12.9,12,340.1,4,147.3,3,251.0,0,0,8,1.4
404,morgon,404,29,756.6,1,5.0,1,12.9,12,340.1,4,147.3,3,251.0,0,0,8,0.4
share-sample,natt,404,30,760.8,1,4.1,2,18.1,12,340.1,4,147.3,3,251.0,0,0,8,0.2
share-sample,morgon,404,30,760.8,1,4.1,2,18.1,12,340.1,4,147.3,3,251.0,0,0,8,0.2
