file,byte_offset,kind,delay_ms,snippet
source/js/0ad0wel9cyv30.js,16181,setTimeout,0,"=!1,l()):n=!1}}}let l=()=>{!a||(n=!0,r||null!==i||(i=window.setTimeout(()=>{i=null,a&&(n=!1,s())},0)))},o=null"
source/js/0ad0wel9cyv30.js,29209,setTimeout,0,"eEffect)(()=>{if(0!==d||!e.portraitBase64||U())return;let t=setTimeout(()=>k(!0),0),a=setTime"
source/js/0ad0wel9cyv30.js,29235,setTimeout,460,".portraitBase64||U())return;let t=setTimeout(()=>k(!0),0),a=setTimeout(()=>k(!1),460);return()="
source/js/0ad0wel9cyv30.js,29426,setTimeout,t,"y.current)clearTimeout(e)},[]);let E=(e,t)=>{y.current.push(setTimeout(e,t))},P=[""eas"
source/js/0ad0wel9cyv30.js,12091,prefers-reduced-motion,,"""2.1s""},{vl:""52%"",vs:""4px"",vd:""3.0s""}];function U(){try{return""function""==typeof window.matchMedia&&window.matchMedia(""(prefers-reduced-motion: reduce)"").matches}catch{return!1}}e.i(42958);var V=e.i(18149),z=e.i(51322),J=e.i(80937),Y=e.i(83876),K=e.i(67711),q=e.i(99026),Q=e.i(560"
source/js/0c0hxoamwjsbw.js,96606,setTimeout,0,"""))[Oy]=function(){De.removeChild(this),xy(t)}}:function(t){setTimeout(Ry(t),0)});var jy="
source/js/1hcx0qn-qjgfn.js,15974,setTimeout,u,"tMs,g=void 0!==u?new AbortController:void 0,h=void 0!==u&&g?setTimeout(()=>g.abort(),u):void 0;tr"
source/js/1pgfdvt65g9p-.js,37332,setTimeout,400,",0,function(){d+=1;let e=!1;return()=>{e||(e=!0,d-=1,window.setTimeout(()=>{0===d&&s?.pause()},400))}},""clamp"
source/js/1pgfdvt65g9p-.js,23566,requestAnimationFrame,,"}function em(e){er&&er!==e&&eb(er),er=e,e.state=""lifting"",e.t=0,e.liftFromX=e.x,e.liftFromY=e.y,d.onMemOpen(e.mem),eu(),requestAnimationFrame(()=>requestAnimationFrame(eu));let t=eg();e.liftToX=t.x,e.liftToY=t.y}function eb(e){(""lifted""===e.state||""lifting""===e.state)&&(e.state="""
source/js/1pgfdvt65g9p-.js,23592,requestAnimationFrame,,"&&eb(er),er=e,e.state=""lifting"",e.t=0,e.liftFromX=e.x,e.liftFromY=e.y,d.onMemOpen(e.mem),eu(),requestAnimationFrame(()=>requestAnimationFrame(eu));let t=eg();e.liftToX=t.x,e.liftToY=t.y}function eb(e){(""lifted""===e.state||""lifting""===e.state)&&(e.state=""settling"",e.t=0,e.setFromX"
source/js/1pgfdvt65g9p-.js,25137,requestAnimationFrame,,"d"",eR=1,eY=!1;function eG(){return""bake""===eE&&F?Math.min(eR,.27*P/Math.max(1,F.flameH)):1}function eH(e){let t,l;if(eF=requestAnimationFrame(eH),M&&!T&&e-ek<28)return;let a=Math.min((e-ek)/1e3,.1);if(ek=e,eP+=a,!F)return;""bake""!==eE&&(eW+=a);let r=eO[eI];T?eR=r:eR+=Math.max(-(.3"
source/js/1pgfdvt65g9p-.js,32997,requestAnimationFrame,,"eE=""book"",eW=0,eS||(eS=!0,d.onCaptionVisible())))}}(a),M&&T&&eL()}function eq(){null!==eF||e$||(ek=performance.now(),eF=requestAnimationFrame(eH))}function eL(){null!==eF&&(cancelAnimationFrame(eF),eF=null)}let eD=()=>{document.hidden?eL():(F&&el(),eq())};document.addEventListene"
source/js/1pgfdvt65g9p-.js,33050,cancelAnimationFrame,,"),M&&T&&eL()}function eq(){null!==eF||e$||(ek=performance.now(),eF=requestAnimationFrame(eH))}function eL(){null!==eF&&(cancelAnimationFrame(eF),eF=null)}let eD=()=>{document.hidden?eL():(F&&el(),eq())};document.addEventListener(""visibilitychange"",eD);let ez=()=>{F&&el(),document"
source/js/1pgfdvt65g9p-.js,32976,performance.now(),,"),e&&eW>(T?.4:2.3)&&(eE=""book"",eW=0,eS||(eS=!0,d.onCaptionVisible())))}}(a),M&&T&&eL()}function eq(){null!==eF||e$||(ek=performance.now(),eF=requestAnimationFrame(eH))}function eL(){null!==eF&&(cancelAnimationFrame(eF),eF=null)}let eD=()=>{document.hidden?eL():(F&&el(),eq())};doc"
source/js/22z1pob1pifku.js,14607,setTimeout,0,"meout:i}catch(e){r=i}function a(e){if(t===setTimeout)return setTimeout(e,0);if((t===u"
source/js/22z1pob1pifku.js,14670,setTimeout,0,"Timeout(e,0);if((t===u||!t)&&setTimeout)return t=setTimeout,setTimeout(e,0);try{retur"
source/js/26ye0kuppitcn.js,26387,setTimeout,u,"tMs,p=void 0!==u?new AbortController:void 0,m=void 0!==u&&p?setTimeout(()=>p.abort(),u):void 0;tr"
source/js/2j_-r8q4tgdka.js,3685,setTimeout,1000,"eady&&n.coverReady&&n.criticalPathReady&&!A.current&&!s&&(s=setTimeout(()=>{s=null,r(e)},1e3))))}).catc"
source/js/2j_-r8q4tgdka.js,39847,setTimeout,900,"let e=R.current;if(""note""===f){if(e?.isLive()){let t=window.setTimeout(()=>e.liftFirstEmber(),900);return()="
source/js/2j_-r8q4tgdka.js,40004,setTimeout,500,"l),U(!0)}else if(""finale""===f){if(e?.isLive()){let t=window.setTimeout(()=>e.startClimax(),500);return()="
source/js/2j_-r8q4tgdka.js,3785,setInterval,2500,"atch(()=>{F.current===t&&(a+=1)>=4&&T(""stuck"")})};i();let l=setInterval(()=>{if(F.current!==t)return;let e=B.current;""failed""===e||""gated""===e||""stuck""===e||A.current?clearInterval(l):i()},2500);return()="
source/js/2j_-r8q4tgdka.js,4346,setInterval,20000,",capacity:r,pendingSinceMs:t,nowMs:Date.now()}))};r();let a=setInterval(()=>void r(),2e4);return()="
source/js/2j_-r8q4tgdka.js,38637,prefers-reduced-motion,,"=L.current,s=C.current;if(!e||!t||!r||!a||!n||!s)return;let i=""function""==typeof window.matchMedia&&window.matchMedia(""(prefers-reduced-motion: reduce)"").matches,l=()=>""morgon""===document.body.dataset.theme?""morgon"":""natt"",o=(0,c.createGlodScene)({stage:e,canvas:t,memWrap:r,memEm"
source/js/2x2s34sgoij7z.js,2981,setTimeout,c,"tMs,m=void 0!==c?new AbortController:void 0,g=void 0!==c&&m?setTimeout(()=>m.abort(),c):void 0;tr"
source/js/2x2s34sgoij7z.js,5220,setTimeout,e,"rn{outcome:""stuck""};await function(e){return new Promise(t=>setTimeout(t,e))}(s)}}e.s"
source/js/36tbz-w9v-p8v.js,26688,setTimeout,900,"ready&&(null!==V.current&&clearTimeout(V.current),V.current=setTimeout(()=>{V.current=null,X(e.toPageId)},900))}}),(0,t."
source/js/36tbz-w9v-p8v.js,29314,setTimeout,u,"tMs,p=void 0!==u?new AbortController:void 0,m=void 0!==u&&p?setTimeout(()=>p.abort(),u):void 0;tr"
source/js/36tbz-w9v-p8v.js,23760,setInterval,2500,"||!e||Y.current.pageId===J&&y(e)}).catch(()=>{})};r();let n=setInterval(r,2500);return()="
source/js/36tbz-w9v-p8v.js,19683,prefers-reduced-motion,,"fect)(()=>{let t=e.current,a=r.current;if(!t||!a)return;let n=""function""==typeof window.matchMedia&&window.matchMedia(""(prefers-reduced-motion: reduce)"").matches,i=()=>""morgon""===document.body.dataset.theme?""morgon"":""natt"",s=(0,B.createGlodScene)({stage:t,canvas:a,memWrap:documen"
source/js/3d9nxlx1n5pdy.js,13034,setTimeout,300,"current=e,h(a),A.current&&clearTimeout(A.current),A.current=setTimeout(()=>h(null),300)}i(e),o(!0"
source/js/3d9nxlx1n5pdy.js,13414,setTimeout,6000,"t(x.current),y.current){w.current=!1,p(!1);return}x.current=setTimeout(()=>{w.current=!1,p(!1),M()},6e3)};return(0"
source/js/3d9nxlx1n5pdy.js,13775,setTimeout,600,"(e=>{e.some(e=>e.isIntersecting)&&(a.disconnect(),S.current=setTimeout(()=>{B(""AA""),M()},600))},{thresh"
source/js/3d9nxlx1n5pdy.js,13175,setInterval,4500,"t),j.current=null)},M=()=>{y.current||j.current||(j.current=setInterval(()=>{w.current||B(c[(c.indexOf(f.current)+1)%c.length])},4500))},L=e=>{w"
source/js/3d9nxlx1n5pdy.js,13695,IntersectionObserver,,"otion: reduce)"").matches,y.current||""u""<typeof IntersectionObserver)return;let e=v.current;if(!e)return;o(!1);let a=new IntersectionObserver(e=>{e.some(e=>e.isIntersecting)&&(a.disconnect(),S.current=setTimeout(()=>{B(""AA""),M()},600))},{threshold:.4});return a.observe(e),()=>{a.d"
source/js/3d9nxlx1n5pdy.js,13558,prefers-reduced-motion,,"t=!1,p(!1),M()},6e3)};return(0,n.useEffect)(()=>{if(y.current=""function""==typeof window.matchMedia&&window.matchMedia(""(prefers-reduced-motion: reduce)"").matches,y.current||""u""<typeof IntersectionObserver)return;let e=v.current;if(!e)return;o(!1);let a=new IntersectionObserver(e="
