source,selector,at_rule,property,value
source/css/3q17cp_jgfwol.pretty.css:500,"body[data-theme=""natt""]",,--card-blur,22px
source/css/3q17cp_jgfwol.pretty.css:549,"body[data-theme=""morgon""]",,--card-blur,24px
source/css/3q17cp_jgfwol.pretty.css:839,.kicker,,-webkit-backdrop-filter,blur(10px)
source/css/3q17cp_jgfwol.pretty.css:840,.kicker,,backdrop-filter,blur(10px)
source/css/3q17cp_jgfwol.pretty.css:922,.btn-ghost,,-webkit-backdrop-filter,blur(14px)
source/css/3q17cp_jgfwol.pretty.css:923,.btn-ghost,,backdrop-filter,blur(14px)
source/css/3q17cp_jgfwol.pretty.css:983,.fan .badge,,-webkit-backdrop-filter,blur(var(--card-blur))
source/css/3q17cp_jgfwol.pretty.css:984,.fan .badge,,backdrop-filter,blur(var(--card-blur))
source/css/3q17cp_jgfwol.pretty.css:1091,.sec-chip,,-webkit-backdrop-filter,blur(10px)
source/css/3q17cp_jgfwol.pretty.css:1092,.sec-chip,,backdrop-filter,blur(10px)
source/css/3q17cp_jgfwol.pretty.css:1112,.glass,,-webkit-backdrop-filter,blur(var(--card-blur))
source/css/3q17cp_jgfwol.pretty.css:1113,.glass,,backdrop-filter,blur(var(--card-blur))
source/css/3q17cp_jgfwol.pretty.css:1786,.reader-img .art-bg,,filter,blur(26px) saturate(1.08)
source/css/3q17cp_jgfwol.pretty.css:2391,.create-customize,,-webkit-backdrop-filter,blur(var(--card-blur))
source/css/3q17cp_jgfwol.pretty.css:2392,.create-customize,,backdrop-filter,blur(var(--card-blur))
source/css/3q17cp_jgfwol.pretty.css:2687,.hiw-ai-chip,,-webkit-backdrop-filter,blur(10px)
source/css/3q17cp_jgfwol.pretty.css:2688,.hiw-ai-chip,,backdrop-filter,blur(10px)
source/css/3q17cp_jgfwol.pretty.css:3091,.hiw-memory-tag,,-webkit-backdrop-filter,blur(var(--card-blur))
source/css/3q17cp_jgfwol.pretty.css:3092,.hiw-memory-tag,,backdrop-filter,blur(var(--card-blur))
source/css/2h1wwdz1nvxwk.pretty.css:242,.cs-sheetwrap,,-webkit-backdrop-filter,blur(6px)
source/css/2h1wwdz1nvxwk.pretty.css:243,.cs-sheetwrap,,backdrop-filter,blur(6px)
source/css/37m388zf6rymp.pretty.css:36,.glod-ambient canvas,,filter,blur(3px) saturate(0.94)
source/css/37m388zf6rymp.pretty.css:779,.glod-sound,,-webkit-backdrop-filter,blur(4px)
source/css/37m388zf6rymp.pretty.css:780,.glod-sound,,backdrop-filter,blur(4px)
source/css/2_gt301v4m-60.pretty.css:239,.start-flow .pframe .veil,,-webkit-backdrop-filter,blur(8px)
source/css/2_gt301v4m-60.pretty.css:240,.start-flow .pframe .veil,,backdrop-filter,blur(8px)
source/css/2_gt301v4m-60.pretty.css:301,.start-flow .easel img,,filter,blur(26px) brightness(0.22) saturate(0)
source/css/2_gt301v4m-60.pretty.css:319,.start-flow .easel.ph1 img,,filter,blur(20px) brightness(0.5) saturate(0.15)
source/css/2_gt301v4m-60.pretty.css:322,.start-flow .easel.ph2 img,,filter,blur(7px) brightness(0.85) saturate(0.7)
source/css/2_gt301v4m-60.pretty.css:752,.start-flow .sheetwrap,,-webkit-backdrop-filter,blur(6px)
source/css/2_gt301v4m-60.pretty.css:753,.start-flow .sheetwrap,,backdrop-filter,blur(6px)
