source,byte_offset,property,value,context
source/js/0ad0wel9cyv30.js,7301,display,flex,"en it and you carry on right here, with the hero you just built.""}},E={display:""flex"",alignItems:""center"",gap:""12px"",minHeight:""44px"",fontFamily:""var(--ui)"
source/js/0ad0wel9cyv30.js,7336,gap,12px,"with the hero you just built.""}},E={display:""flex"",alignItems:""center"",gap:""12px"",minHeight:""44px"",fontFamily:""var(--ui)"",fontSize:""16px"",lineHeight:1."
source/js/0ad0wel9cyv30.js,7347,minHeight,44px,"ro you just built.""}},E={display:""flex"",alignItems:""center"",gap:""12px"",minHeight:""44px"",fontFamily:""var(--ui)"",fontSize:""16px"",lineHeight:1.45,color:""var(--c"
source/js/0ad0wel9cyv30.js,7481,width,24px,"ght:1.45,color:""var(--card-sub)"",cursor:""pointer"",textAlign:""left""},P={width:""24px"",height:""24px"",flexShrink:0,fontSize:""16px"",accentColor:""var(--accent)"
source/js/0ad0wel9cyv30.js,7494,height,24px,"r:""var(--card-sub)"",cursor:""pointer"",textAlign:""left""},P={width:""24px"",height:""24px"",flexShrink:0,fontSize:""16px"",accentColor:""var(--accent)"",cursor:""poin"
source/js/0ad0wel9cyv30.js,7586,display,inline-flex,"ink:0,fontSize:""16px"",accentColor:""var(--accent)"",cursor:""pointer""},B={display:""inline-flex"",alignItems:""center"",minHeight:""44px"",padding:""0 4px"",fontFamily:""var("
source/js/0ad0wel9cyv30.js,7628,minHeight,44px,"ccent)"",cursor:""pointer""},B={display:""inline-flex"",alignItems:""center"",minHeight:""44px"",padding:""0 4px"",fontFamily:""var(--ui)"",fontSize:"".9rem"",color:""var(--"
source/js/0ad0wel9cyv30.js,7645,padding,0 4px,"ointer""},B={display:""inline-flex"",alignItems:""center"",minHeight:""44px"",padding:""0 4px"",fontFamily:""var(--ui)"",fontSize:"".9rem"",color:""var(--accent)"",fontWei"
source/js/0ad0wel9cyv30.js,18237,maxWidth,600px,"ata-testid"":`start-screen-${e.currentScreen}`,className:""glass"",style:{maxWidth:""600px"",margin:""0 auto"",padding:""28px 22px"",display:""grid"",gap:""18px"",justify"
source/js/0ad0wel9cyv30.js,18254,margin,0 auto,"t-screen-${e.currentScreen}`,className:""glass"",style:{maxWidth:""600px"",margin:""0 auto"",padding:""28px 22px"",display:""grid"",gap:""18px"",justifyItems:""start""},c"
source/js/0ad0wel9cyv30.js,18270,padding,28px 22px,"rentScreen}`,className:""glass"",style:{maxWidth:""600px"",margin:""0 auto"",padding:""28px 22px"",display:""grid"",gap:""18px"",justifyItems:""start""},children:[(0,t.jsx)("""
source/js/0ad0wel9cyv30.js,18290,display,grid,"me:""glass"",style:{maxWidth:""600px"",margin:""0 auto"",padding:""28px 22px"",display:""grid"",gap:""18px"",justifyItems:""start""},children:[(0,t.jsx)(""p"",{style:{marg"
source/js/0ad0wel9cyv30.js,18305,gap,18px,"e:{maxWidth:""600px"",margin:""0 auto"",padding:""28px 22px"",display:""grid"",gap:""18px"",justifyItems:""start""},children:[(0,t.jsx)(""p"",{style:{margin:0,fontFa"
source/js/0ad0wel9cyv30.js,18370,margin,0,"grid"",gap:""18px"",justifyItems:""start""},children:[(0,t.jsx)(""p"",{style:{margin:0,fontFamily:""var(--ui)"",fontSize:"".95rem"",color:""var(--card-sub)""},chi"
source/js/0ad0wel9cyv30.js,20874,margin,0 0 4px,"ss"",children:[s?(0,t.jsx)(""p"",{""data-testid"":""s1-account-ready"",style:{margin:""0 0 4px"",fontFamily:""var(--ui)"",fontSize:"".9rem"",lineHeight:1.4,color:""var(--c"
source/js/0ad0wel9cyv30.js,21529,margin,10px 0 4px,"eBand:a.band}),children:a.label[i]},a.value)})}),(0,t.jsx)(""p"",{style:{margin:""10px 0 4px"",fontFamily:""var(--ui)"",fontSize:"".85rem"",lineHeight:1.4,color:""var(--"
source/js/0ad0wel9cyv30.js,23886,position,absolute,"mage/heic"",onChange:w,disabled:!u||b,""aria-label"":o.uploadLabel,style:{position:""absolute"",width:1,height:1,padding:0,margin:-1,overflow:""hidden"",clip:""rect(0 0"
source/js/0ad0wel9cyv30.js,23906,width,1,"w,disabled:!u||b,""aria-label"":o.uploadLabel,style:{position:""absolute"",width:1,height:1,padding:0,margin:-1,overflow:""hidden"",clip:""rect(0 0 0 0)"",w"
source/js/0ad0wel9cyv30.js,23914,height,1,"ed:!u||b,""aria-label"":o.uploadLabel,style:{position:""absolute"",width:1,height:1,padding:0,margin:-1,overflow:""hidden"",clip:""rect(0 0 0 0)"",whiteSpace"
source/js/0ad0wel9cyv30.js,23923,padding,0,"""aria-label"":o.uploadLabel,style:{position:""absolute"",width:1,height:1,padding:0,margin:-1,overflow:""hidden"",clip:""rect(0 0 0 0)"",whiteSpace:""nowrap"","
source/js/0ad0wel9cyv30.js,23933,margin,-1,"l"":o.uploadLabel,style:{position:""absolute"",width:1,height:1,padding:0,margin:-1,overflow:""hidden"",clip:""rect(0 0 0 0)"",whiteSpace:""nowrap"",border:0}}"
source/js/0ad0wel9cyv30.js,24139,width,100%," chosen"":""upload"",onClick:()=>d.current?.click(),disabled:!u||b,style:{width:""100%"",background:""transparent"",textAlign:""left"",fontFamily:""var(--ui)"",colo"
source/js/0ad0wel9cyv30.js,35850,display,grid,"):null,$?(0,t.jsxs)(""div"",{""data-testid"":""start-account-exists"",style:{display:""grid"",gap:""8px"",justifyItems:""start""},children:[(0,t.jsx)(""p"",{className:""t"
source/js/0ad0wel9cyv30.js,35865,gap,8px,"sxs)(""div"",{""data-testid"":""start-account-exists"",style:{display:""grid"",gap:""8px"",justifyItems:""start""},children:[(0,t.jsx)(""p"",{className:""trial-line"""
source/js/0ad0wel9cyv30.js,35952,margin,0,"yItems:""start""},children:[(0,t.jsx)(""p"",{className:""trial-line"",style:{margin:0},children:d.existingAccountLead}),(0,t.jsx)(""button"",{type:""button"",c"
source/js/0ad0wel9cyv30.js,36318,display,grid,"s)(""div"",{role:""alert"",""data-testid"":""start-moderation-blocked"",style:{display:""grid"",gap:""14px"",justifyItems:""start""},children:[(0,t.jsx)(""p"",{className:"""
source/js/0ad0wel9cyv30.js,36333,gap,14px,"""alert"",""data-testid"":""start-moderation-blocked"",style:{display:""grid"",gap:""14px"",justifyItems:""start""},children:[(0,t.jsx)(""p"",{className:""field-error"
source/js/0ad0wel9cyv30.js,36422,margin,0,"Items:""start""},children:[(0,t.jsx)(""p"",{className:""field-error"",style:{margin:0},children:O}),(0,t.jsx)(""button"",{type:""button"",className:""btn btn-pr"
source/js/0ad0wel9cyv30.js,36820,display,flex,":(0,t.jsxs)(t.Fragment,{children:[(0,t.jsxs)(""form"",{onSubmit:q,style:{display:""flex"",flexDirection:""column"",gap:""14px""},children:[(0,t.jsx)(""input"",{class"
source/js/0ad0wel9cyv30.js,36858,gap,14px,".jsxs)(""form"",{onSubmit:q,style:{display:""flex"",flexDirection:""column"",gap:""14px""},children:[(0,t.jsx)(""input"",{className:""field"",type:""email"",autoComp"
source/js/0ad0wel9cyv30.js,37102,position,relative,"e=>b(e.target.value),required:!0,disabled:E}),(0,t.jsxs)(""div"",{style:{position:""relative""},children:[(0,t.jsx)(""input"",{className:""field"",type:N?""text"":""passwo"
source/js/0ad0wel9cyv30.js,37513,position,absolute,"(e=>!e),""aria-label"":N?d.hidePassword:d.showPassword,disabled:E,style:{position:""absolute"",right:""2px"",top:""50%"",transform:""translateY(-50%)"",width:""44px"",heigh"
source/js/0ad0wel9cyv30.js,37533,right,2px,":N?d.hidePassword:d.showPassword,disabled:E,style:{position:""absolute"",right:""2px"",top:""50%"",transform:""translateY(-50%)"",width:""44px"",height:""44px"",pad"
source/js/0ad0wel9cyv30.js,37545,top,50%,"sword:d.showPassword,disabled:E,style:{position:""absolute"",right:""2px"",top:""50%"",transform:""translateY(-50%)"",width:""44px"",height:""44px"",padding:0,dis"
source/js/0ad0wel9cyv30.js,37555,transform,translateY(-50%),"owPassword,disabled:E,style:{position:""absolute"",right:""2px"",top:""50%"",transform:""translateY(-50%)"",width:""44px"",height:""44px"",padding:0,display:""grid"",placeItems:""cente"
source/js/0ad0wel9cyv30.js,37584,width,44px,"position:""absolute"",right:""2px"",top:""50%"",transform:""translateY(-50%)"",width:""44px"",height:""44px"",padding:0,display:""grid"",placeItems:""center"",border:""no"
source/js/0ad0wel9cyv30.js,37597,height,44px,"olute"",right:""2px"",top:""50%"",transform:""translateY(-50%)"",width:""44px"",height:""44px"",padding:0,display:""grid"",placeItems:""center"",border:""none"",background"
source/js/0ad0wel9cyv30.js,37611,padding,0,"2px"",top:""50%"",transform:""translateY(-50%)"",width:""44px"",height:""44px"",padding:0,display:""grid"",placeItems:""center"",border:""none"",background:""none"",co"
source/js/0ad0wel9cyv30.js,37621,display,grid,"50%"",transform:""translateY(-50%)"",width:""44px"",height:""44px"",padding:0,display:""grid"",placeItems:""center"",border:""none"",background:""none"",color:""var(--card"
source/js/0ad0wel9cyv30.js,37779,width,18,"b)"",cursor:""pointer""},children:N?(0,t.jsxs)(""svg"",{viewBox:""0 0 24 24"",width:""18"",height:""18"",fill:""none"",stroke:""currentColor"",strokeWidth:""2"",strokeL"
source/js/0ad0wel9cyv30.js,37790,height,18,"""pointer""},children:N?(0,t.jsxs)(""svg"",{viewBox:""0 0 24 24"",width:""18"",height:""18"",fill:""none"",stroke:""currentColor"",strokeWidth:""2"",strokeLinecap:""roun"
source/js/0ad0wel9cyv30.js,48177,display,flex,"{e.artifactId}?from=create`:""/create"")},children:i.open})})]})})}},eg={display:""flex"",alignItems:""center"",gap:""14px"",maxWidth:""600px"",margin:""0 auto 22px"","
source/js/0ad0wel9cyv30.js,48212,gap,14px,"e"")},children:i.open})})]})})}},eg={display:""flex"",alignItems:""center"",gap:""14px"",maxWidth:""600px"",margin:""0 auto 22px"",padding:""10px 16px"",fontFamily:"
source/js/0ad0wel9cyv30.js,48223,maxWidth,600px,"en:i.open})})]})})}},eg={display:""flex"",alignItems:""center"",gap:""14px"",maxWidth:""600px"",margin:""0 auto 22px"",padding:""10px 16px"",fontFamily:""var(--ui)""},em={"
source/js/0ad0wel9cyv30.js,48240,margin,0 auto 22px,")}},eg={display:""flex"",alignItems:""center"",gap:""14px"",maxWidth:""600px"",margin:""0 auto 22px"",padding:""10px 16px"",fontFamily:""var(--ui)""},em={...eg,maxWidth:""560px"
source/js/0ad0wel9cyv30.js,48261,padding,10px 16px,""",alignItems:""center"",gap:""14px"",maxWidth:""600px"",margin:""0 auto 22px"",padding:""10px 16px"",fontFamily:""var(--ui)""},em={...eg,maxWidth:""560px""},eb={display:""grid"
source/js/0ad0wel9cyv30.js,48315,maxWidth,560px,"in:""0 auto 22px"",padding:""10px 16px"",fontFamily:""var(--ui)""},em={...eg,maxWidth:""560px""},eb={display:""grid"",gap:""2px"",fontSize:"".9rem"",lineHeight:1.4,color:"""
source/js/0ad0wel9cyv30.js,48337,display,grid,"ng:""10px 16px"",fontFamily:""var(--ui)""},em={...eg,maxWidth:""560px""},eb={display:""grid"",gap:""2px"",fontSize:"".9rem"",lineHeight:1.4,color:""var(--card-sub)""},ev"
source/js/0ad0wel9cyv30.js,48352,gap,2px,"fontFamily:""var(--ui)""},em={...eg,maxWidth:""560px""},eb={display:""grid"",gap:""2px"",fontSize:"".9rem"",lineHeight:1.4,color:""var(--card-sub)""},ev=()=>()=>{"
source/js/0ad0wel9cyv30.js,49544,flex,none,")),b({currentScreen:e})},style:{visibility:d.length?""visible"":""hidden"",flex:""none"",display:""grid"",placeItems:""center"",width:""34px"",height:""34px"",backgro"
source/js/0ad0wel9cyv30.js,49556,display,grid,"tScreen:e})},style:{visibility:d.length?""visible"":""hidden"",flex:""none"",display:""grid"",placeItems:""center"",width:""34px"",height:""34px"",background:""none"",bord"
source/js/0ad0wel9cyv30.js,49591,width,34px,"ngth?""visible"":""hidden"",flex:""none"",display:""grid"",placeItems:""center"",width:""34px"",height:""34px"",background:""none"",border:""1px solid var(--card-line)"",b"
source/js/0ad0wel9cyv30.js,49604,height,34px,""":""hidden"",flex:""none"",display:""grid"",placeItems:""center"",width:""34px"",height:""34px"",background:""none"",border:""1px solid var(--card-line)"",borderRadius:""1"
source/js/0ad0wel9cyv30.js,49672,borderRadius,12px,"x"",height:""34px"",background:""none"",border:""1px solid var(--card-line)"",borderRadius:""12px"",cursor:""pointer"",color:""var(--card-ink)""},children:(0,t.jsx)(""svg"",{v"
source/js/0ad0wel9cyv30.js,49780,width,16,"color:""var(--card-ink)""},children:(0,t.jsx)(""svg"",{viewBox:""0 0 24 24"",width:""16"",height:""16"",fill:""none"",stroke:""currentColor"",strokeWidth:""2.4"",strok"
source/js/0ad0wel9cyv30.js,49791,height,16,"--card-ink)""},children:(0,t.jsx)(""svg"",{viewBox:""0 0 24 24"",width:""16"",height:""16"",fill:""none"",stroke:""currentColor"",strokeWidth:""2.4"",strokeLinecap:""ro"
source/js/0ad0wel9cyv30.js,50061,display,flex,")(""span"",{""data-testid"":""start-strip-dots"",""aria-hidden"":""true"",style:{display:""flex"",gap:""6px"",flex:""none""},children:[1,2,3,4].map(e=>(0,t.jsx)(""i"",{style"
source/js/0ad0wel9cyv30.js,50076,gap,6px,"-testid"":""start-strip-dots"",""aria-hidden"":""true"",style:{display:""flex"",gap:""6px"",flex:""none""},children:[1,2,3,4].map(e=>(0,t.jsx)(""i"",{style:{width:""8"
source/js/0ad0wel9cyv30.js,50086,flex,none,"start-strip-dots"",""aria-hidden"":""true"",style:{display:""flex"",gap:""6px"",flex:""none""},children:[1,2,3,4].map(e=>(0,t.jsx)(""i"",{style:{width:""8px"",height:"""
source/js/0ad0wel9cyv30.js,50147,width,8px,"gap:""6px"",flex:""none""},children:[1,2,3,4].map(e=>(0,t.jsx)(""i"",{style:{width:""8px"",height:""8px"",borderRadius:""50%"",background:e<=k.step?""var(--trait-on-"
source/js/0ad0wel9cyv30.js,50159,height,8px,"ex:""none""},children:[1,2,3,4].map(e=>(0,t.jsx)(""i"",{style:{width:""8px"",height:""8px"",borderRadius:""50%"",background:e<=k.step?""var(--trait-on-line)"":""var(-"
source/js/0ad0wel9cyv30.js,50172,borderRadius,50%,"ildren:[1,2,3,4].map(e=>(0,t.jsx)(""i"",{style:{width:""8px"",height:""8px"",borderRadius:""50%"",background:e<=k.step?""var(--trait-on-line)"":""var(--card-line)""}},e))}"
source/js/1hcx0qn-qjgfn.js,3518,width,100%,"ror:""You need to accept the privacy notice to create an account.""}},h={width:""100%"",padding:""14px 14px 14px 44px"",borderRadius:""14px"",border:""1.5px solid"
source/js/1hcx0qn-qjgfn.js,3531,padding,14px 14px 14px 44px," to accept the privacy notice to create an account.""}},h={width:""100%"",padding:""14px 14px 14px 44px"",borderRadius:""14px"",border:""1.5px solid var(--card-line)"",background:"
source/js/1hcx0qn-qjgfn.js,3561,borderRadius,14px,"to create an account.""}},h={width:""100%"",padding:""14px 14px 14px 44px"",borderRadius:""14px"",border:""1.5px solid var(--card-line)"",background:""var(--choice-bg)"",c"
source/js/1hcx0qn-qjgfn.js,3716,position,absolute,"g)"",color:""var(--card-ink)"",fontFamily:""var(--ui)"",fontSize:""1rem""},p={position:""absolute"",left:""14px"",top:""50%"",transform:""translateY(-50%)"",width:""18px"",heigh"
source/js/1hcx0qn-qjgfn.js,3736,left,14px,"d-ink)"",fontFamily:""var(--ui)"",fontSize:""1rem""},p={position:""absolute"",left:""14px"",top:""50%"",transform:""translateY(-50%)"",width:""18px"",height:""18px"",col"
source/js/1hcx0qn-qjgfn.js,3748,top,50%,"Family:""var(--ui)"",fontSize:""1rem""},p={position:""absolute"",left:""14px"",top:""50%"",transform:""translateY(-50%)"",width:""18px"",height:""18px"",color:""var(--"
source/js/1hcx0qn-qjgfn.js,3758,transform,translateY(-50%),"r(--ui)"",fontSize:""1rem""},p={position:""absolute"",left:""14px"",top:""50%"",transform:""translateY(-50%)"",width:""18px"",height:""18px"",color:""var(--card-sub)"",pointerEvents:""non"
source/js/1hcx0qn-qjgfn.js,3787,width,18px,"position:""absolute"",left:""14px"",top:""50%"",transform:""translateY(-50%)"",width:""18px"",height:""18px"",color:""var(--card-sub)"",pointerEvents:""none""},m={displa"
source/js/1hcx0qn-qjgfn.js,3800,height,18px,"olute"",left:""14px"",top:""50%"",transform:""translateY(-50%)"",width:""18px"",height:""18px"",color:""var(--card-sub)"",pointerEvents:""none""},m={display:""block"",marg"
source/js/1hcx0qn-qjgfn.js,3863,display,block,":""18px"",height:""18px"",color:""var(--card-sub)"",pointerEvents:""none""},m={display:""block"",marginBottom:""8px"",fontFamily:""var(--ui)"",fontWeight:700,fontSize:"".9"
source/js/1hcx0qn-qjgfn.js,3879,marginBottom,8px,"18px"",color:""var(--card-sub)"",pointerEvents:""none""},m={display:""block"",marginBottom:""8px"",fontFamily:""var(--ui)"",fontWeight:700,fontSize:"".9rem"",color:""var(--c"
source/js/1hcx0qn-qjgfn.js,6427,flex,1,"learDraft)()}catch{_(x.googleError)}}return(0,t.jsx)(""section"",{style:{flex:""1"",display:""grid"",placeItems:""center"",padding:""36px 0""},children:(0,t.js"
source/js/1hcx0qn-qjgfn.js,6436,display,grid,")()}catch{_(x.googleError)}}return(0,t.jsx)(""section"",{style:{flex:""1"",display:""grid"",placeItems:""center"",padding:""36px 0""},children:(0,t.jsxs)(""div"",{clas"
source/js/1hcx0qn-qjgfn.js,6471,padding,36px 0,"0,t.jsx)(""section"",{style:{flex:""1"",display:""grid"",placeItems:""center"",padding:""36px 0""},children:(0,t.jsxs)(""div"",{className:""glass"",style:{width:""min(440px"
source/js/1hcx0qn-qjgfn.js,6541,width,"min(440px, 100%)",",padding:""36px 0""},children:(0,t.jsxs)(""div"",{className:""glass"",style:{width:""min(440px, 100%)"",padding:""34px""},children:[(0,t.jsx)(""div"",{className:""sec-head"",style"
source/js/1hcx0qn-qjgfn.js,6566,padding,34px,"en:(0,t.jsxs)(""div"",{className:""glass"",style:{width:""min(440px, 100%)"",padding:""34px""},children:[(0,t.jsx)(""div"",{className:""sec-head"",style:{marginBottom:"
source/js/1hcx0qn-qjgfn.js,6637,marginBottom,6px,"padding:""34px""},children:[(0,t.jsx)(""div"",{className:""sec-head"",style:{marginBottom:""6px""},children:(0,t.jsx)(""h1"",{className:""page-title"",children:z?x.recover"
source/js/1hcx0qn-qjgfn.js,6787,marginBottom,24px,"x.recoveryHeading:y.heading})}),(0,t.jsx)(""p"",{className:""lede"",style:{marginBottom:""24px"",fontSize:""1rem"",color:""var(--card-sub)""},children:z?x.recoverySubtitl"
source/js/1hcx0qn-qjgfn.js,6931,marginBottom,18px,".recoverySubtitle:y.subtitle}),F&&(0,t.jsx)(""div"",{role:""alert"",style:{marginBottom:""18px"",padding:""12px 14px"",borderRadius:""14px"",fontSize:"".92rem"",background:"
source/js/1hcx0qn-qjgfn.js,6951,padding,12px 14px,"subtitle}),F&&(0,t.jsx)(""div"",{role:""alert"",style:{marginBottom:""18px"",padding:""12px 14px"",borderRadius:""14px"",fontSize:"".92rem"",background:""var(--coral-chip-bg"
source/js/1hcx0qn-qjgfn.js,6971,borderRadius,14px,"sx)(""div"",{role:""alert"",style:{marginBottom:""18px"",padding:""12px 14px"",borderRadius:""14px"",fontSize:"".92rem"",background:""var(--coral-chip-bg)"",color:""var(--cora"
source/js/1hcx0qn-qjgfn.js,7169,marginBottom,18px,"oral-chip-ink)""},children:F}),R&&(0,t.jsx)(""div"",{role:""status"",style:{marginBottom:""18px"",padding:""12px 14px"",borderRadius:""14px"",fontSize:"".92rem"",background:"
source/js/1hcx0qn-qjgfn.js,7189,padding,12px 14px,"ldren:F}),R&&(0,t.jsx)(""div"",{role:""status"",style:{marginBottom:""18px"",padding:""12px 14px"",borderRadius:""14px"",fontSize:"".92rem"",background:""var(--gold-chip-bg)"
source/js/1hcx0qn-qjgfn.js,7209,borderRadius,14px,"x)(""div"",{role:""status"",style:{marginBottom:""18px"",padding:""12px 14px"",borderRadius:""14px"",fontSize:"".92rem"",background:""var(--gold-chip-bg)"",color:""var(--gold-"
source/js/1hcx0qn-qjgfn.js,8314,display,flex,"3-4.53 6.16-4.53z""})]}),x.googleButton]}),!z&&(0,t.jsxs)(""div"",{style:{display:""flex"",alignItems:""center"",gap:""12px"",margin:""20px 0"",color:""var(--card-sub)"
source/js/1hcx0qn-qjgfn.js,8349,gap,12px,"ton]}),!z&&(0,t.jsxs)(""div"",{style:{display:""flex"",alignItems:""center"",gap:""12px"",margin:""20px 0"",color:""var(--card-sub)"",fontFamily:""var(--ui)"",fontSi"
source/js/1hcx0qn-qjgfn.js,8360,margin,20px 0,"(0,t.jsxs)(""div"",{style:{display:""flex"",alignItems:""center"",gap:""12px"",margin:""20px 0"",color:""var(--card-sub)"",fontFamily:""var(--ui)"",fontSize:"".85rem""},chi"
source/js/1hcx0qn-qjgfn.js,8477,flex,1,"mily:""var(--ui)"",fontSize:"".85rem""},children:[(0,t.jsx)(""span"",{style:{flex:1,height:""1px"",background:""var(--card-line)""}}),x.or,(0,t.jsx)(""span"",{"
source/js/1hcx0qn-qjgfn.js,8484,height,1px,"ar(--ui)"",fontSize:"".85rem""},children:[(0,t.jsx)(""span"",{style:{flex:1,height:""1px"",background:""var(--card-line)""}}),x.or,(0,t.jsx)(""span"",{style:{flex:1"
source/js/1hcx0qn-qjgfn.js,8560,flex,1,"t:""1px"",background:""var(--card-line)""}}),x.or,(0,t.jsx)(""span"",{style:{flex:1,height:""1px"",background:""var(--card-line)""}})]}),(0,t.jsxs)(""form"",{o"
source/js/1hcx0qn-qjgfn.js,8567,height,1px,",background:""var(--card-line)""}}),x.or,(0,t.jsx)(""span"",{style:{flex:1,height:""1px"",background:""var(--card-line)""}})]}),(0,t.jsxs)(""form"",{onSubmit:W,chi"
source/js/1hcx0qn-qjgfn.js,8681,marginBottom,16px,"})]}),(0,t.jsxs)(""form"",{onSubmit:W,children:[(0,t.jsxs)(""div"",{style:{marginBottom:""16px""},children:[(0,t.jsx)(""label"",{htmlFor:""auth-email"",style:m,children:x"
source/js/1hcx0qn-qjgfn.js,8809,position,relative,":""auth-email"",style:m,children:x.emailLabel}),(0,t.jsxs)(""div"",{style:{position:""relative""},children:[(0,t.jsxs)(""svg"",{style:p,viewBox:""0 0 24 24"",fill:""none"","
source/js/1hcx0qn-qjgfn.js,9473,position,relative,"-password"",style:m,children:x.passwordLabel}),(0,t.jsxs)(""div"",{style:{position:""relative""},children:[(0,t.jsxs)(""svg"",{style:p,viewBox:""0 0 24 24"",fill:""none"","
source/js/1hcx0qn-qjgfn.js,10192,position,absolute,"(e=>!e),""aria-label"":P?x.hidePassword:x.showPassword,disabled:T,style:{position:""absolute"",right:""2px"",top:""50%"",transform:""translateY(-50%)"",background:""none"","
source/js/1hcx0qn-qjgfn.js,10212,right,2px,":P?x.hidePassword:x.showPassword,disabled:T,style:{position:""absolute"",right:""2px"",top:""50%"",transform:""translateY(-50%)"",background:""none"",border:""none"
source/js/1hcx0qn-qjgfn.js,10224,top,50%,"sword:x.showPassword,disabled:T,style:{position:""absolute"",right:""2px"",top:""50%"",transform:""translateY(-50%)"",background:""none"",border:""none"",cursor:"""
source/js/1hcx0qn-qjgfn.js,10234,transform,translateY(-50%),"owPassword,disabled:T,style:{position:""absolute"",right:""2px"",top:""50%"",transform:""translateY(-50%)"",background:""none"",border:""none"",cursor:""pointer"",color:""var(--card-su"
source/js/1hcx0qn-qjgfn.js,10336,display,grid,"ckground:""none"",border:""none"",cursor:""pointer"",color:""var(--card-sub)"",display:""grid"",placeItems:""center"",padding:0,width:""44px"",height:""44px""},children:P?"
source/js/1hcx0qn-qjgfn.js,10371,padding,0,"r:""pointer"",color:""var(--card-sub)"",display:""grid"",placeItems:""center"",padding:0,width:""44px"",height:""44px""},children:P?(0,t.jsxs)(""svg"",{viewBox:""0 0"
source/js/1hcx0qn-qjgfn.js,10381,width,44px,""",color:""var(--card-sub)"",display:""grid"",placeItems:""center"",padding:0,width:""44px"",height:""44px""},children:P?(0,t.jsxs)(""svg"",{viewBox:""0 0 24 24"",width"
source/js/1hcx0qn-qjgfn.js,10394,height,44px,"--card-sub)"",display:""grid"",placeItems:""center"",padding:0,width:""44px"",height:""44px""},children:P?(0,t.jsxs)(""svg"",{viewBox:""0 0 24 24"",width:""18"",height:"""
source/js/1hcx0qn-qjgfn.js,10458,width,18,"""44px"",height:""44px""},children:P?(0,t.jsxs)(""svg"",{viewBox:""0 0 24 24"",width:""18"",height:""18"",fill:""none"",stroke:""currentColor"",strokeWidth:""2"",strokeL"
source/js/1hcx0qn-qjgfn.js,10469,height,18,"ht:""44px""},children:P?(0,t.jsxs)(""svg"",{viewBox:""0 0 24 24"",width:""18"",height:""18"",fill:""none"",stroke:""currentColor"",strokeWidth:""2"",strokeLinecap:""roun"
source/js/1hcx0qn-qjgfn.js,11347,padding,4px 0,"{$(!0),L(""""),_(""""),N("""")},disabled:T,style:{border:0,background:""none"",padding:""4px 0"",color:""var(--accent)"",fontFamily:""var(--ui)"",fontWeight:700,textDecor"
source/js/1hcx0qn-qjgfn.js,11596,display,flex,"Fragment,{children:[(0,t.jsxs)(""label"",{htmlFor:""signup-attest"",style:{display:""flex"",alignItems:""center"",gap:""12px"",minHeight:""44px"",marginBottom:""2px"",fo"
source/js/1hcx0qn-qjgfn.js,11631,gap,12px,"el"",{htmlFor:""signup-attest"",style:{display:""flex"",alignItems:""center"",gap:""12px"",minHeight:""44px"",marginBottom:""2px"",fontFamily:""var(--ui)"",fontSize:"""
source/js/1hcx0qn-qjgfn.js,11642,minHeight,44px,"r:""signup-attest"",style:{display:""flex"",alignItems:""center"",gap:""12px"",minHeight:""44px"",marginBottom:""2px"",fontFamily:""var(--ui)"",fontSize:""16px"",lineHeight:"
source/js/1hcx0qn-qjgfn.js,11659,marginBottom,2px,",style:{display:""flex"",alignItems:""center"",gap:""12px"",minHeight:""44px"",marginBottom:""2px"",fontFamily:""var(--ui)"",fontSize:""16px"",lineHeight:1.45,color:""var(--c"
source/js/1hcx0qn-qjgfn.js,12102,marginBottom,16px,"[x.attestPrefix,"" "",x.policyLinkText,"".""]})]}),(0,t.jsx)(""div"",{style:{marginBottom:""16px""},children:(0,t.jsx)(o.default,{href:""/integritet"",style:{display:""inl"
source/js/1hcx0qn-qjgfn.js,12179,display,inline-flex,"Bottom:""16px""},children:(0,t.jsx)(o.default,{href:""/integritet"",style:{display:""inline-flex"",alignItems:""center"",minHeight:""44px"",padding:""0 4px"",fontFamily:""var("
source/js/1hcx0qn-qjgfn.js,12221,minHeight,44px,"t,{href:""/integritet"",style:{display:""inline-flex"",alignItems:""center"",minHeight:""44px"",padding:""0 4px"",fontFamily:""var(--ui)"",fontSize:"".9rem"",color:""var(--"
source/js/1hcx0qn-qjgfn.js,12238,padding,0 4px,"tet"",style:{display:""inline-flex"",alignItems:""center"",minHeight:""44px"",padding:""0 4px"",fontFamily:""var(--ui)"",fontSize:"".9rem"",color:""var(--accent)"",fontWei"
source/js/1hcx0qn-qjgfn.js,12764,marginTop,12px,"1),_(""""),N("""")},disabled:T,style:{width:""100%"",justifyContent:""center"",marginTop:""12px""},children:x.recoveryBack}),!z&&(0,t.jsxs)(""p"",{style:{marginTop:""22px"
source/js/1hcx0qn-qjgfn.js,12835,marginTop,22px,"marginTop:""12px""},children:x.recoveryBack}),!z&&(0,t.jsxs)(""p"",{style:{marginTop:""22px"",textAlign:""center"",fontFamily:""var(--ui)"",fontSize:"".92rem"",color:""va"
source/js/26ye0kuppitcn.js,6988,position,absolute,"split(""?"",1)[0].endsWith("".svg"")&&(r=!0);let Y=s(f),X=Object.assign(g?{position:""absolute"",height:""100%"",width:""100%"",left:0,top:0,right:0,bottom:0,objectFit:E,"
source/js/26ye0kuppitcn.js,7008,height,100%,"With("".svg"")&&(r=!0);let Y=s(f),X=Object.assign(g?{position:""absolute"",height:""100%"",width:""100%"",left:0,top:0,right:0,bottom:0,objectFit:E,objectPosition"
source/js/26ye0kuppitcn.js,7022,width,100%,"(r=!0);let Y=s(f),X=Object.assign(g?{position:""absolute"",height:""100%"",width:""100%"",left:0,top:0,right:0,bottom:0,objectFit:E,objectPosition:P}:{},F?{}:{"
source/js/26ye0kuppitcn.js,7035,left,0,"s(f),X=Object.assign(g?{position:""absolute"",height:""100%"",width:""100%"",left:0,top:0,right:0,bottom:0,objectFit:E,objectPosition:P}:{},F?{}:{color:"""
source/js/26ye0kuppitcn.js,7042,top,0,"Object.assign(g?{position:""absolute"",height:""100%"",width:""100%"",left:0,top:0,right:0,bottom:0,objectFit:E,objectPosition:P}:{},F?{}:{color:""transp"
source/js/26ye0kuppitcn.js,7048,right,0,".assign(g?{position:""absolute"",height:""100%"",width:""100%"",left:0,top:0,right:0,bottom:0,objectFit:E,objectPosition:P}:{},F?{}:{color:""transparent""},"
source/js/26ye0kuppitcn.js,7056,bottom,0,"g?{position:""absolute"",height:""100%"",width:""100%"",left:0,top:0,right:0,bottom:0,objectFit:E,objectPosition:P}:{},F?{}:{color:""transparent""},b),V=T||"""
source/js/26ye0kuppitcn.js,18825,width,"min(560px, 100%)"," plan"",checkoutError:""Could not open checkout. Please try again.""}},d={width:""min(560px, 100%)"",padding:""28px"",marginBottom:""20px""},c={fontFamily:""var(--ui)"",fontSiz"
source/js/26ye0kuppitcn.js,18850,padding,28px,"ld not open checkout. Please try again.""}},d={width:""min(560px, 100%)"",padding:""28px"",marginBottom:""20px""},c={fontFamily:""var(--ui)"",fontSize:"".95rem"",colo"
source/js/26ye0kuppitcn.js,18865,marginBottom,20px,"ckout. Please try again.""}},d={width:""min(560px, 100%)"",padding:""28px"",marginBottom:""20px""},c={fontFamily:""var(--ui)"",fontSize:"".95rem"",color:""var(--card-sub)"","
source/js/26ye0kuppitcn.js,18970,marginBottom,18px,":""var(--ui)"",fontSize:"".95rem"",color:""var(--card-sub)"",lineHeight:1.55,marginBottom:""18px""},u={fontFamily:""var(--display)"",fontSize:""1.6rem"",fontWeight:700,colo"
source/js/26ye0kuppitcn.js,19079,marginBottom,4px,"r(--display)"",fontSize:""1.6rem"",fontWeight:700,color:""var(--card-ink)"",marginBottom:""4px""},p={fontFamily:""var(--ui)"",fontSize:"".95rem"",color:""var(--card-ink)"","
source/js/26ye0kuppitcn.js,19199,margin,0 0 18px,"tSize:"".95rem"",color:""var(--card-ink)"",lineHeight:1.7,listStyle:""none"",margin:""0 0 18px"",padding:0};e.s([""UpgradePanel"",0,function({locale:e=""sv"",currentTier:"
source/js/26ye0kuppitcn.js,19217,padding,0,"or:""var(--card-ink)"",lineHeight:1.7,listStyle:""none"",margin:""0 0 18px"",padding:0};e.s([""UpgradePanel"",0,function({locale:e=""sv"",currentTier:m=""free"",p"
source/js/26ye0kuppitcn.js,20304,flex,1,"I=x?R:R.filter(e=>""family""===e.key);return(0,t.jsxs)(""section"",{style:{flex:""1"",display:""grid"",placeItems:""center"",padding:""36px 0""},children:[(0,t.j"
source/js/26ye0kuppitcn.js,20313,display,grid,"ilter(e=>""family""===e.key);return(0,t.jsxs)(""section"",{style:{flex:""1"",display:""grid"",placeItems:""center"",padding:""36px 0""},children:[(0,t.jsxs)(""div"",{sty"
source/js/26ye0kuppitcn.js,20348,padding,36px 0,",t.jsxs)(""section"",{style:{flex:""1"",display:""grid"",placeItems:""center"",padding:""36px 0""},children:[(0,t.jsxs)(""div"",{style:{width:""min(560px, 100%)""},childre"
source/js/26ye0kuppitcn.js,20401,width,"min(560px, 100%)","aceItems:""center"",padding:""36px 0""},children:[(0,t.jsxs)(""div"",{style:{width:""min(560px, 100%)""},children:[S&&(0,t.jsx)(""div"",{role:""alert"",style:{marginBottom:""18px"
source/js/26ye0kuppitcn.js,20477,marginBottom,18px,":""min(560px, 100%)""},children:[S&&(0,t.jsx)(""div"",{role:""alert"",style:{marginBottom:""18px"",padding:""12px 14px"",borderRadius:""14px"",fontSize:"".92rem"",fontFamily:"
source/js/26ye0kuppitcn.js,20497,padding,12px 14px,",children:[S&&(0,t.jsx)(""div"",{role:""alert"",style:{marginBottom:""18px"",padding:""12px 14px"",borderRadius:""14px"",fontSize:"".92rem"",fontFamily:""var(--ui)"",backgrou"
source/js/26ye0kuppitcn.js,20517,borderRadius,14px,"sx)(""div"",{role:""alert"",style:{marginBottom:""18px"",padding:""12px 14px"",borderRadius:""14px"",fontSize:"".92rem"",fontFamily:""var(--ui)"",background:""var(--coral-chip"
source/js/26ye0kuppitcn.js,21554,width,112,"c:""/share/iris-sparade-platsen/assets/cover.webp"",alt:g.sampleCoverAlt,width:112,height:168,sizes:""(max-width: 600px) 128px, 112px"",style:{display:""bl"
source/js/26ye0kuppitcn.js,21564,height,168,"iris-sparade-platsen/assets/cover.webp"",alt:g.sampleCoverAlt,width:112,height:168,sizes:""(max-width: 600px) 128px, 112px"",style:{display:""block"",width:"
source/js/26ye0kuppitcn.js,21622,display,block,"lt,width:112,height:168,sizes:""(max-width: 600px) 128px, 112px"",style:{display:""block"",width:""100%"",height:""auto"",aspectRatio:""2 / 3"",objectFit:""contain""}})"
source/js/26ye0kuppitcn.js,21638,width,100%,"ght:168,sizes:""(max-width: 600px) 128px, 112px"",style:{display:""block"",width:""100%"",height:""auto"",aspectRatio:""2 / 3"",objectFit:""contain""}}),(0,t.jsx)(""f"
source/js/26ye0kuppitcn.js,21651,height,auto,":""(max-width: 600px) 128px, 112px"",style:{display:""block"",width:""100%"",height:""auto"",aspectRatio:""2 / 3"",objectFit:""contain""}}),(0,t.jsx)(""figcaption"",{cl"
source/js/26ye0kuppitcn.js,21665,aspectRatio,2 / 3,"600px) 128px, 112px"",style:{display:""block"",width:""100%"",height:""auto"",aspectRatio:""2 / 3"",objectFit:""contain""}}),(0,t.jsx)(""figcaption"",{className:""upgrade-sam"
source/js/26ye0kuppitcn.js,24593,width,100,text-underline-offset: 3px; } .upgrade-sample-figure { width: 100%; margin: 0; } .upgrade-sample-caption { 
source/js/2j_-r8q4tgdka.js,2272,display,flex,"iga saga. Välj ett annat äventyr."",retry:""Välj ett annat äventyr""}},o={display:""flex"",flexDirection:""column"",gap:""16px"",padding:""28px 30px"",maxWidth:""560px"
source/js/2j_-r8q4tgdka.js,2310,gap,16px,"ry:""Välj ett annat äventyr""}},o={display:""flex"",flexDirection:""column"",gap:""16px"",padding:""28px 30px"",maxWidth:""560px"",fontFamily:""var(--ui)"",color:""va"
source/js/2j_-r8q4tgdka.js,2321,padding,28px 30px,"t annat äventyr""}},o={display:""flex"",flexDirection:""column"",gap:""16px"",padding:""28px 30px"",maxWidth:""560px"",fontFamily:""var(--ui)"",color:""var(--card-ink)""},d={d"
source/js/2j_-r8q4tgdka.js,2341,maxWidth,560px,"={display:""flex"",flexDirection:""column"",gap:""16px"",padding:""28px 30px"",maxWidth:""560px"",fontFamily:""var(--ui)"",color:""var(--card-ink)""},d={display:""flex"",fle"
source/js/2j_-r8q4tgdka.js,2409,display,flex,"x"",maxWidth:""560px"",fontFamily:""var(--ui)"",color:""var(--card-ink)""},d={display:""flex"",flexDirection:""column"",gap:""10px"",padding:""20px 22px"",fontFamily:""var"
source/js/2j_-r8q4tgdka.js,2447,gap,10px,"ui)"",color:""var(--card-ink)""},d={display:""flex"",flexDirection:""column"",gap:""10px"",padding:""20px 22px"",fontFamily:""var(--ui)"",color:""var(--card-ink)""};f"
source/js/2j_-r8q4tgdka.js,2458,padding,20px 22px,"""var(--card-ink)""},d={display:""flex"",flexDirection:""column"",gap:""10px"",padding:""20px 22px"",fontFamily:""var(--ui)"",color:""var(--card-ink)""};function c({jobId:e,l"
source/js/2j_-r8q4tgdka.js,5084,display,inline-flex,"ed:""gated""===S?x.gated:x.stuck}),(0,t.jsxs)(""a"",{href:""/create"",style:{display:""inline-flex"",alignItems:""center"",gap:""9px"",fontSize:"".9rem"",fontWeight:700,color:"""
source/js/2j_-r8q4tgdka.js,5126,gap,9px,")(""a"",{href:""/create"",style:{display:""inline-flex"",alignItems:""center"",gap:""9px"",fontSize:"".9rem"",fontWeight:700,color:""var(--chip-ink)"",textDecoratio"
source/js/2j_-r8q4tgdka.js,5268,width,18,"ecoration:""underline""},children:[(0,t.jsxs)(""svg"",{viewBox:""0 0 24 24"",width:""18"",height:""18"",fill:""none"",stroke:""currentColor"",strokeWidth:""2.2"",strok"
source/js/2j_-r8q4tgdka.js,5279,height,18,"underline""},children:[(0,t.jsxs)(""svg"",{viewBox:""0 0 24 24"",width:""18"",height:""18"",fill:""none"",stroke:""currentColor"",strokeWidth:""2.2"",strokeLinecap:""ro"
source/js/2j_-r8q4tgdka.js,5704,display,flex,":""status"",className:""glass"",style:o,children:[(0,t.jsxs)(""div"",{style:{display:""flex"",alignItems:""center"",gap:""14px""},children:[(0,t.jsx)(""svg"",{viewBox:""0"
source/js/2j_-r8q4tgdka.js,5739,gap,14px,",children:[(0,t.jsxs)(""div"",{style:{display:""flex"",alignItems:""center"",gap:""14px""},children:[(0,t.jsx)(""svg"",{viewBox:""0 0 24 24"",width:""26"",height:""26"
source/js/2j_-r8q4tgdka.js,5798,width,26,"ms:""center"",gap:""14px""},children:[(0,t.jsx)(""svg"",{viewBox:""0 0 24 24"",width:""26"",height:""26"",fill:""none"",stroke:""var(--accent)"",strokeWidth:""2.4"",stro"
source/js/2j_-r8q4tgdka.js,5809,height,26,",gap:""14px""},children:[(0,t.jsx)(""svg"",{viewBox:""0 0 24 24"",width:""26"",height:""26"",fill:""none"",stroke:""var(--accent)"",strokeWidth:""2.4"",strokeLinecap:""r"
source/js/2j_-r8q4tgdka.js,6309,margin,0,":""pending""===S?x.queuedHeading:x.inProgress})]}),(0,t.jsx)(""p"",{style:{margin:0,fontSize:"".95rem"",lineHeight:1.6,color:""var(--card-sub)""},children:""p"
source/js/2j_-r8q4tgdka.js,6475,margin,0,"uedBody:w}),E>1&&L?(0,t.jsx)(""p"",{""data-testid"":""job-rewriting"",style:{margin:0,fontSize:"".9rem"",lineHeight:1.55,color:""var(--gold-chip-ink)"",fontWei"
source/js/2j_-r8q4tgdka.js,6656,margin,0,"null,(0,t.jsx)(""ol"",{""data-testid"":""job-steps"",style:{listStyle:""none"",margin:0,padding:0,display:""grid"",gap:""10px""},children:x.steps.map((e,r)=>{let"
source/js/2j_-r8q4tgdka.js,6665,padding,0,".jsx)(""ol"",{""data-testid"":""job-steps"",style:{listStyle:""none"",margin:0,padding:0,display:""grid"",gap:""10px""},children:x.steps.map((e,r)=>{let a=r<M,n=r"
source/js/2j_-r8q4tgdka.js,6675,display,grid,",{""data-testid"":""job-steps"",style:{listStyle:""none"",margin:0,padding:0,display:""grid"",gap:""10px""},children:x.steps.map((e,r)=>{let a=r<M,n=r===M;return(0,t"
source/js/2j_-r8q4tgdka.js,6690,gap,10px,":""job-steps"",style:{listStyle:""none"",margin:0,padding:0,display:""grid"",gap:""10px""},children:x.steps.map((e,r)=>{let a=r<M,n=r===M;return(0,t.jsxs)(""li"""
source/js/2j_-r8q4tgdka.js,6803,display,flex,"et a=r<M,n=r===M;return(0,t.jsxs)(""li"",{""data-active"":n||void 0,style:{display:""flex"",alignItems:""center"",gap:""11px"",fontSize:"".95rem"",fontWeight:n?700:400"
source/js/2j_-r8q4tgdka.js,6838,gap,11px,"li"",{""data-active"":n||void 0,style:{display:""flex"",alignItems:""center"",gap:""11px"",fontSize:"".95rem"",fontWeight:n?700:400,color:n?""var(--card-ink)"":""var"
source/js/2j_-r8q4tgdka.js,6989,width,22px,"(--card-sub)""},children:[(0,t.jsx)(""span"",{""aria-hidden"":""true"",style:{width:""22px"",height:""22px"",borderRadius:""999px"",flex:""none"",display:""grid"",placeIt"
source/js/2j_-r8q4tgdka.js,7002,height,22px,"},children:[(0,t.jsx)(""span"",{""aria-hidden"":""true"",style:{width:""22px"",height:""22px"",borderRadius:""999px"",flex:""none"",display:""grid"",placeItems:""center"",f"
source/js/2j_-r8q4tgdka.js,7016,borderRadius,999px,",t.jsx)(""span"",{""aria-hidden"":""true"",style:{width:""22px"",height:""22px"",borderRadius:""999px"",flex:""none"",display:""grid"",placeItems:""center"",fontSize:"".72rem"",font"
source/js/2j_-r8q4tgdka.js,7037,flex,none,"-hidden"":""true"",style:{width:""22px"",height:""22px"",borderRadius:""999px"",flex:""none"",display:""grid"",placeItems:""center"",fontSize:"".72rem"",fontWeight:800,b"
source/js/2j_-r8q4tgdka.js,7049,display,grid,"ue"",style:{width:""22px"",height:""22px"",borderRadius:""999px"",flex:""none"",display:""grid"",placeItems:""center"",fontSize:"".72rem"",fontWeight:800,background:a||n?"
source/js/2j_-r8q4tgdka.js,24012,display,grid,"elected""},sv:{listboxLabel:""Välj en berättarstil"",selected:""Vald""}},p={display:""grid"",gap:""14px""},y={position:""absolute"",left:0,right:0,bottom:0,display:""b"
source/js/2j_-r8q4tgdka.js,24027,gap,14px,"istboxLabel:""Välj en berättarstil"",selected:""Vald""}},p={display:""grid"",gap:""14px""},y={position:""absolute"",left:0,right:0,bottom:0,display:""block"",paddi"
source/js/2j_-r8q4tgdka.js,24042,position,absolute,"lj en berättarstil"",selected:""Vald""}},p={display:""grid"",gap:""14px""},y={position:""absolute"",left:0,right:0,bottom:0,display:""block"",padding:""30px 10px 11px"",text"
source/js/2j_-r8q4tgdka.js,24062,left,0,"selected:""Vald""}},p={display:""grid"",gap:""14px""},y={position:""absolute"",left:0,right:0,bottom:0,display:""block"",padding:""30px 10px 11px"",textAlign:"""
source/js/2j_-r8q4tgdka.js,24069,right,0,"d:""Vald""}},p={display:""grid"",gap:""14px""},y={position:""absolute"",left:0,right:0,bottom:0,display:""block"",padding:""30px 10px 11px"",textAlign:""center"","
source/js/2j_-r8q4tgdka.js,24077,bottom,0,"}},p={display:""grid"",gap:""14px""},y={position:""absolute"",left:0,right:0,bottom:0,display:""block"",padding:""30px 10px 11px"",textAlign:""center"",fontFamil"
source/js/2j_-r8q4tgdka.js,24086,display,block,"play:""grid"",gap:""14px""},y={position:""absolute"",left:0,right:0,bottom:0,display:""block"",padding:""30px 10px 11px"",textAlign:""center"",fontFamily:""var(--ui)"",fo"
source/js/2j_-r8q4tgdka.js,24102,padding,30px 10px 11px,"""14px""},y={position:""absolute"",left:0,right:0,bottom:0,display:""block"",padding:""30px 10px 11px"",textAlign:""center"",fontFamily:""var(--ui)"",fontSize:"".92rem"",fontWeigh"
source/js/2j_-r8q4tgdka.js,24354,position,absolute,"0%, rgba(10,10,20,.72) 55%)"",textShadow:""0 1px 3px rgba(0,0,0,.6)""},v={position:""absolute"",top:""10px"",right:""10px"",zIndex:2,display:""inline-flex"",alignItems:""ce"
source/js/2j_-r8q4tgdka.js,24374,top,10px,"2) 55%)"",textShadow:""0 1px 3px rgba(0,0,0,.6)""},v={position:""absolute"",top:""10px"",right:""10px"",zIndex:2,display:""inline-flex"",alignItems:""center"",minHe"
source/js/2j_-r8q4tgdka.js,24385,right,10px,"xtShadow:""0 1px 3px rgba(0,0,0,.6)""},v={position:""absolute"",top:""10px"",right:""10px"",zIndex:2,display:""inline-flex"",alignItems:""center"",minHeight:""26px"",p"
source/js/2j_-r8q4tgdka.js,24398,zIndex,2,"px 3px rgba(0,0,0,.6)""},v={position:""absolute"",top:""10px"",right:""10px"",zIndex:2,display:""inline-flex"",alignItems:""center"",minHeight:""26px"",padding:""3"
source/js/2j_-r8q4tgdka.js,24407,display,inline-flex,"ba(0,0,0,.6)""},v={position:""absolute"",top:""10px"",right:""10px"",zIndex:2,display:""inline-flex"",alignItems:""center"",minHeight:""26px"",padding:""3px 9px"",border:""1px so"
source/js/2j_-r8q4tgdka.js,24449,minHeight,26px,"""10px"",right:""10px"",zIndex:2,display:""inline-flex"",alignItems:""center"",minHeight:""26px"",padding:""3px 9px"",border:""1px solid var(--gold)"",borderRadius:""999px"""
source/js/2j_-r8q4tgdka.js,24466,padding,3px 9px,"x"",zIndex:2,display:""inline-flex"",alignItems:""center"",minHeight:""26px"",padding:""3px 9px"",border:""1px solid var(--gold)"",borderRadius:""999px"",background:""var(-"
source/js/2j_-r8q4tgdka.js,24515,borderRadius,999px,"ter"",minHeight:""26px"",padding:""3px 9px"",border:""1px solid var(--gold)"",borderRadius:""999px"",background:""var(--gold-chip-bg)"",color:""var(--gold-chip-ink)"",fontFam"
source/js/2j_-r8q4tgdka.js,24667,boxShadow,"0 3px 12px rgba(0, 0, 0, .28)",""",fontFamily:""var(--ui)"",fontSize:"".72rem"",fontWeight:800,lineHeight:1,boxShadow:""0 3px 12px rgba(0, 0, 0, .28)""};e.s([""StylePicker"",0,function({selectedId:e,onSelect:r,locale:a=""en"""
source/js/2j_-r8q4tgdka.js,25174,position,relative,"le"":i.id,""data-testid"":`style-tile-${i.id}`,onClick:()=>r(i.id),style:{position:""relative"",aspectRatio:""3 / 2"",background:""var(--choice-bg)"",fontFamily:""var(--u"
source/js/2j_-r8q4tgdka.js,25194,aspectRatio,3 / 2,"d"":`style-tile-${i.id}`,onClick:()=>r(i.id),style:{position:""relative"",aspectRatio:""3 / 2"",background:""var(--choice-bg)"",fontFamily:""var(--ui)"",color:""#fff"",bor"
source/js/2j_-r8q4tgdka.js,25294,borderRadius,18px,"d:""var(--choice-bg)"",fontFamily:""var(--ui)"",color:""#fff"",border:""none"",borderRadius:""18px"",overflow:""hidden"",padding:0,cursor:""pointer"",textAlign:""center"",trans"
source/js/2j_-r8q4tgdka.js,25332,padding,0,"-ui)"",color:""#fff"",border:""none"",borderRadius:""18px"",overflow:""hidden"",padding:0,cursor:""pointer"",textAlign:""center"",transform:o?""scale(1.02)"":void 0,"
source/js/2j_-r8q4tgdka.js,25628,position,absolute,"dow .3s ease""},children:[(0,t.jsx)(""span"",{""aria-hidden"":""true"",style:{position:""absolute"",inset:0,display:""block""},children:s[i.id]?(0,t.jsx)(""span"",{style:{di"
source/js/2j_-r8q4tgdka.js,25648,inset,0,"ren:[(0,t.jsx)(""span"",{""aria-hidden"":""true"",style:{position:""absolute"",inset:0,display:""block""},children:s[i.id]?(0,t.jsx)(""span"",{style:{display:""g"
source/js/2j_-r8q4tgdka.js,25656,display,block,"t.jsx)(""span"",{""aria-hidden"":""true"",style:{position:""absolute"",inset:0,display:""block""},children:s[i.id]?(0,t.jsx)(""span"",{style:{display:""grid"",placeItems:"
source/js/2j_-r8q4tgdka.js,25715,display,grid,"te"",inset:0,display:""block""},children:s[i.id]?(0,t.jsx)(""span"",{style:{display:""grid"",placeItems:""center"",width:""100%"",height:""100%"",background:""var(--choi"
source/js/2j_-r8q4tgdka.js,25750,width,100%,"en:s[i.id]?(0,t.jsx)(""span"",{style:{display:""grid"",placeItems:""center"",width:""100%"",height:""100%"",background:""var(--choice-bg)"",color:""var(--card-sub)""},"
source/js/2j_-r8q4tgdka.js,25763,height,100%,",t.jsx)(""span"",{style:{display:""grid"",placeItems:""center"",width:""100%"",height:""100%"",background:""var(--choice-bg)"",color:""var(--card-sub)""},children:(0,t."
source/js/2j_-r8q4tgdka.js,25879,width,26,"olor:""var(--card-sub)""},children:(0,t.jsxs)(""svg"",{viewBox:""0 0 24 24"",width:""26"",height:""26"",fill:""none"",stroke:""currentColor"",strokeWidth:""1.8"",strok"
source/js/2j_-r8q4tgdka.js,25890,height,26,"-card-sub)""},children:(0,t.jsxs)(""svg"",{viewBox:""0 0 24 24"",width:""26"",height:""26"",fill:""none"",stroke:""currentColor"",strokeWidth:""1.8"",strokeLinecap:""ro"
source/js/2j_-r8q4tgdka.js,26486,width,100%,"oke:""none""})]})}):(0,t.jsx)(""img"",{src:i.previewImageUrl,alt:"""",style:{width:""100%"",height:""100%"",objectFit:""cover"",display:""block""},onError:()=>l(e=>({."
source/js/2j_-r8q4tgdka.js,26499,height,100%,"})}):(0,t.jsx)(""img"",{src:i.previewImageUrl,alt:"""",style:{width:""100%"",height:""100%"",objectFit:""cover"",display:""block""},onError:()=>l(e=>({...e,[i.id]:!0}"
source/js/2j_-r8q4tgdka.js,26531,display,block,"iewImageUrl,alt:"""",style:{width:""100%"",height:""100%"",objectFit:""cover"",display:""block""},onError:()=>l(e=>({...e,[i.id]:!0}))})}),o?(0,t.jsx)(""span"",{classNa"
source/js/36tbz-w9v-p8v.js,1066,gap,14px,"ArtAlt(e)})]})}):null,(0,t.jsxs)(""div"",{className:""reader-body"",style:{gap:""14px""},children:[(0,t.jsx)(""h1"",{className:""reader-title"",children:e}),(0,t"
source/js/36tbz-w9v-p8v.js,1328,margin,0,":""reader-made-with-ai"",style:{color:""var(--card-sub)"",fontSize:"".8rem"",margin:0},children:d.madeWithAi}),(0,t.jsxs)(""div"",{className:""cta-row"",style:"
source/js/36tbz-w9v-p8v.js,1407,marginTop,auto,"},children:d.madeWithAi}),(0,t.jsxs)(""div"",{className:""cta-row"",style:{marginTop:""auto""},children:[(0,t.jsx)(""button"",{type:""button"",className:""btn btn-prima"
source/js/36tbz-w9v-p8v.js,2162,margin,0,"sx)(""img"",{className:""art-main"",src:e,alt:a})]}):(0,t.jsx)(""p"",{style:{margin:0,fontSize:"".9rem"",color:""var(--card-sub)""},children:i.pictureWait})}),"
source/js/36tbz-w9v-p8v.js,2309,margin,6px 12px 0,"),n?(0,t.jsx)(""p"",{""data-testid"":""page-illustration-dev-models"",style:{margin:""6px 12px 0"",fontSize:"".78rem"",color:""var(--card-sub)""},children:`DEV: image with "
source/js/36tbz-w9v-p8v.js,10195,paddingTop,18px,"ck-thanks"",role:""status"",style:{borderTop:""1px solid var(--card-line)"",paddingTop:""18px"",color:""var(--card-sub)"",fontFamily:""var(--ui)"",fontSize:"".92rem"",line"
source/js/36tbz-w9v-p8v.js,10427,width,"min(680px, 100%)","eedback"",onSubmit:function(e){e.preventDefault(),!1===l&&w(!1)},style:{width:""min(680px, 100%)"",borderTop:""1px solid var(--card-line)"",paddingTop:""18px"",display:""fle"
source/js/36tbz-w9v-p8v.js,10491,paddingTop,18px,"style:{width:""min(680px, 100%)"",borderTop:""1px solid var(--card-line)"",paddingTop:""18px"",display:""flex"",flexDirection:""column"",gap:""16px"",color:""var(--card-in"
source/js/36tbz-w9v-p8v.js,10509,display,flex,"680px, 100%)"",borderTop:""1px solid var(--card-line)"",paddingTop:""18px"",display:""flex"",flexDirection:""column"",gap:""16px"",color:""var(--card-ink)""},children:["
source/js/36tbz-w9v-p8v.js,10547,gap,16px,"(--card-line)"",paddingTop:""18px"",display:""flex"",flexDirection:""column"",gap:""16px"",color:""var(--card-ink)""},children:[(0,t.jsx)(""p"",{style:{color:""var(-"
source/js/36tbz-w9v-p8v.js,10758,minWidth,0,"ght:700},children:S.grownUp}),(0,t.jsxs)(""fieldset"",{disabled:m,style:{minWidth:0,padding:0,border:0},children:[(0,t.jsx)(""legend"",{style:{maxWidth:""10"
source/js/36tbz-w9v-p8v.js,10769,padding,0,"ildren:S.grownUp}),(0,t.jsxs)(""fieldset"",{disabled:m,style:{minWidth:0,padding:0,border:0},children:[(0,t.jsx)(""legend"",{style:{maxWidth:""100%"",paddin"
source/js/36tbz-w9v-p8v.js,10826,maxWidth,100%,"e:{minWidth:0,padding:0,border:0},children:[(0,t.jsx)(""legend"",{style:{maxWidth:""100%"",padding:0,fontFamily:""var(--serif)"",fontSize:""1.05rem"",fontWeight:600"
source/js/36tbz-w9v-p8v.js,10842,padding,0,"dding:0,border:0},children:[(0,t.jsx)(""legend"",{style:{maxWidth:""100%"",padding:0,fontFamily:""var(--serif)"",fontSize:""1.05rem"",fontWeight:600,lineHeigh"
source/js/36tbz-w9v-p8v.js,11000,display,flex,"olor:""var(--card-ink)""},children:S.question}),(0,t.jsxs)(""div"",{style:{display:""flex"",flexWrap:""wrap"",gap:""10px"",marginTop:""12px""},children:[(0,t.jsx)(""but"
source/js/36tbz-w9v-p8v.js,11031,gap,10px,"n:S.question}),(0,t.jsxs)(""div"",{style:{display:""flex"",flexWrap:""wrap"",gap:""10px"",marginTop:""12px""},children:[(0,t.jsx)(""button"",{type:""button"",classNa"
source/js/36tbz-w9v-p8v.js,11042,marginTop,12px,"n}),(0,t.jsxs)(""div"",{style:{display:""flex"",flexWrap:""wrap"",gap:""10px"",marginTop:""12px""},children:[(0,t.jsx)(""button"",{type:""button"",className:""btn btn-prima"
source/js/36tbz-w9v-p8v.js,11184,minHeight,44px,":""btn btn-primary"",""aria-pressed"":!0===l,onClick:()=>void w(!0),style:{minHeight:""44px"",padding:""10px 22px"",fontSize:"".95rem""},children:f&&!0===l?S.yesRetry:"
source/js/36tbz-w9v-p8v.js,11201,padding,10px 22px,""",""aria-pressed"":!0===l,onClick:()=>void w(!0),style:{minHeight:""44px"",padding:""10px 22px"",fontSize:"".95rem""},children:f&&!0===l?S.yesRetry:S.yes}),(0,t.jsx)(""b"
source/js/36tbz-w9v-p8v.js,11404,minHeight,44px,"ost"",""aria-pressed"":!1===l,onClick:function(){m||(o(!1),j(!1))},style:{minHeight:""44px"",padding:""10px 22px"",fontSize:"".95rem""},children:S.notYet})]})]}),!1=="
source/js/36tbz-w9v-p8v.js,11421,padding,10px 22px,"d"":!1===l,onClick:function(){m||(o(!1),j(!1))},style:{minHeight:""44px"",padding:""10px 22px"",fontSize:"".95rem""},children:S.notYet})]})]}),!1===l?(0,t.jsxs)(t.Frag"
source/js/36tbz-w9v-p8v.js,11567,minWidth,0,"t.jsxs)(t.Fragment,{children:[(0,t.jsxs)(""fieldset"",{disabled:m,style:{minWidth:0,padding:0,border:0},children:[(0,t.jsx)(""legend"",{style:{maxWidth:""10"
source/js/36tbz-w9v-p8v.js,11578,padding,0,"ragment,{children:[(0,t.jsxs)(""fieldset"",{disabled:m,style:{minWidth:0,padding:0,border:0},children:[(0,t.jsx)(""legend"",{style:{maxWidth:""100%"",paddin"
source/js/36tbz-w9v-p8v.js,11635,maxWidth,100%,"e:{minWidth:0,padding:0,border:0},children:[(0,t.jsx)(""legend"",{style:{maxWidth:""100%"",padding:0,color:""var(--card-sub)"",fontFamily:""var(--ui)"",fontSize:"".8"
source/js/36tbz-w9v-p8v.js,11651,padding,0,"dding:0,border:0},children:[(0,t.jsx)(""legend"",{style:{maxWidth:""100%"",padding:0,color:""var(--card-sub)"",fontFamily:""var(--ui)"",fontSize:"".88rem"",line"
source/js/36tbz-w9v-p8v.js,11791,display,grid,"8rem"",lineHeight:1.5},children:S.issueLegend}),(0,t.jsx)(""div"",{style:{display:""grid"",gridTemplateColumns:""repeat(auto-fit, minmax(min(220px, 100%), 1fr))"""
source/js/36tbz-w9v-p8v.js,11806,gridTemplateColumns,"repeat(auto-fit, minmax(min(220px, 100%), 1fr))","t:1.5},children:S.issueLegend}),(0,t.jsx)(""div"",{style:{display:""grid"",gridTemplateColumns:""repeat(auto-fit, minmax(min(220px, 100%), 1fr))"",gap:""8px"",marginTop:""10px""},children:x.map(e=>{let a=d.includes(e.tag"
source/js/36tbz-w9v-p8v.js,11876,gap,8px,",gridTemplateColumns:""repeat(auto-fit, minmax(min(220px, 100%), 1fr))"",gap:""8px"",marginTop:""10px""},children:x.map(e=>{let a=d.includes(e.tag),r=!a&&d."
source/js/36tbz-w9v-p8v.js,11886,marginTop,10px,"ateColumns:""repeat(auto-fit, minmax(min(220px, 100%), 1fr))"",gap:""8px"",marginTop:""10px""},children:x.map(e=>{let a=d.includes(e.tag),r=!a&&d.length>=6;return("
source/js/36tbz-w9v-p8v.js,11998,minHeight,44px,"a=d.includes(e.tag),r=!a&&d.length>=6;return(0,t.jsxs)(""label"",{style:{minHeight:""44px"",display:""flex"",alignItems:""center"",gap:""10px"",padding:""9px 12px"",bord"
source/js/36tbz-w9v-p8v.js,12015,display,flex,"g),r=!a&&d.length>=6;return(0,t.jsxs)(""label"",{style:{minHeight:""44px"",display:""flex"",alignItems:""center"",gap:""10px"",padding:""9px 12px"",border:""1px solid v"
source/js/36tbz-w9v-p8v.js,12050,gap,10px,"s)(""label"",{style:{minHeight:""44px"",display:""flex"",alignItems:""center"",gap:""10px"",padding:""9px 12px"",border:""1px solid var(--trait-line)"",borderRadius:"
source/js/36tbz-w9v-p8v.js,12061,padding,9px 12px,"{style:{minHeight:""44px"",display:""flex"",alignItems:""center"",gap:""10px"",padding:""9px 12px"",border:""1px solid var(--trait-line)"",borderRadius:""8px"",background:a?"
source/js/36tbz-w9v-p8v.js,12117,borderRadius,8px,"er"",gap:""10px"",padding:""9px 12px"",border:""1px solid var(--trait-line)"",borderRadius:""8px"",background:a?""var(--trait-on-bg)"":""transparent"",color:a?""var(--trait-"
source/js/36tbz-w9v-p8v.js,12584,flex,none,"r(e=>e!==t):e.length>=6?e:[...e,t])},style:{width:""18px"",height:""18px"",flex:""none"",accentColor:""var(--accent)""}}),(0,t.jsx)(""span"",{children:e[s]})]},e."
source/js/36tbz-w9v-p8v.js,12702,display,flex,".jsx)(""span"",{children:e[s]})]},e.tag)})})]}),(0,t.jsxs)(""div"",{style:{display:""flex"",flexDirection:""column"",gap:""8px""},children:[(0,t.jsx)(""label"",{htmlFo"
source/js/36tbz-w9v-p8v.js,12740,gap,8px,"})})]}),(0,t.jsxs)(""div"",{style:{display:""flex"",flexDirection:""column"",gap:""8px""},children:[(0,t.jsx)(""label"",{htmlFor:""reader-parent-comment"",style:{"
source/js/36tbz-w9v-p8v.js,13045,width,100%,",maxLength:1e3,value:u,disabled:m,onChange:e=>p(e.target.value),style:{width:""100%"",minHeight:""112px"",resize:""vertical"",border:""1px solid var(--choice-li"
source/js/36tbz-w9v-p8v.js,13058,minHeight,112px,"3,value:u,disabled:m,onChange:e=>p(e.target.value),style:{width:""100%"",minHeight:""112px"",resize:""vertical"",border:""1px solid var(--choice-line)"",borderRadius:"
source/js/36tbz-w9v-p8v.js,13132,borderRadius,8px,"Height:""112px"",resize:""vertical"",border:""1px solid var(--choice-line)"",borderRadius:""8px"",padding:""12px"",background:""var(--choice-bg)"",color:""var(--choice-ink)"
source/js/36tbz-w9v-p8v.js,13151,padding,12px,"ze:""vertical"",border:""1px solid var(--choice-line)"",borderRadius:""8px"",padding:""12px"",background:""var(--choice-bg)"",color:""var(--choice-ink)"",fontFamily:""v"
source/js/36tbz-w9v-p8v.js,13385,minHeight,44px,""",className:""btn btn-primary"",disabled:m,style:{alignSelf:""flex-start"",minHeight:""44px"",padding:""10px 22px"",fontSize:"".95rem""},children:m?S.sending:f?S.retry"
source/js/36tbz-w9v-p8v.js,13402,padding,10px 22px,"btn-primary"",disabled:m,style:{alignSelf:""flex-start"",minHeight:""44px"",padding:""10px 22px"",fontSize:"".95rem""},children:m?S.sending:f?S.retry:S.submit})]}):null,"
source/js/36tbz-w9v-p8v.js,17829,paddingTop,18px,"ck-thanks"",role:""status"",style:{borderTop:""1px solid var(--card-line)"",paddingTop:""18px"",color:""var(--card-sub)"",fontFamily:""var(--ui)"",fontSize:"".92rem"",line"
source/js/36tbz-w9v-p8v.js,18005,width,"min(680px, 100%)","en:s.thanks}):(0,t.jsxs)(""div"",{""data-testid"":""parent-feedback"",style:{width:""min(680px, 100%)"",borderTop:""1px solid var(--card-line)"",paddingTop:""18px"",display:""fle"
source/js/36tbz-w9v-p8v.js,18069,paddingTop,18px,"style:{width:""min(680px, 100%)"",borderTop:""1px solid var(--card-line)"",paddingTop:""18px"",display:""flex"",flexDirection:""column"",gap:""12px"",color:""var(--card-in"
source/js/36tbz-w9v-p8v.js,18087,display,flex,"680px, 100%)"",borderTop:""1px solid var(--card-line)"",paddingTop:""18px"",display:""flex"",flexDirection:""column"",gap:""12px"",color:""var(--card-ink)""},children:["
source/js/36tbz-w9v-p8v.js,18125,gap,12px,"(--card-line)"",paddingTop:""18px"",display:""flex"",flexDirection:""column"",gap:""12px"",color:""var(--card-ink)""},children:[(0,t.jsx)(""p"",{style:{margin:0,col"
source/js/36tbz-w9v-p8v.js,18193,margin,0,"n"",gap:""12px"",color:""var(--card-ink)""},children:[(0,t.jsx)(""p"",{style:{margin:0,color:""var(--card-sub)"",fontFamily:""var(--ui)"",fontSize:"".82rem"",font"
source/js/36tbz-w9v-p8v.js,18350,margin,0,"00},children:s.grownUp}),(0,t.jsx)(""p"",{className:""prose-plain"",style:{margin:0,fontSize:""1.05rem"",fontWeight:600,lineHeight:1.55,color:""var(--card-i"
source/js/36tbz-w9v-p8v.js,18481,display,flex,"olor:""var(--card-ink)""},children:s.question}),(0,t.jsxs)(""div"",{style:{display:""flex"",flexWrap:""wrap"",gap:""10px""},children:[(0,t.jsx)(""button"",{type:""butto"
source/js/36tbz-w9v-p8v.js,18512,gap,10px,"n:s.question}),(0,t.jsxs)(""div"",{style:{display:""flex"",flexWrap:""wrap"",gap:""10px""},children:[(0,t.jsx)(""button"",{type:""button"",className:""btn btn-prima"
source/js/36tbz-w9v-p8v.js,18659,minHeight,44px,"rimary"",disabled:d,""aria-pressed"":!0===l,onClick:()=>void y(!0),style:{minHeight:""44px"",padding:""10px 22px"",fontSize:"".95rem""},children:m&&!0===l?s.yesRetry:"
source/js/36tbz-w9v-p8v.js,18676,padding,10px 22px,"d,""aria-pressed"":!0===l,onClick:()=>void y(!0),style:{minHeight:""44px"",padding:""10px 22px"",fontSize:"".95rem""},children:m&&!0===l?s.yesRetry:s.yes}),(0,t.jsx)(""b"
source/js/36tbz-w9v-p8v.js,18876,minHeight,44px,"-ghost"",disabled:d,""aria-pressed"":!1===l,onClick:()=>void y(!1),style:{minHeight:""44px"",padding:""10px 22px"",fontSize:"".95rem""},children:m&&!1===l?s.notYetRet"
source/js/36tbz-w9v-p8v.js,18893,padding,10px 22px,"d,""aria-pressed"":!1===l,onClick:()=>void y(!1),style:{minHeight:""44px"",padding:""10px 22px"",fontSize:"".95rem""},children:m&&!1===l?s.notYetRetry:s.notYet})]}),d?("
source/js/36tbz-w9v-p8v.js,19017,margin,0,"===l?s.notYetRetry:s.notYet})]}),d?(0,t.jsx)(""p"",{role:""status"",style:{margin:0,color:""var(--card-sub)"",fontFamily:""var(--ui)"",fontSize:"".88rem""},chi"
source/js/36tbz-w9v-p8v.js,19155,margin,0,"88rem""},children:s.sending}):null,m?(0,t.jsx)(""p"",{role:""alert"",style:{margin:0,color:""var(--coral-chip-ink)"",fontFamily:""var(--ui)"",fontSize:"".88rem"
source/js/390j9gbq0u9ce.js,23394,display,inline-flex,"okshelf""},s={sv:""Logga in"",en:""Login""},c={sv:""Priser"",en:""Pricing""},d={display:""inline-flex"",alignItems:""center"",justifyContent:""center"",gap:""7px"",minHeight:""44px"
source/js/390j9gbq0u9ce.js,23460,gap,7px,"},d={display:""inline-flex"",alignItems:""center"",justifyContent:""center"",gap:""7px"",minHeight:""44px"",maxWidth:""100%"",boxSizing:""border-box"",padding:""0 10"
source/js/390j9gbq0u9ce.js,23470,minHeight,44px,"ay:""inline-flex"",alignItems:""center"",justifyContent:""center"",gap:""7px"",minHeight:""44px"",maxWidth:""100%"",boxSizing:""border-box"",padding:""0 10px"",borderRadius:"
source/js/390j9gbq0u9ce.js,23487,maxWidth,100%,"alignItems:""center"",justifyContent:""center"",gap:""7px"",minHeight:""44px"",maxWidth:""100%"",boxSizing:""border-box"",padding:""0 10px"",borderRadius:""999px"",border:"""
source/js/390j9gbq0u9ce.js,23526,padding,0 10px,"ter"",gap:""7px"",minHeight:""44px"",maxWidth:""100%"",boxSizing:""border-box"",padding:""0 10px"",borderRadius:""999px"",border:""1.5px solid var(--card-line)"",color:""var"
source/js/390j9gbq0u9ce.js,23543,borderRadius,999px,"nHeight:""44px"",maxWidth:""100%"",boxSizing:""border-box"",padding:""0 10px"",borderRadius:""999px"",border:""1.5px solid var(--card-line)"",color:""var(--card-sub)"",fontFam"
source/js/390j9gbq0u9ce.js,26696,display,inline-flex,".i(98025);let a={sv:""Byt språk"",en:""Change language""},o=[""sv"",""en""],l={display:""inline-flex"",alignItems:""center"",gap:""2px"",padding:""3px"",borderRadius:""999px"",bord"
source/js/390j9gbq0u9ce.js,26738,gap,2px," language""},o=[""sv"",""en""],l={display:""inline-flex"",alignItems:""center"",gap:""2px"",padding:""3px"",borderRadius:""999px"",border:""1.5px solid var(--card-lin"
source/js/390j9gbq0u9ce.js,26748,padding,3px,"},o=[""sv"",""en""],l={display:""inline-flex"",alignItems:""center"",gap:""2px"",padding:""3px"",borderRadius:""999px"",border:""1.5px solid var(--card-line)"",fontFamily"
source/js/390j9gbq0u9ce.js,26762,borderRadius,999px,"],l={display:""inline-flex"",alignItems:""center"",gap:""2px"",padding:""3px"",borderRadius:""999px"",border:""1.5px solid var(--card-line)"",fontFamily:""var(--ui)""};e.s([""L"
source/js/390j9gbq0u9ce.js,27271,padding,5px 11px,"ath=/; max-age=31536000; SameSite=Lax`}catch{}i.refresh()}})(r),style:{padding:""5px 11px"",borderRadius:""999px"",border:""none"",background:a?""var(--accent)"":""tran"
source/js/390j9gbq0u9ce.js,27290,borderRadius,999px,"6000; SameSite=Lax`}catch{}i.refresh()}})(r),style:{padding:""5px 11px"",borderRadius:""999px"",border:""none"",background:a?""var(--accent)"":""transparent"",color:a?""var"
source/js/390j9gbq0u9ce.js,27524,minHeight,44px,"0,fontSize:"".82rem"",letterSpacing:"".02em"",cursor:a?""default"":""pointer"",minHeight:""44px"",minWidth:""44px""},children:r.toUpperCase()},r)})})}])},22530,e=>{""use "
