value,count,sources (source | selector | at-rule)
2px,2,"source/css/37m388zf6rymp.pretty.css:367 | .glod-stage[data-narrow=""1""] .glod-rope |  ;; source/css/37m388zf6rymp.pretty.css:904 | .glod-book-rule | "
3px,1,source/css/37m388zf6rymp.pretty.css:74 | .glod-post | 
6px,5,source/css/3q17cp_jgfwol.pretty.css:478 | .skip-link |  ;; source/css/37m388zf6rymp.pretty.css:221 | .glod-wb-rewrite |  ;; source/css/37m388zf6rymp.pretty.css:238 | .glod-wb-action |  ;; source/css/37m388zf6rymp.pretty.css:601 | .glod-mem-carry |  ;; source/css/37m388zf6rymp.pretty.css:643 | .glod-active-ember-with-cue | 
7px,1,source/css/37m388zf6rymp.pretty.css:852 | .glod-book-cover:before | 
8px,5,source/css/3q17cp_jgfwol.pretty.css:2046 | .reader-audio-control |  ;; source/css/3q17cp_jgfwol.pretty.css:2498 | .advs > .adv .adv-art | @media (max-width: 600px) ;; source/css/2h1wwdz1nvxwk.pretty.css:90 | .cs-spine |  ;; source/js/36tbz-w9v-p8v.js@12117 | js style | inline ;; source/js/36tbz-w9v-p8v.js@13132 | js style | inline
9px 15px 15px 7px,1,source/css/37m388zf6rymp.pretty.css:833 | .glod-book-cover | 
9px 0 0 7px,1,source/css/37m388zf6rymp.pretty.css:875 | .glod-book-spine | 
9px,2,source/css/37m388zf6rymp.pretty.css:990 | .glod-open |  ;; source/css/2_gt301v4m-60.pretty.css:721 | .start-flow .stile .sw | 
12px,4,source/css/2h1wwdz1nvxwk.pretty.css:100 | .cs-memtag |  ;; source/css/2h1wwdz1nvxwk.pretty.css:535 | .cs-inline-field input |  ;; source/css/37m388zf6rymp.pretty.css:93 | .glod-board |  ;; source/js/0ad0wel9cyv30.js@49672 | js style | inline
14px,12,source/css/3q17cp_jgfwol.pretty.css:1266 | .upload .cam |  ;; source/css/3q17cp_jgfwol.pretty.css:2116 | .reader-keepsake-cover |  ;; source/css/3q17cp_jgfwol.pretty.css:2733 | .hiw-invite-slot |  ;; source/css/3q17cp_jgfwol.pretty.css:2755 | .hiw-fan-card |  ;; source/css/3q17cp_jgfwol.pretty.css:3052 | .hiw-cover |  ;; source/css/2_gt301v4m-60.pretty.css:710 | .start-flow .stile |  ;; source/rendered/dom__login__sv.html | input | inline ;; source/rendered/dom__signup__sv.html | input | inline ;; source/js/1hcx0qn-qjgfn.js@3561 | js style | inline ;; source/js/1hcx0qn-qjgfn.js@6971 | js style | inline ;; source/js/1hcx0qn-qjgfn.js@7209 | js style | inline ;; source/js/26ye0kuppitcn.js@20517 | js style | inline
16px,6,source/css/3q17cp_jgfwol.pretty.css:1412 | .comp-avatar |  ;; source/css/3q17cp_jgfwol.pretty.css:1893 | .reader-choice-prompt |  ;; source/css/3q17cp_jgfwol.pretty.css:1911 | .choice |  ;; source/css/3q17cp_jgfwol.pretty.css:3096 | .hiw-memory-tag |  ;; source/css/2_gt301v4m-60.pretty.css:27 | .start-flow .gbook |  ;; source/css/2_gt301v4m-60.pretty.css:67 | .start-flow .field | 
18px,11,source/css/3q17cp_jgfwol.pretty.css:988 | .fan .badge |  ;; source/css/3q17cp_jgfwol.pretty.css:1250 | .upload |  ;; source/css/3q17cp_jgfwol.pretty.css:1303 | .friend .avatar |  ;; source/css/3q17cp_jgfwol.pretty.css:1333 | .friend-add |  ;; source/css/3q17cp_jgfwol.pretty.css:1962 | .sound-panel |  ;; source/css/3q17cp_jgfwol.pretty.css:2168 | .friend-mode-option |  ;; source/css/3q17cp_jgfwol.pretty.css:2198 | .friend-photo-step |  ;; source/css/2h1wwdz1nvxwk.pretty.css:448 | .cs-door-face:after |  ;; source/css/2_gt301v4m-60.pretty.css:160 | .start-flow .pick |  ;; source/css/2_gt301v4m-60.pretty.css:556 | .start-flow .worldrow |  ;; source/js/2j_-r8q4tgdka.js@25294 | js style | inline
20px,3,source/css/3q17cp_jgfwol.pretty.css:931 | .fan .fbook |  ;; source/css/3q17cp_jgfwol.pretty.css:2680 | .hiw-frame img |  ;; source/css/2h1wwdz1nvxwk.pretty.css:508 | .cs-inline-friend | 
22px,1,source/css/3q17cp_jgfwol.pretty.css:1491 | .book | 
24px,3,"source/css/3q17cp_jgfwol.pretty.css:1452 | .companion-pic |  ;; source/css/3q17cp_jgfwol.pretty.css:2674 | .hiw-frame |  ;; source/css/2h1wwdz1nvxwk.pretty.css:332 | .cs-sheet, .cs-sheet[data-sheet] | @media (max-width: 700px)"
25px 25px 0 0,4,source/css/3q17cp_jgfwol.pretty.css:1627 | .adv-art |  ;; source/css/3q17cp_jgfwol.pretty.css:1661 | .mobile-adv.adv .adv-art | @media (max-width: 760px) ;; source/css/2_gt301v4m-60.pretty.css:661 | .start-flow .adv-art |  ;; source/css/2_gt301v4m-60.pretty.css:906 | .start-flow .adv-art | @media (max-width: 480px)
26px,6,source/css/3q17cp_jgfwol.pretty.css:1117 | .glass |  ;; source/css/3q17cp_jgfwol.pretty.css:1131 | .glass:before |  ;; source/css/3q17cp_jgfwol.pretty.css:1403 | .comp-tile--story:after |  ;; source/css/3q17cp_jgfwol.pretty.css:2394 | .create-customize |  ;; source/css/2h1wwdz1nvxwk.pretty.css:17 | .cs-portrait |  ;; source/css/2_gt301v4m-60.pretty.css:291 | .start-flow .easel | 
28px,1,source/css/2_gt301v4m-60.pretty.css:223 | .start-flow .pframe | 
30px,2,source/css/3q17cp_jgfwol.pretty.css:1169 | .builder-pic .pframe |  ;; source/css/3q17cp_jgfwol.pretty.css:1758 | .reader | 
32px,1,source/css/2_gt301v4m-60.pretty.css:845 | .start-flow .handoff .pframe | 
50%,21,source/css/3q17cp_jgfwol.pretty.css:1012 | .badge .dotpulse |  ;; source/css/3q17cp_jgfwol.pretty.css:1193 | .builder-pic .fab |  ;; source/css/3q17cp_jgfwol.pretty.css:1878 | .reader-link-wait .dotpulse |  ;; source/css/3q17cp_jgfwol.pretty.css:2607 | .hiw-node |  ;; source/css/3q17cp_jgfwol.pretty.css:2711 | .hiw-friend-row img |  ;; source/css/3q17cp_jgfwol.pretty.css:2849 | .hiw-voice-chip img |  ;; source/css/3q17cp_jgfwol.pretty.css:3011 | .hiw-map-btn |  ;; source/css/3q17cp_jgfwol.pretty.css:3108 | .hiw-memory-tag .dotpulse |  ;; source/css/37m388zf6rymp.pretty.css:135 | .glod-nail |  ;; source/css/37m388zf6rymp.pretty.css:184 | .glod-pulse-dot |  ;; source/css/37m388zf6rymp.pretty.css:204 | .glod-alert-dot |  ;; source/css/37m388zf6rymp.pretty.css:276 | .glod-wb-steps li .dot |  ;; source/css/37m388zf6rymp.pretty.css:483 | .glod-mem-close |  ;; source/css/37m388zf6rymp.pretty.css:530 | .glod-mem-ember |  ;; source/css/37m388zf6rymp.pretty.css:549 | .glod-mem-ember-core |  ;; source/css/37m388zf6rymp.pretty.css:627 | .glod-active-ember |  ;; source/css/37m388zf6rymp.pretty.css:662 | .glod-active-ember-core |  ;; source/css/2_gt301v4m-60.pretty.css:129 | .start-flow .paintpill .dotpulse |  ;; source/css/2_gt301v4m-60.pretty.css:343 | .start-flow .ember |  ;; source/css/2_gt301v4m-60.pretty.css:404 | .start-flow .veil-speck |  ;; source/js/0ad0wel9cyv30.js@50172 | js style | inline
999px,63,source/css/3q17cp_jgfwol.pretty.css:737 | .nav-cta |  ;; source/css/3q17cp_jgfwol.pretty.css:779 | .tt |  ;; source/css/3q17cp_jgfwol.pretty.css:792 | .tt-thumb |  ;; source/css/3q17cp_jgfwol.pretty.css:841 | .kicker |  ;; source/css/3q17cp_jgfwol.pretty.css:890 | .btn |  ;; source/css/3q17cp_jgfwol.pretty.css:1093 | .sec-chip |  ;; source/css/3q17cp_jgfwol.pretty.css:1229 | .trait |  ;; source/css/3q17cp_jgfwol.pretty.css:1525 | .book-sub |  ;; source/css/3q17cp_jgfwol.pretty.css:1570 | .chip |  ;; source/css/3q17cp_jgfwol.pretty.css:1993 | .sound-bed |  ;; source/css/3q17cp_jgfwol.pretty.css:2428 | .create-customize > summary small |  ;; source/css/3q17cp_jgfwol.pretty.css:2547 | .hiw-kicker |  ;; source/css/3q17cp_jgfwol.pretty.css:2691 | .hiw-ai-chip |  ;; source/css/3q17cp_jgfwol.pretty.css:2777 | .hiw-bar |  ;; source/css/3q17cp_jgfwol.pretty.css:2783 | .hiw-bar i |  ;; source/css/3q17cp_jgfwol.pretty.css:2814 | .hiw-play |  ;; source/css/3q17cp_jgfwol.pretty.css:2839 | .hiw-voice-chip |  ;; source/css/3q17cp_jgfwol.pretty.css:2891 | .hiw-choice |  ;; source/css/3q17cp_jgfwol.pretty.css:3079 | .hiw-next-label |  ;; source/css/2h1wwdz1nvxwk.pretty.css:121 | .cs-coin |  ;; source/css/2h1wwdz1nvxwk.pretty.css:181 | .cs-chip |  ;; source/css/2h1wwdz1nvxwk.pretty.css:209 | .cs-chip-th |  ;; source/css/2h1wwdz1nvxwk.pretty.css:297 | .cs-sheet-close |  ;; source/css/2_gt301v4m-60.pretty.css:118 | .start-flow .paintpill |  ;; source/css/2_gt301v4m-60.pretty.css:578 | .start-flow .wslot |  ;; source/css/2_gt301v4m-60.pretty.css:787 | .start-flow .sheet .picked |  ;; source/rendered/dom__home__sv.html | a | inline ;; source/rendered/dom__home__sv.html | div.language-switcher | inline ;; source/rendered/dom__home__sv.html | button | inline ;; source/rendered/dom__home__sv.html | span | inline ;; source/rendered/dom__start__sv.html | a | inline ;; source/rendered/dom__start__sv.html | div.language-switcher | inline ;; source/rendered/dom__start__sv.html | button | inline ;; source/rendered/dom__start__sv.html | span | inline ;; source/rendered/dom__uppgradera__sv.html | a | inline ;; source/rendered/dom__uppgradera__sv.html | div.language-switcher | inline ;; source/rendered/dom__uppgradera__sv.html | button | inline ;; source/rendered/dom__uppgradera__sv.html | span | inline ;; source/rendered/dom__login__sv.html | a | inline ;; source/rendered/dom__login__sv.html | div.language-switcher | inline ;; source/rendered/dom__login__sv.html | button | inline ;; source/rendered/dom__login__sv.html | span | inline ;; source/rendered/dom__signup__sv.html | a | inline ;; source/rendered/dom__signup__sv.html | div.language-switcher | inline ;; source/rendered/dom__signup__sv.html | button | inline ;; source/rendered/dom__signup__sv.html | span | inline ;; source/rendered/dom__integritet__sv.html | a | inline ;; source/rendered/dom__integritet__sv.html | div.language-switcher | inline ;; source/rendered/dom__integritet__sv.html | button | inline ;; source/rendered/dom__integritet__sv.html | span | inline ;; source/rendered/dom__villkor__sv.html | a | inline ;; source/rendered/dom__villkor__sv.html | div.language-switcher | inline ;; source/rendered/dom__villkor__sv.html | button | inline ;; source/rendered/dom__villkor__sv.html | span | inline ;; source/rendered/dom__404__sv.html | a | inline ;; source/rendered/dom__404__sv.html | div.language-switcher | inline ;; source/rendered/dom__404__sv.html | button | inline ;; source/rendered/dom__404__sv.html | span | inline ;; source/js/2j_-r8q4tgdka.js@7016 | js style | inline ;; source/js/2j_-r8q4tgdka.js@24515 | js style | inline ;; source/js/390j9gbq0u9ce.js@23543 | js style | inline ;; source/js/390j9gbq0u9ce.js@26762 | js style | inline ;; source/js/390j9gbq0u9ce.js@27290 | js style | inline
inherit,4,source/css/37m388zf6rymp.pretty.css:105 | .glod-board:before |  ;; source/css/37m388zf6rymp.pretty.css:122 | .glod-board:after |  ;; source/css/37m388zf6rymp.pretty.css:883 | .glod-book-fire |  ;; source/css/37m388zf6rymp.pretty.css:1012 | .glod-open:before | 
