origin,source,selector_or_element,at_rule,property,value,token
css,source/css/3q17cp_jgfwol.pretty.css:479,.skip-link,,padding,10px 14px,10px
css,source/css/3q17cp_jgfwol.pretty.css:479,.skip-link,,padding,10px 14px,14px
css,source/css/3q17cp_jgfwol.pretty.css:593,*,,margin,0,0
css,source/css/3q17cp_jgfwol.pretty.css:685,.shell,,margin,0 auto,0
css,source/css/3q17cp_jgfwol.pretty.css:685,.shell,,margin,0 auto,auto
css,source/css/3q17cp_jgfwol.pretty.css:686,.shell,,padding,0 28px,0
css,source/css/3q17cp_jgfwol.pretty.css:686,.shell,,padding,0 28px,28px
css,source/css/3q17cp_jgfwol.pretty.css:692,.shell > nav,,gap,14px,14px
css,source/css/3q17cp_jgfwol.pretty.css:693,.shell > nav,,padding,22px 0,22px
css,source/css/3q17cp_jgfwol.pretty.css:693,.shell > nav,,padding,22px 0,0
css,source/css/3q17cp_jgfwol.pretty.css:705,.logo,,gap,13px,13px
css,source/css/3q17cp_jgfwol.pretty.css:719,.nav-right,,gap,12px,12px
css,source/css/3q17cp_jgfwol.pretty.css:738,.nav-cta,,padding,11px 20px,11px
css,source/css/3q17cp_jgfwol.pretty.css:738,.nav-cta,,padding,11px 20px,20px
css,source/css/3q17cp_jgfwol.pretty.css:749,.logo,@media (max-width: 560px),gap,8px,8px
css,source/css/3q17cp_jgfwol.pretty.css:757,.shell > nav,@media (max-width: 560px),gap,8px,8px
css,source/css/3q17cp_jgfwol.pretty.css:758,.shell > nav,@media (max-width: 560px),padding,14px 0,14px
css,source/css/3q17cp_jgfwol.pretty.css:758,.shell > nav,@media (max-width: 560px),padding,14px 0,0
css,source/css/3q17cp_jgfwol.pretty.css:761,.nav-right,@media (max-width: 560px),gap,8px,8px
css,source/css/3q17cp_jgfwol.pretty.css:764,.nav-cta,@media (max-width: 560px),padding,9px 14px,9px
css,source/css/3q17cp_jgfwol.pretty.css:764,.nav-cta,@media (max-width: 560px),padding,9px 14px,14px
css,source/css/3q17cp_jgfwol.pretty.css:781,.tt,,padding,4px,4px
css,source/css/3q17cp_jgfwol.pretty.css:807,.tt-opt,,gap,7px,7px
css,source/css/3q17cp_jgfwol.pretty.css:808,.tt-opt,,padding,8px 14px,8px
css,source/css/3q17cp_jgfwol.pretty.css:808,.tt-opt,,padding,8px 14px,14px
css,source/css/3q17cp_jgfwol.pretty.css:830,.hero,,gap,40px,40px
css,source/css/3q17cp_jgfwol.pretty.css:832,.hero,,padding,4vh 0 2vh,4vh
css,source/css/3q17cp_jgfwol.pretty.css:832,.hero,,padding,4vh 0 2vh,0
css,source/css/3q17cp_jgfwol.pretty.css:832,.hero,,padding,4vh 0 2vh,2vh
css,source/css/3q17cp_jgfwol.pretty.css:843,.kicker,,gap,8px,8px
css,source/css/3q17cp_jgfwol.pretty.css:844,.kicker,,margin-bottom,22px,22px
css,source/css/3q17cp_jgfwol.pretty.css:845,.kicker,,padding,8px 16px,8px
css,source/css/3q17cp_jgfwol.pretty.css:845,.kicker,,padding,8px 16px,16px
css,source/css/3q17cp_jgfwol.pretty.css:861,h1,,margin-bottom,18px,18px
css,source/css/3q17cp_jgfwol.pretty.css:875,.lede,,margin-bottom,30px,30px
css,source/css/3q17cp_jgfwol.pretty.css:883,.cta-row,,gap,14px,14px
css,source/css/3q17cp_jgfwol.pretty.css:892,.btn,,gap,10px,10px
css,source/css/3q17cp_jgfwol.pretty.css:894,.btn,,padding,17px 30px,17px
css,source/css/3q17cp_jgfwol.pretty.css:894,.btn,,padding,17px 30px,30px
css,source/css/3q17cp_jgfwol.pretty.css:990,.fan .badge,,gap,12px,12px
css,source/css/3q17cp_jgfwol.pretty.css:991,.fan .badge,,padding,14px 18px,14px
css,source/css/3q17cp_jgfwol.pretty.css:991,.fan .badge,,padding,14px 18px,18px
css,source/css/3q17cp_jgfwol.pretty.css:1039,section,,padding,44px 0 8px,44px
css,source/css/3q17cp_jgfwol.pretty.css:1039,section,,padding,44px 0 8px,0
css,source/css/3q17cp_jgfwol.pretty.css:1039,section,,padding,44px 0 8px,8px
css,source/css/3q17cp_jgfwol.pretty.css:1043,.sec-head,,gap,14px,14px
css,source/css/3q17cp_jgfwol.pretty.css:1044,.sec-head,,margin-bottom,22px,22px
css,source/css/3q17cp_jgfwol.pretty.css:1051,.sec-intro,,margin,-10px 0 22px,-10px
css,source/css/3q17cp_jgfwol.pretty.css:1051,.sec-intro,,margin,-10px 0 22px,0
css,source/css/3q17cp_jgfwol.pretty.css:1051,.sec-intro,,margin,-10px 0 22px,22px
css,source/css/3q17cp_jgfwol.pretty.css:1068,".create-title, .page-title",,margin,0,0
css,source/css/3q17cp_jgfwol.pretty.css:1075,.legal-language-details,,margin-top,32px,32px
css,source/css/3q17cp_jgfwol.pretty.css:1076,.legal-language-details,,padding-top,18px,18px
css,source/css/3q17cp_jgfwol.pretty.css:1094,.sec-chip,,padding,6px 12px,6px
css,source/css/3q17cp_jgfwol.pretty.css:1094,.sec-chip,,padding,6px 12px,12px
css,source/css/3q17cp_jgfwol.pretty.css:1132,.glass:before,,padding,1px,1px
css,source/css/3q17cp_jgfwol.pretty.css:1150,.builder-grid,,gap,18px,18px
css,source/css/3q17cp_jgfwol.pretty.css:1158,.builder,,gap,24px,24px
css,source/css/3q17cp_jgfwol.pretty.css:1159,.builder,,padding,26px,26px
css,source/css/3q17cp_jgfwol.pretty.css:1213,.builder-name,,margin-bottom,12px,12px
css,source/css/3q17cp_jgfwol.pretty.css:1219,.trait-row,,gap,9px,9px
css,source/css/3q17cp_jgfwol.pretty.css:1220,.trait-row,,margin-bottom,18px,18px
css,source/css/3q17cp_jgfwol.pretty.css:1233,.trait,,padding,8px 15px,8px
css,source/css/3q17cp_jgfwol.pretty.css:1233,.trait,,padding,8px 15px,15px
css,source/css/3q17cp_jgfwol.pretty.css:1252,.upload,,gap,14px,14px
css,source/css/3q17cp_jgfwol.pretty.css:1253,.upload,,padding,14px 16px,14px
css,source/css/3q17cp_jgfwol.pretty.css:1253,.upload,,padding,14px 16px,16px
css,source/css/3q17cp_jgfwol.pretty.css:1286,.friends,,gap,14px,14px
css,source/css/3q17cp_jgfwol.pretty.css:1287,.friends,,padding,26px,26px
css,source/css/3q17cp_jgfwol.pretty.css:1298,.friend,,gap,14px,14px
css,source/css/3q17cp_jgfwol.pretty.css:1336,.friend-add,,gap,12px,12px
css,source/css/3q17cp_jgfwol.pretty.css:1337,.friend-add,,margin-top,auto,auto
css,source/css/3q17cp_jgfwol.pretty.css:1338,.friend-add,,padding,15px,15px
css,source/css/3q17cp_jgfwol.pretty.css:1436,.comp-chosen,,margin-top,4px,4px
css,source/css/3q17cp_jgfwol.pretty.css:1446,.companion,,gap,18px,18px
css,source/css/3q17cp_jgfwol.pretty.css:1447,.companion,,padding,20px 22px,20px
css,source/css/3q17cp_jgfwol.pretty.css:1447,.companion,,padding,20px 22px,22px
css,source/css/3q17cp_jgfwol.pretty.css:1476,.companion-sub,,margin-top,4px,4px
css,source/css/3q17cp_jgfwol.pretty.css:1482,.shelf,,gap,22px,22px
css,source/css/3q17cp_jgfwol.pretty.css:1511,.book-meta,,padding,14px 16px 16px,14px
css,source/css/3q17cp_jgfwol.pretty.css:1511,.book-meta,,padding,14px 16px 16px,16px
css,source/css/3q17cp_jgfwol.pretty.css:1511,.book-meta,,padding,14px 16px 16px,16px
css,source/css/3q17cp_jgfwol.pretty.css:1526,.book-sub,,margin-top,6px,6px
css,source/css/3q17cp_jgfwol.pretty.css:1527,.book-sub,,padding,4px 10px,4px
css,source/css/3q17cp_jgfwol.pretty.css:1527,.book-sub,,padding,4px 10px,10px
css,source/css/3q17cp_jgfwol.pretty.css:1534,.advs,,gap,18px,18px
css,source/css/3q17cp_jgfwol.pretty.css:1539,.adv,,gap,12px,12px
css,source/css/3q17cp_jgfwol.pretty.css:1540,.adv,,padding,22px,22px
css,source/css/3q17cp_jgfwol.pretty.css:1549,.family-switcher,,gap,8px,8px
css,source/css/3q17cp_jgfwol.pretty.css:1551,.family-switcher,,margin,0 auto,0
css,source/css/3q17cp_jgfwol.pretty.css:1551,.family-switcher,,margin,0 auto,auto
css,source/css/3q17cp_jgfwol.pretty.css:1552,.family-switcher,,padding,14px 28px 0,14px
css,source/css/3q17cp_jgfwol.pretty.css:1552,.family-switcher,,padding,14px 28px 0,28px
css,source/css/3q17cp_jgfwol.pretty.css:1552,.family-switcher,,padding,14px 28px 0,0
css,source/css/3q17cp_jgfwol.pretty.css:1572,.chip,,gap,7px,7px
css,source/css/3q17cp_jgfwol.pretty.css:1574,.chip,,padding,6px 13px,6px
css,source/css/3q17cp_jgfwol.pretty.css:1574,.chip,,padding,6px 13px,13px
css,source/css/3q17cp_jgfwol.pretty.css:1618,.adv .btn,,padding,12px 24px,12px
css,source/css/3q17cp_jgfwol.pretty.css:1618,.adv .btn,,padding,12px 24px,24px
css,source/css/3q17cp_jgfwol.pretty.css:1628,.adv-art,,margin,-22px -22px 2px,-22px
css,source/css/3q17cp_jgfwol.pretty.css:1628,.adv-art,,margin,-22px -22px 2px,-22px
css,source/css/3q17cp_jgfwol.pretty.css:1628,.adv-art,,margin,-22px -22px 2px,2px
css,source/css/3q17cp_jgfwol.pretty.css:1647,.create-adventure-picker--mobile,@media (max-width: 760px),gap,14px,14px
css,source/css/3q17cp_jgfwol.pretty.css:1652,.mobile-adv.adv,@media (max-width: 760px),gap,10px,10px
css,source/css/3q17cp_jgfwol.pretty.css:1653,.mobile-adv.adv,@media (max-width: 760px),padding,16px,16px
css,source/css/3q17cp_jgfwol.pretty.css:1666,.mobile-adv.adv .adv-art,@media (max-width: 760px),margin,-16px -16px 0,-16px
css,source/css/3q17cp_jgfwol.pretty.css:1666,.mobile-adv.adv .adv-art,@media (max-width: 760px),margin,-16px -16px 0,-16px
css,source/css/3q17cp_jgfwol.pretty.css:1666,.mobile-adv.adv .adv-art,@media (max-width: 760px),margin,-16px -16px 0,0
css,source/css/3q17cp_jgfwol.pretty.css:1669,.mobile-adv .adv-title,@media (max-width: 760px),margin,0,0
css,source/css/3q17cp_jgfwol.pretty.css:1673,.mobile-adv-difference,@media (max-width: 760px),margin,0,0
css,source/css/3q17cp_jgfwol.pretty.css:1687,.mobile-adv-details summary,@media (max-width: 760px),gap,12px,12px
css,source/css/3q17cp_jgfwol.pretty.css:1705,.mobile-adv-detail-copy,@media (max-width: 760px),gap,6px,6px
css,source/css/3q17cp_jgfwol.pretty.css:1706,.mobile-adv-detail-copy,@media (max-width: 760px),padding,2px 0 8px,2px
css,source/css/3q17cp_jgfwol.pretty.css:1706,.mobile-adv-detail-copy,@media (max-width: 760px),padding,2px 0 8px,0
css,source/css/3q17cp_jgfwol.pretty.css:1706,.mobile-adv-detail-copy,@media (max-width: 760px),padding,2px 0 8px,8px
css,source/css/3q17cp_jgfwol.pretty.css:1804,.reader-body,,padding,34px 36px,34px
css,source/css/3q17cp_jgfwol.pretty.css:1804,.reader-body,,padding,34px 36px,36px
css,source/css/3q17cp_jgfwol.pretty.css:1818,.reader-title,,margin,0,0
css,source/css/3q17cp_jgfwol.pretty.css:1837,.prose:first-letter,,padding,4px 10px 0 0,4px
css,source/css/3q17cp_jgfwol.pretty.css:1837,.prose:first-letter,,padding,4px 10px 0 0,10px
css,source/css/3q17cp_jgfwol.pretty.css:1837,.prose:first-letter,,padding,4px 10px 0 0,0
css,source/css/3q17cp_jgfwol.pretty.css:1837,.prose:first-letter,,padding,4px 10px 0 0,0
css,source/css/3q17cp_jgfwol.pretty.css:1870,.reader-link-wait,,gap,8px,8px
css,source/css/3q17cp_jgfwol.pretty.css:1871,.reader-link-wait,,margin,10px 0 0,10px
css,source/css/3q17cp_jgfwol.pretty.css:1871,.reader-link-wait,,margin,10px 0 0,0
css,source/css/3q17cp_jgfwol.pretty.css:1871,.reader-link-wait,,margin,10px 0 0,0
css,source/css/3q17cp_jgfwol.pretty.css:1886,.reader-choice-group,,margin-top,22px,22px
css,source/css/3q17cp_jgfwol.pretty.css:1894,.reader-choice-prompt,,margin,0,0
css,source/css/3q17cp_jgfwol.pretty.css:1895,.reader-choice-prompt,,padding,16px 18px,16px
css,source/css/3q17cp_jgfwol.pretty.css:1895,.reader-choice-prompt,,padding,16px 18px,18px
css,source/css/3q17cp_jgfwol.pretty.css:1900,.choice-row,,gap,12px,12px
css,source/css/3q17cp_jgfwol.pretty.css:1901,.choice-row,,margin-top,24px,24px
css,source/css/3q17cp_jgfwol.pretty.css:1915,.choice,,padding,16px 14px,16px
css,source/css/3q17cp_jgfwol.pretty.css:1915,.choice,,padding,16px 14px,14px
css,source/css/3q17cp_jgfwol.pretty.css:1938,.foot,,gap,16px,16px
css,source/css/3q17cp_jgfwol.pretty.css:1939,.foot,,margin-top,auto,auto
css,source/css/3q17cp_jgfwol.pretty.css:1940,.foot,,padding,26px 0 34px,26px
css,source/css/3q17cp_jgfwol.pretty.css:1940,.foot,,padding,26px 0 34px,0
css,source/css/3q17cp_jgfwol.pretty.css:1940,.foot,,padding,26px 0 34px,34px
css,source/css/3q17cp_jgfwol.pretty.css:1949,.sound,,margin,14px 0 4px,14px
css,source/css/3q17cp_jgfwol.pretty.css:1949,.sound,,margin,14px 0 4px,0
css,source/css/3q17cp_jgfwol.pretty.css:1949,.sound,,margin,14px 0 4px,4px
css,source/css/3q17cp_jgfwol.pretty.css:1964,.sound-panel,,gap,14px,14px
css,source/css/3q17cp_jgfwol.pretty.css:1965,.sound-panel,,margin-top,12px,12px
css,source/css/3q17cp_jgfwol.pretty.css:1966,.sound-panel,,padding,16px,16px
css,source/css/3q17cp_jgfwol.pretty.css:1971,.sound-group,,gap,8px,8px
css,source/css/3q17cp_jgfwol.pretty.css:1984,.sound-beds,,gap,8px,8px
css,source/css/3q17cp_jgfwol.pretty.css:1997,.sound-bed,,padding,8px 16px,8px
css,source/css/3q17cp_jgfwol.pretty.css:1997,.sound-bed,,padding,8px 16px,16px
css,source/css/3q17cp_jgfwol.pretty.css:2018,.sound-foot,,gap,16px,16px
css,source/css/3q17cp_jgfwol.pretty.css:2024,.sound-volume,,gap,10px,10px
css,source/css/3q17cp_jgfwol.pretty.css:2035,.reader-narration,,gap,8px,8px
css,source/css/3q17cp_jgfwol.pretty.css:2036,.reader-narration,,margin,14px 0 2px,14px
css,source/css/3q17cp_jgfwol.pretty.css:2036,.reader-narration,,margin,14px 0 2px,0
css,source/css/3q17cp_jgfwol.pretty.css:2036,.reader-narration,,margin,14px 0 2px,2px
css,source/css/3q17cp_jgfwol.pretty.css:2050,.reader-audio-control,,padding,0,0
css,source/css/3q17cp_jgfwol.pretty.css:2078,.reader-illustration-toggle,,margin,10px 0 2px,10px
css,source/css/3q17cp_jgfwol.pretty.css:2078,.reader-illustration-toggle,,margin,10px 0 2px,0
css,source/css/3q17cp_jgfwol.pretty.css:2078,.reader-illustration-toggle,,margin,10px 0 2px,2px
css,source/css/3q17cp_jgfwol.pretty.css:2099,.reader-ceremony,,gap,18px,18px
css,source/css/3q17cp_jgfwol.pretty.css:2107,.reader-keepsake-head,,gap,22px,22px
css,source/css/3q17cp_jgfwol.pretty.css:2128,.reader-ceremony-title,,margin,0,0
css,source/css/3q17cp_jgfwol.pretty.css:2134,.reader-ceremony-actions,,gap,12px,12px
css,source/css/3q17cp_jgfwol.pretty.css:2145,.friend-mode-picker,,margin,0,0
css,source/css/3q17cp_jgfwol.pretty.css:2146,.friend-mode-picker,,padding,0,0
css,source/css/3q17cp_jgfwol.pretty.css:2151,.friend-mode-picker legend,,margin-bottom,10px,10px
css,source/css/3q17cp_jgfwol.pretty.css:2156,.friend-mode-options,,gap,12px,12px
css,source/css/3q17cp_jgfwol.pretty.css:2170,.friend-mode-option,,gap,6px,6px
css,source/css/3q17cp_jgfwol.pretty.css:2171,.friend-mode-option,,padding,16px,16px
css,source/css/3q17cp_jgfwol.pretty.css:2192,.friend-mode-lock,,margin,0,0
css,source/css/3q17cp_jgfwol.pretty.css:2193,.friend-mode-lock,,padding,12px 14px,12px
css,source/css/3q17cp_jgfwol.pretty.css:2193,.friend-mode-lock,,padding,12px 14px,14px
css,source/css/3q17cp_jgfwol.pretty.css:2199,.friend-photo-step,,gap,14px,14px
css,source/css/3q17cp_jgfwol.pretty.css:2201,.friend-photo-step,,padding,18px,18px
css,source/css/3q17cp_jgfwol.pretty.css:2207,.friend-photo-step h2,,margin,0,0
css,source/css/3q17cp_jgfwol.pretty.css:2212,.friend-photo-step > p,,margin,0,0
css,source/css/3q17cp_jgfwol.pretty.css:2217,.friend-photo-attestation,,gap,12px,12px
css,source/css/3q17cp_jgfwol.pretty.css:2247,.hero,@media (max-width: 880px),padding-top,3vh,3vh
css,source/css/3q17cp_jgfwol.pretty.css:2251,.fan,@media (max-width: 880px),margin-top,8px,8px
css,source/css/3q17cp_jgfwol.pretty.css:2273,.tt-opt,@media (max-width: 880px),padding,8px 10px,8px
css,source/css/3q17cp_jgfwol.pretty.css:2273,.tt-opt,@media (max-width: 880px),padding,8px 10px,10px
css,source/css/3q17cp_jgfwol.pretty.css:2283,.nav-right,@media (max-width: 768px),margin-left,auto,auto
css,source/css/3q17cp_jgfwol.pretty.css:2288,.nav-right,@media (max-width: 560px),gap,6px,6px
css,source/css/3q17cp_jgfwol.pretty.css:2291,.tt-opt,@media (max-width: 560px),gap,0,0
css,source/css/3q17cp_jgfwol.pretty.css:2292,.tt-opt,@media (max-width: 560px),padding,8px,8px
css,source/css/3q17cp_jgfwol.pretty.css:2296,.reader-body,@media (max-width: 560px),padding,24px 20px,24px
css,source/css/3q17cp_jgfwol.pretty.css:2296,.reader-body,@media (max-width: 560px),padding,24px 20px,20px
css,source/css/3q17cp_jgfwol.pretty.css:2310,.reader-narration,@media (max-width: 560px),margin-top,12px,12px
css,source/css/3q17cp_jgfwol.pretty.css:2324,.reader-keepsake-head,@media (max-width: 560px),gap,14px,14px
css,source/css/3q17cp_jgfwol.pretty.css:2342,.friend-photo-step,@media (max-width: 560px),padding,16px,16px
css,source/css/3q17cp_jgfwol.pretty.css:2384,.create-carried-thread,,margin,0 0 16px,0
css,source/css/3q17cp_jgfwol.pretty.css:2384,.create-carried-thread,,margin,0 0 16px,0
css,source/css/3q17cp_jgfwol.pretty.css:2384,.create-carried-thread,,margin,0 0 16px,16px
css,source/css/3q17cp_jgfwol.pretty.css:2385,.create-carried-thread,,padding,12px 14px,12px
css,source/css/3q17cp_jgfwol.pretty.css:2385,.create-carried-thread,,padding,12px 14px,14px
css,source/css/3q17cp_jgfwol.pretty.css:2395,.create-customize,,margin-top,34px,34px
css,source/css/3q17cp_jgfwol.pretty.css:2411,.create-customize > summary,,gap,12px,12px
css,source/css/3q17cp_jgfwol.pretty.css:2412,.create-customize > summary,,padding,14px 22px,14px
css,source/css/3q17cp_jgfwol.pretty.css:2412,.create-customize > summary,,padding,14px 22px,22px
css,source/css/3q17cp_jgfwol.pretty.css:2429,.create-customize > summary small,,margin-left,auto,auto
css,source/css/3q17cp_jgfwol.pretty.css:2430,.create-customize > summary small,,padding,6px 14px,6px
css,source/css/3q17cp_jgfwol.pretty.css:2430,.create-customize > summary small,,padding,6px 14px,14px
css,source/css/3q17cp_jgfwol.pretty.css:2448,.create-customize-body,,padding,0 22px 26px,0
css,source/css/3q17cp_jgfwol.pretty.css:2448,.create-customize-body,,padding,0 22px 26px,22px
css,source/css/3q17cp_jgfwol.pretty.css:2448,.create-customize-body,,padding,0 22px 26px,26px
css,source/css/3q17cp_jgfwol.pretty.css:2451,.create-customize .sec-head,,margin-bottom,12px,12px
css,source/css/3q17cp_jgfwol.pretty.css:2458,.create-customize .sec-intro,,margin-bottom,14px,14px
css,source/css/3q17cp_jgfwol.pretty.css:2465,.create-customize > summary:after,,margin-left,2px,2px
css,source/css/3q17cp_jgfwol.pretty.css:2466,.create-customize > summary:after,,margin-right,4px,4px
css,source/css/3q17cp_jgfwol.pretty.css:2469,.create-customize-section,,padding,28px 0 4px,28px
css,source/css/3q17cp_jgfwol.pretty.css:2469,.create-customize-section,,padding,28px 0 4px,0
css,source/css/3q17cp_jgfwol.pretty.css:2469,.create-customize-section,,padding,28px 0 4px,4px
css,source/css/3q17cp_jgfwol.pretty.css:2473,.create-customize-section + .create-customize-section,,margin-top,22px,22px
css,source/css/3q17cp_jgfwol.pretty.css:2484,.advs,@media (max-width: 600px),gap,12px,12px
css,source/css/3q17cp_jgfwol.pretty.css:2489,.advs > .adv,@media (max-width: 600px),gap,7px 12px,7px
css,source/css/3q17cp_jgfwol.pretty.css:2489,.advs > .adv,@media (max-width: 600px),gap,7px 12px,12px
css,source/css/3q17cp_jgfwol.pretty.css:2490,.advs > .adv,@media (max-width: 600px),padding,14px,14px
css,source/css/3q17cp_jgfwol.pretty.css:2503,.advs > .adv .adv-art,@media (max-width: 600px),margin,0,0
css,source/css/3q17cp_jgfwol.pretty.css:2525,.advs > .adv .btn,@media (max-width: 600px),padding,9px 18px,9px
css,source/css/3q17cp_jgfwol.pretty.css:2525,.advs > .adv .btn,@media (max-width: 600px),padding,9px 18px,18px
css,source/css/3q17cp_jgfwol.pretty.css:2539,.hiw-head,,margin-bottom,36px,36px
css,source/css/3q17cp_jgfwol.pretty.css:2548,.hiw-kicker,,margin-bottom,16px,16px
css,source/css/3q17cp_jgfwol.pretty.css:2549,.hiw-kicker,,padding,7px 14px,7px
css,source/css/3q17cp_jgfwol.pretty.css:2549,.hiw-kicker,,padding,7px 14px,14px
css,source/css/3q17cp_jgfwol.pretty.css:2558,.hiw-headline,,margin-bottom,12px,12px
css,source/css/3q17cp_jgfwol.pretty.css:2571,.hiw-steps,,gap,36px,36px
css,source/css/3q17cp_jgfwol.pretty.css:2572,.hiw-steps,,margin,0,0
css,source/css/3q17cp_jgfwol.pretty.css:2573,.hiw-steps,,padding,0,0
css,source/css/3q17cp_jgfwol.pretty.css:2617,.hiw-step-body,,gap,30px,30px
css,source/css/3q17cp_jgfwol.pretty.css:2634,.hiw-step-text h3,,margin-bottom,10px,10px
css,source/css/3q17cp_jgfwol.pretty.css:2649,.hiw-micro,,gap,8px,8px
css,source/css/3q17cp_jgfwol.pretty.css:2650,.hiw-micro,,margin-top,12px,12px
css,source/css/3q17cp_jgfwol.pretty.css:2665,.hiw-card,,padding,22px,22px
css,source/css/3q17cp_jgfwol.pretty.css:2676,.hiw-frame,,padding,10px,10px
css,source/css/3q17cp_jgfwol.pretty.css:2692,.hiw-ai-chip,,padding,5px 11px,5px
css,source/css/3q17cp_jgfwol.pretty.css:2692,.hiw-ai-chip,,padding,5px 11px,11px
css,source/css/3q17cp_jgfwol.pretty.css:2701,.hiw-friend-card,,gap,14px,14px
css,source/css/3q17cp_jgfwol.pretty.css:2706,.hiw-friend-row,,gap,12px,12px
css,source/css/3q17cp_jgfwol.pretty.css:2741,.hiw-adventure-card,,gap,18px,18px
css,source/css/3q17cp_jgfwol.pretty.css:2747,.hiw-fan,,padding,8px 0 4px,8px
css,source/css/3q17cp_jgfwol.pretty.css:2747,.hiw-fan,,padding,8px 0 4px,0
css,source/css/3q17cp_jgfwol.pretty.css:2747,.hiw-fan,,padding,8px 0 4px,4px
css,source/css/3q17cp_jgfwol.pretty.css:2772,.hiw-bake,,gap,8px,8px
css,source/css/3q17cp_jgfwol.pretty.css:2795,.hiw-read-visual,,gap,14px,14px
css,source/css/3q17cp_jgfwol.pretty.css:2801,.hiw-playrow,,gap,12px,12px
css,source/css/3q17cp_jgfwol.pretty.css:2816,.hiw-play,,gap,10px,10px
css,source/css/3q17cp_jgfwol.pretty.css:2817,.hiw-play,,padding,12px 22px,12px
css,source/css/3q17cp_jgfwol.pretty.css:2817,.hiw-play,,padding,12px 22px,22px
css,source/css/3q17cp_jgfwol.pretty.css:2841,.hiw-voice-chip,,gap,8px,8px
css,source/css/3q17cp_jgfwol.pretty.css:2842,.hiw-voice-chip,,padding,5px 12px 5px 5px,5px
css,source/css/3q17cp_jgfwol.pretty.css:2842,.hiw-voice-chip,,padding,5px 12px 5px 5px,12px
css,source/css/3q17cp_jgfwol.pretty.css:2842,.hiw-voice-chip,,padding,5px 12px 5px 5px,5px
css,source/css/3q17cp_jgfwol.pretty.css:2842,.hiw-voice-chip,,padding,5px 12px 5px 5px,5px
css,source/css/3q17cp_jgfwol.pretty.css:2854,.hiw-reader-mock,,padding,0,0
css,source/css/3q17cp_jgfwol.pretty.css:2866,.hiw-mock-prose,,padding,18px 22px 6px,18px
css,source/css/3q17cp_jgfwol.pretty.css:2866,.hiw-mock-prose,,padding,18px 22px 6px,22px
css,source/css/3q17cp_jgfwol.pretty.css:2866,.hiw-mock-prose,,padding,18px 22px 6px,6px
css,source/css/3q17cp_jgfwol.pretty.css:2873,.hiw-mock-prose:first-letter,,padding,3px 8px 0 0,3px
css,source/css/3q17cp_jgfwol.pretty.css:2873,.hiw-mock-prose:first-letter,,padding,3px 8px 0 0,8px
css,source/css/3q17cp_jgfwol.pretty.css:2873,.hiw-mock-prose:first-letter,,padding,3px 8px 0 0,0
css,source/css/3q17cp_jgfwol.pretty.css:2873,.hiw-mock-prose:first-letter,,padding,3px 8px 0 0,0
css,source/css/3q17cp_jgfwol.pretty.css:2880,.hiw-mock-choices,,gap,10px,10px
css,source/css/3q17cp_jgfwol.pretty.css:2881,.hiw-mock-choices,,padding,12px 22px 22px,12px
css,source/css/3q17cp_jgfwol.pretty.css:2881,.hiw-mock-choices,,padding,12px 22px 22px,22px
css,source/css/3q17cp_jgfwol.pretty.css:2881,.hiw-mock-choices,,padding,12px 22px 22px,22px
css,source/css/3q17cp_jgfwol.pretty.css:2893,.hiw-choice,,padding,10px 14px,10px
css,source/css/3q17cp_jgfwol.pretty.css:2893,.hiw-choice,,padding,10px 14px,14px
css,source/css/3q17cp_jgfwol.pretty.css:2898,.hiw-map,,padding,26px,26px
css,source/css/3q17cp_jgfwol.pretty.css:2913,.hiw-caption,,margin-top,14px,14px
css,source/css/3q17cp_jgfwol.pretty.css:2918,.hiw-map-cta,,margin-top,14px,14px
css,source/css/3q17cp_jgfwol.pretty.css:2926,.hiw-visually-hidden,,margin,-1px,-1px
css,source/css/3q17cp_jgfwol.pretty.css:2927,.hiw-visually-hidden,,padding,0,0
css,source/css/3q17cp_jgfwol.pretty.css:3015,.hiw-map-btn,,padding,0,0
css,source/css/3q17cp_jgfwol.pretty.css:3042,.hiw-bookfan,,padding,34px 0 24px,34px
css,source/css/3q17cp_jgfwol.pretty.css:3042,.hiw-bookfan,,padding,34px 0 24px,0
css,source/css/3q17cp_jgfwol.pretty.css:3042,.hiw-bookfan,,padding,34px 0 24px,24px
css,source/css/3q17cp_jgfwol.pretty.css:3080,.hiw-next-label,,padding,3px 10px,3px
css,source/css/3q17cp_jgfwol.pretty.css:3080,.hiw-next-label,,padding,3px 10px,10px
css,source/css/3q17cp_jgfwol.pretty.css:3098,.hiw-memory-tag,,gap,10px,10px
css,source/css/3q17cp_jgfwol.pretty.css:3099,.hiw-memory-tag,,padding,10px 14px,10px
css,source/css/3q17cp_jgfwol.pretty.css:3099,.hiw-memory-tag,,padding,10px 14px,14px
css,source/css/3q17cp_jgfwol.pretty.css:3128,.hiw-closing,,gap,14px,14px
css,source/css/3q17cp_jgfwol.pretty.css:3129,.hiw-closing,,margin-top,40px,40px
css,source/css/3q17cp_jgfwol.pretty.css:3138,.cta-primary-col,,gap,10px,10px
css,source/css/3q17cp_jgfwol.pretty.css:3162,.hiw-step-body,@media (max-width: 880px),gap,16px,16px
css,source/css/3q17cp_jgfwol.pretty.css:3173,.hiw-map,@media (max-width: 720px),padding,16px 12px,16px
css,source/css/3q17cp_jgfwol.pretty.css:3173,.hiw-map,@media (max-width: 720px),padding,16px 12px,12px
css,source/css/2h1wwdz1nvxwk.pretty.css:3,.cs-band,,gap,18px,18px
css,source/css/2h1wwdz1nvxwk.pretty.css:4,.cs-band,,margin-bottom,6px,6px
css,source/css/2h1wwdz1nvxwk.pretty.css:11,.cs-band-left,,gap,2px,2px
css,source/css/2h1wwdz1nvxwk.pretty.css:47,.cs-andra,,margin-top,6px,6px
css,source/css/2h1wwdz1nvxwk.pretty.css:48,.cs-andra,,padding,0,0
css,source/css/2h1wwdz1nvxwk.pretty.css:65,.cs-h1,,margin,0,0
css,source/css/2h1wwdz1nvxwk.pretty.css:74,.cs-lede,,margin,8px 0 0,8px
css,source/css/2h1wwdz1nvxwk.pretty.css:74,.cs-lede,,margin,8px 0 0,0
css,source/css/2h1wwdz1nvxwk.pretty.css:74,.cs-lede,,margin,8px 0 0,0
css,source/css/2h1wwdz1nvxwk.pretty.css:82,.cs-memory,,gap,9px,9px
css,source/css/2h1wwdz1nvxwk.pretty.css:84,.cs-memory,,margin-top,4px,4px
css,source/css/2h1wwdz1nvxwk.pretty.css:102,.cs-memtag,,margin,0,0
css,source/css/2h1wwdz1nvxwk.pretty.css:103,.cs-memtag,,padding,8px 12px,8px
css,source/css/2h1wwdz1nvxwk.pretty.css:103,.cs-memtag,,padding,8px 12px,12px
css,source/css/2h1wwdz1nvxwk.pretty.css:123,.cs-coin,,margin-left,-9px,-9px
css,source/css/2h1wwdz1nvxwk.pretty.css:146,.cs-memory .cs-coins,@media (max-width: 700px),margin-left,auto,auto
css,source/css/2h1wwdz1nvxwk.pretty.css:152,.cs-recipe-group,,margin,16px 0 4px,16px
css,source/css/2h1wwdz1nvxwk.pretty.css:152,.cs-recipe-group,,margin,16px 0 4px,0
css,source/css/2h1wwdz1nvxwk.pretty.css:152,.cs-recipe-group,,margin,16px 0 4px,4px
css,source/css/2h1wwdz1nvxwk.pretty.css:159,.cs-recipe-title,,margin,0,0
css,source/css/2h1wwdz1nvxwk.pretty.css:167,.cs-recipe,,margin,4px 0 0,4px
css,source/css/2h1wwdz1nvxwk.pretty.css:167,.cs-recipe,,margin,4px 0 0,0
css,source/css/2h1wwdz1nvxwk.pretty.css:167,.cs-recipe,,margin,4px 0 0,0
css,source/css/2h1wwdz1nvxwk.pretty.css:183,.cs-chip,,gap,7px,7px
css,source/css/2h1wwdz1nvxwk.pretty.css:184,.cs-chip,,padding,4px 12px 4px 5px,4px
css,source/css/2h1wwdz1nvxwk.pretty.css:184,.cs-chip,,padding,4px 12px 4px 5px,12px
css,source/css/2h1wwdz1nvxwk.pretty.css:184,.cs-chip,,padding,4px 12px 4px 5px,4px
css,source/css/2h1wwdz1nvxwk.pretty.css:184,.cs-chip,,padding,4px 12px 4px 5px,5px
css,source/css/2h1wwdz1nvxwk.pretty.css:246,.cs-sheetwrap,,padding,20px,20px
css,source/css/2h1wwdz1nvxwk.pretty.css:254,.cs-sheet,,gap,16px,16px
css,source/css/2h1wwdz1nvxwk.pretty.css:257,.cs-sheet,,padding,24px,24px
css,source/css/2h1wwdz1nvxwk.pretty.css:276,.cs-sheet-head,,gap,16px,16px
css,source/css/2h1wwdz1nvxwk.pretty.css:282,.cs-sheet-title,,margin,0,0
css,source/css/2h1wwdz1nvxwk.pretty.css:307,.cs-sheet-body,,gap,14px,14px
css,source/css/2h1wwdz1nvxwk.pretty.css:309,.cs-sheet-body,,padding,2px 3px 4px,2px
css,source/css/2h1wwdz1nvxwk.pretty.css:309,.cs-sheet-body,,padding,2px 3px 4px,3px
css,source/css/2h1wwdz1nvxwk.pretty.css:309,.cs-sheet-body,,padding,2px 3px 4px,4px
css,source/css/2h1wwdz1nvxwk.pretty.css:315,.cs-sheet-body > .sec-intro,,margin,0,0
css,source/css/2h1wwdz1nvxwk.pretty.css:328,.cs-sheetwrap,@media (max-width: 700px),padding,12px,12px
css,source/css/2h1wwdz1nvxwk.pretty.css:335,".cs-sheet, .cs-sheet[data-sheet]",@media (max-width: 700px),padding,18px 16px,18px
css,source/css/2h1wwdz1nvxwk.pretty.css:335,".cs-sheet, .cs-sheet[data-sheet]",@media (max-width: 700px),padding,18px 16px,16px
css,source/css/2h1wwdz1nvxwk.pretty.css:338,.cs-sheet-body,@media (max-width: 700px),padding-inline,1px,1px
css,source/css/2h1wwdz1nvxwk.pretty.css:348,.cs-h2,,margin,22px 0 12px,22px
css,source/css/2h1wwdz1nvxwk.pretty.css:348,.cs-h2,,margin,22px 0 12px,0
css,source/css/2h1wwdz1nvxwk.pretty.css:348,.cs-h2,,margin,22px 0 12px,12px
css,source/css/2h1wwdz1nvxwk.pretty.css:354,.cs-doors,,gap,13px,13px
css,source/css/2h1wwdz1nvxwk.pretty.css:377,.cs-door-foot,,gap,6px,6px
css,source/css/2h1wwdz1nvxwk.pretty.css:378,.cs-door-foot,,padding,11px 13px 13px,11px
css,source/css/2h1wwdz1nvxwk.pretty.css:378,.cs-door-foot,,padding,11px 13px 13px,13px
css,source/css/2h1wwdz1nvxwk.pretty.css:378,.cs-door-foot,,padding,11px 13px 13px,13px
css,source/css/2h1wwdz1nvxwk.pretty.css:403,.cs-door-title,,margin,0,0
css,source/css/2h1wwdz1nvxwk.pretty.css:412,.cs-door-hook,,margin,0,0
css,source/css/2h1wwdz1nvxwk.pretty.css:424,.cs-door .btn,,padding,9px 12px,9px
css,source/css/2h1wwdz1nvxwk.pretty.css:424,.cs-door .btn,,padding,9px 12px,12px
css,source/css/2h1wwdz1nvxwk.pretty.css:490,.cs-companion-actions,,gap,12px,12px
css,source/css/2h1wwdz1nvxwk.pretty.css:509,.cs-inline-friend,,gap,15px,15px
css,source/css/2h1wwdz1nvxwk.pretty.css:510,.cs-inline-friend,,padding,18px,18px
css,source/css/2h1wwdz1nvxwk.pretty.css:514,.cs-inline-friend-head,,gap,5px,5px
css,source/css/2h1wwdz1nvxwk.pretty.css:520,.cs-inline-friend-head h4,,margin,0,0
css,source/css/2h1wwdz1nvxwk.pretty.css:526,.cs-inline-friend-head p,,margin,0,0
css,source/css/2h1wwdz1nvxwk.pretty.css:531,.cs-inline-field,,gap,7px,7px
css,source/css/2h1wwdz1nvxwk.pretty.css:538,.cs-inline-field input,,padding,10px 12px,10px
css,source/css/2h1wwdz1nvxwk.pretty.css:538,.cs-inline-field input,,padding,10px 12px,12px
css,source/css/2h1wwdz1nvxwk.pretty.css:543,.cs-inline-options,,margin,0,0
css,source/css/2h1wwdz1nvxwk.pretty.css:544,.cs-inline-options,,padding,0,0
css,source/css/2h1wwdz1nvxwk.pretty.css:549,.cs-inline-options legend,,margin-bottom,9px,9px
css,source/css/2h1wwdz1nvxwk.pretty.css:552,.cs-inline-options .trait-row,,margin-bottom,0,0
css,source/css/2h1wwdz1nvxwk.pretty.css:556,.cs-inline-actions,,gap,10px,10px
css,source/css/2h1wwdz1nvxwk.pretty.css:568,.cs-inline-friend,@media (max-width: 560px),padding,15px,15px
css,source/css/37m388zf6rymp.pretty.css:5,.glod-stage,,margin-top,6px,6px
css,source/css/37m388zf6rymp.pretty.css:6,.glod-stage,,margin-bottom,30px,30px
css,source/css/37m388zf6rymp.pretty.css:7,.glod-stage,,margin-left,-50vw,-50vw
css,source/css/37m388zf6rymp.pretty.css:15,.glod-stage,@media (min-width: 860px),margin-top,0,0
css,source/css/37m388zf6rymp.pretty.css:94,.glod-board,,padding,15px 18px 13px,15px
css,source/css/37m388zf6rymp.pretty.css:94,.glod-board,,padding,15px 18px 13px,18px
css,source/css/37m388zf6rymp.pretty.css:94,.glod-board,,padding,15px 18px 13px,13px
css,source/css/37m388zf6rymp.pretty.css:169,.glod-wb-head,,gap,9px,9px
css,source/css/37m388zf6rymp.pretty.css:170,.glod-wb-head,,margin-top,5px,5px
css,source/css/37m388zf6rymp.pretty.css:178,.glod-wb-title,,margin,0,0
css,source/css/37m388zf6rymp.pretty.css:213,.glod-wb-expect,,margin,8px 0 0,8px
css,source/css/37m388zf6rymp.pretty.css:213,.glod-wb-expect,,margin,8px 0 0,0
css,source/css/37m388zf6rymp.pretty.css:213,.glod-wb-expect,,margin,8px 0 0,0
css,source/css/37m388zf6rymp.pretty.css:222,.glod-wb-rewrite,,margin,9px 0 0,9px
css,source/css/37m388zf6rymp.pretty.css:222,.glod-wb-rewrite,,margin,9px 0 0,0
css,source/css/37m388zf6rymp.pretty.css:222,.glod-wb-rewrite,,margin,9px 0 0,0
css,source/css/37m388zf6rymp.pretty.css:223,.glod-wb-rewrite,,padding,8px 10px,8px
css,source/css/37m388zf6rymp.pretty.css:223,.glod-wb-rewrite,,padding,8px 10px,10px
css,source/css/37m388zf6rymp.pretty.css:239,.glod-wb-action,,margin-top,12px,12px
css,source/css/37m388zf6rymp.pretty.css:251,.glod-wb-action-error,,margin,8px 0 0,8px
css,source/css/37m388zf6rymp.pretty.css:251,.glod-wb-action-error,,margin,8px 0 0,0
css,source/css/37m388zf6rymp.pretty.css:251,.glod-wb-action-error,,margin,8px 0 0,0
css,source/css/37m388zf6rymp.pretty.css:257,.glod-wb-steps,,gap,6px,6px
css,source/css/37m388zf6rymp.pretty.css:258,.glod-wb-steps,,margin,10px 0 0,10px
css,source/css/37m388zf6rymp.pretty.css:258,.glod-wb-steps,,margin,10px 0 0,0
css,source/css/37m388zf6rymp.pretty.css:258,.glod-wb-steps,,margin,10px 0 0,0
css,source/css/37m388zf6rymp.pretty.css:259,.glod-wb-steps,,padding,10px 0 0,10px
css,source/css/37m388zf6rymp.pretty.css:259,.glod-wb-steps,,padding,10px 0 0,0
css,source/css/37m388zf6rymp.pretty.css:259,.glod-wb-steps,,padding,10px 0 0,0
css,source/css/37m388zf6rymp.pretty.css:268,.glod-wb-steps li,,gap,9px,9px
css,source/css/37m388zf6rymp.pretty.css:310,.glod-board,@media (min-width: 1800px),padding,18px 22px 16px,18px
css,source/css/37m388zf6rymp.pretty.css:310,.glod-board,@media (min-width: 1800px),padding,18px 22px 16px,22px
css,source/css/37m388zf6rymp.pretty.css:310,.glod-board,@media (min-width: 1800px),padding,18px 22px 16px,16px
css,source/css/37m388zf6rymp.pretty.css:323,.glod-wb-expect,@media (min-width: 1800px),margin-top,9px,9px
css,source/css/37m388zf6rymp.pretty.css:330,.glod-wb-steps,@media (min-width: 1800px),gap,8px,8px
css,source/css/37m388zf6rymp.pretty.css:331,.glod-wb-steps,@media (min-width: 1800px),margin-top,12px,12px
css,source/css/37m388zf6rymp.pretty.css:332,.glod-wb-steps,@media (min-width: 1800px),padding-top,12px,12px
css,source/css/37m388zf6rymp.pretty.css:335,.glod-wb-steps li,@media (min-width: 1800px),gap,10px,10px
css,source/css/37m388zf6rymp.pretty.css:383,".glod-stage[data-narrow=""1""] .glod-board",,padding,11px 13px 10px,11px
css,source/css/37m388zf6rymp.pretty.css:383,".glod-stage[data-narrow=""1""] .glod-board",,padding,11px 13px 10px,13px
css,source/css/37m388zf6rymp.pretty.css:383,".glod-stage[data-narrow=""1""] .glod-board",,padding,11px 13px 10px,10px
css,source/css/37m388zf6rymp.pretty.css:390,".glod-stage[data-narrow=""1""] .glod-wb-head",,gap,8px,8px
css,source/css/37m388zf6rymp.pretty.css:391,".glod-stage[data-narrow=""1""] .glod-wb-head",,margin-top,4px,4px
css,source/css/37m388zf6rymp.pretty.css:402,".glod-stage[data-narrow=""1""] .glod-wb-expect",,margin-top,5px,5px
css,source/css/37m388zf6rymp.pretty.css:407,".glod-stage[data-narrow=""1""] .glod-wb-rewrite",,margin-top,6px,6px
css,source/css/37m388zf6rymp.pretty.css:408,".glod-stage[data-narrow=""1""] .glod-wb-rewrite",,padding,6px 8px,6px
css,source/css/37m388zf6rymp.pretty.css:408,".glod-stage[data-narrow=""1""] .glod-wb-rewrite",,padding,6px 8px,8px
css,source/css/37m388zf6rymp.pretty.css:413,".glod-stage[data-narrow=""1""] .glod-wb-action",,margin-top,8px,8px
css,source/css/37m388zf6rymp.pretty.css:417,".glod-stage[data-narrow=""1""] .glod-wb-steps",,gap,4px,4px
css,source/css/37m388zf6rymp.pretty.css:418,".glod-stage[data-narrow=""1""] .glod-wb-steps",,margin-top,7px,7px
css,source/css/37m388zf6rymp.pretty.css:419,".glod-stage[data-narrow=""1""] .glod-wb-steps",,padding-top,7px,7px
css,source/css/37m388zf6rymp.pretty.css:422,".glod-stage[data-narrow=""1""] .glod-wb-steps li",,gap,8px,8px
css,source/css/37m388zf6rymp.pretty.css:470,.glod-mem-card,,padding,24px 22px 28px,24px
css,source/css/37m388zf6rymp.pretty.css:470,.glod-mem-card,,padding,24px 22px 28px,22px
css,source/css/37m388zf6rymp.pretty.css:470,.glod-mem-card,,padding,24px 22px 28px,28px
css,source/css/37m388zf6rymp.pretty.css:485,.glod-mem-close,,padding,0,0
css,source/css/37m388zf6rymp.pretty.css:534,.glod-mem-ember,,padding,0,0
css,source/css/37m388zf6rymp.pretty.css:583,.glod-mem-hook,,margin,0 26px 0 0,0
css,source/css/37m388zf6rymp.pretty.css:583,.glod-mem-hook,,margin,0 26px 0 0,26px
css,source/css/37m388zf6rymp.pretty.css:583,.glod-mem-hook,,margin,0 26px 0 0,0
css,source/css/37m388zf6rymp.pretty.css:583,.glod-mem-hook,,margin,0 26px 0 0,0
css,source/css/37m388zf6rymp.pretty.css:602,.glod-mem-carry,,margin-top,14px,14px
css,source/css/37m388zf6rymp.pretty.css:603,.glod-mem-carry,,padding,9px 12px,9px
css,source/css/37m388zf6rymp.pretty.css:603,.glod-mem-carry,,padding,9px 12px,12px
css,source/css/37m388zf6rymp.pretty.css:617,.glod-return-status,,margin,-1px,-1px
css,source/css/37m388zf6rymp.pretty.css:618,.glod-return-status,,padding,0,0
css,source/css/37m388zf6rymp.pretty.css:631,.glod-active-ember,,padding,0,0
css,source/css/37m388zf6rymp.pretty.css:646,.glod-active-ember-with-cue,,gap,8px,8px
css,source/css/37m388zf6rymp.pretty.css:650,.glod-active-ember-with-cue,,padding,5px 10px 5px 9px,5px
css,source/css/37m388zf6rymp.pretty.css:650,.glod-active-ember-with-cue,,padding,5px 10px 5px 9px,10px
css,source/css/37m388zf6rymp.pretty.css:650,.glod-active-ember-with-cue,,padding,5px 10px 5px 9px,5px
css,source/css/37m388zf6rymp.pretty.css:650,.glod-active-ember-with-cue,,padding,5px 10px 5px 9px,9px
css,source/css/37m388zf6rymp.pretty.css:726,.glod-hearth-box,,gap,6px,6px
css,source/css/37m388zf6rymp.pretty.css:749,.glod-hearth-box p,,margin,0,0
css,source/css/37m388zf6rymp.pretty.css:767,".glod-stage[data-narrow=""1""] .glod-hearth-box",,gap,4px,4px
css,source/css/37m388zf6rymp.pretty.css:782,.glod-sound,,padding,9px 16px,9px
css,source/css/37m388zf6rymp.pretty.css:782,.glod-sound,,padding,9px 16px,16px
css,source/css/37m388zf6rymp.pretty.css:836,.glod-book-cover,,padding,0 16px 18px,0
css,source/css/37m388zf6rymp.pretty.css:836,.glod-book-cover,,padding,0 16px 18px,16px
css,source/css/37m388zf6rymp.pretty.css:836,.glod-book-cover,,padding,0 16px 18px,18px
css,source/css/37m388zf6rymp.pretty.css:898,.glod-book-art,,margin-top,11%,11%
css,source/css/37m388zf6rymp.pretty.css:907,.glod-book-rule,,margin-top,15px,15px
css,source/css/37m388zf6rymp.pretty.css:929,.glod-book-title,,margin-top,12px,12px
css,source/css/37m388zf6rymp.pretty.css:930,.glod-book-title,,padding,0 6px,0
css,source/css/37m388zf6rymp.pretty.css:930,.glod-book-title,,padding,0 6px,6px
css,source/css/37m388zf6rymp.pretty.css:942,.glod-book-colophon,,margin-top,auto,auto
css,source/css/37m388zf6rymp.pretty.css:955,.glod-caption,,gap,16px,16px
css,source/css/37m388zf6rymp.pretty.css:994,.glod-open,,padding,13px 36px,13px
css,source/css/37m388zf6rymp.pretty.css:994,.glod-open,,padding,13px 36px,36px
css,source/css/37m388zf6rymp.pretty.css:1093,body.glod-takeover .glod-stage,,margin,0,0
css,source/css/2_gt301v4m-60.pretty.css:16,.start-flow .gallery,,gap,14px,14px
css,source/css/2_gt301v4m-60.pretty.css:17,.start-flow .gallery,,padding,22px 0 6px,22px
css,source/css/2_gt301v4m-60.pretty.css:17,.start-flow .gallery,,padding,22px 0 6px,0
css,source/css/2_gt301v4m-60.pretty.css:17,.start-flow .gallery,,padding,22px 0 6px,6px
css,source/css/2_gt301v4m-60.pretty.css:28,.start-flow .gbook,,margin,0,0
css,source/css/2_gt301v4m-60.pretty.css:40,.start-flow .gbook figcaption,,padding,8px 10px,8px
css,source/css/2_gt301v4m-60.pretty.css:40,.start-flow .gbook figcaption,,padding,8px 10px,10px
css,source/css/2_gt301v4m-60.pretty.css:46,.start-flow .stepcard,,gap,20px,20px
css,source/css/2_gt301v4m-60.pretty.css:48,.start-flow .stepcard,,margin,0 auto,0
css,source/css/2_gt301v4m-60.pretty.css:48,.start-flow .stepcard,,margin,0 auto,auto
css,source/css/2_gt301v4m-60.pretty.css:49,.start-flow .stepcard,,padding,30px 28px 28px,30px
css,source/css/2_gt301v4m-60.pretty.css:49,.start-flow .stepcard,,padding,30px 28px 28px,28px
css,source/css/2_gt301v4m-60.pretty.css:49,.start-flow .stepcard,,padding,30px 28px 28px,28px
css,source/css/2_gt301v4m-60.pretty.css:69,.start-flow .field,,padding,15px 18px,15px
css,source/css/2_gt301v4m-60.pretty.css:69,.start-flow .field,,padding,15px 18px,18px
css,source/css/2_gt301v4m-60.pretty.css:84,.start-flow .field-error,,margin,0,0
css,source/css/2_gt301v4m-60.pretty.css:102,.start-flow .privacy,,gap,10px,10px
css,source/css/2_gt301v4m-60.pretty.css:112,.start-flow .privacy svg,,margin-top,2px,2px
css,source/css/2_gt301v4m-60.pretty.css:120,.start-flow .paintpill,,gap,9px,9px
css,source/css/2_gt301v4m-60.pretty.css:121,.start-flow .paintpill,,padding,8px 15px,8px
css,source/css/2_gt301v4m-60.pretty.css:121,.start-flow .paintpill,,padding,8px 15px,15px
css,source/css/2_gt301v4m-60.pretty.css:137,.start-flow .build-grid,,gap,18px,18px
css,source/css/2_gt301v4m-60.pretty.css:142,.start-flow .build-main,,gap,20px,20px
css,source/css/2_gt301v4m-60.pretty.css:143,.start-flow .build-main,,padding,26px,26px
css,source/css/2_gt301v4m-60.pretty.css:147,.start-flow .build-main h3,,margin,0 0 12px,0
css,source/css/2_gt301v4m-60.pretty.css:147,.start-flow .build-main h3,,margin,0 0 12px,0
css,source/css/2_gt301v4m-60.pretty.css:147,.start-flow .build-main h3,,margin,0 0 12px,12px
css,source/css/2_gt301v4m-60.pretty.css:151,.start-flow .pick-row,,gap,12px,12px
css,source/css/2_gt301v4m-60.pretty.css:163,.start-flow .pick,,gap,9px,9px
css,source/css/2_gt301v4m-60.pretty.css:164,.start-flow .pick,,padding,16px 8px 13px,16px
css,source/css/2_gt301v4m-60.pretty.css:164,.start-flow .pick,,padding,16px 8px 13px,8px
css,source/css/2_gt301v4m-60.pretty.css:164,.start-flow .pick,,padding,16px 8px 13px,13px
css,source/css/2_gt301v4m-60.pretty.css:188,.start-flow .pick--story,,padding,14px 18px,14px
css,source/css/2_gt301v4m-60.pretty.css:188,.start-flow .pick--story,,padding,14px 18px,18px
css,source/css/2_gt301v4m-60.pretty.css:191,.start-flow .pick-story-copy,,gap,3px,3px
css,source/css/2_gt301v4m-60.pretty.css:208,.start-flow .pick-divider,,margin,1px 0 -2px,1px
css,source/css/2_gt301v4m-60.pretty.css:208,.start-flow .pick-divider,,margin,1px 0 -2px,0
css,source/css/2_gt301v4m-60.pretty.css:208,.start-flow .pick-divider,,margin,1px 0 -2px,-2px
css,source/css/2_gt301v4m-60.pretty.css:214,.start-flow .herocard,,gap,13px,13px
css,source/css/2_gt301v4m-60.pretty.css:215,.start-flow .herocard,,padding,22px,22px
css,source/css/2_gt301v4m-60.pretty.css:272,.start-flow .stamps,,gap,7px,7px
css,source/css/2_gt301v4m-60.pretty.css:280,.start-flow .stage,,gap,24px,24px
css,source/css/2_gt301v4m-60.pretty.css:281,.start-flow .stage,,padding,3vh 0 5vh,3vh
css,source/css/2_gt301v4m-60.pretty.css:281,.start-flow .stage,,padding,3vh 0 5vh,0
css,source/css/2_gt301v4m-60.pretty.css:281,.start-flow .stage,,padding,3vh 0 5vh,5vh
css,source/css/2_gt301v4m-60.pretty.css:431,.start-flow .veil-caption,,margin,0,0
css,source/css/2_gt301v4m-60.pretty.css:452,.start-flow .reveal-line,,gap,10px,10px
css,source/css/2_gt301v4m-60.pretty.css:453,.start-flow .reveal-line,,margin,0,0
css,source/css/2_gt301v4m-60.pretty.css:464,.start-flow .reveal-line svg,,margin-top,4px,4px
css,source/css/2_gt301v4m-60.pretty.css:485,.start-flow .reveal-actions,,gap,12px,12px
css,source/css/2_gt301v4m-60.pretty.css:496,.start-flow .paint-retry,,gap,14px,14px
css,source/css/2_gt301v4m-60.pretty.css:501,.start-flow .paint-retry .field-error,,margin,0,0
css,source/css/2_gt301v4m-60.pretty.css:529,.start-flow .acct,,gap,22px,22px
css,source/css/2_gt301v4m-60.pretty.css:542,.start-flow .acct-copy h2,,margin,0 0 10px,0
css,source/css/2_gt301v4m-60.pretty.css:542,.start-flow .acct-copy h2,,margin,0 0 10px,0
css,source/css/2_gt301v4m-60.pretty.css:542,.start-flow .acct-copy h2,,margin,0 0 10px,10px
css,source/css/2_gt301v4m-60.pretty.css:547,.start-flow .trial-line,,margin,0,0
css,source/css/2_gt301v4m-60.pretty.css:553,.start-flow .launch,,margin,0 auto,0
css,source/css/2_gt301v4m-60.pretty.css:553,.start-flow .launch,,margin,0 auto,auto
css,source/css/2_gt301v4m-60.pretty.css:559,.start-flow .worldrow,,gap,12px,12px
css,source/css/2_gt301v4m-60.pretty.css:560,.start-flow .worldrow,,margin-bottom,18px,18px
css,source/css/2_gt301v4m-60.pretty.css:561,.start-flow .worldrow,,padding,14px 18px,14px
css,source/css/2_gt301v4m-60.pretty.css:561,.start-flow .worldrow,,padding,14px 18px,18px
css,source/css/2_gt301v4m-60.pretty.css:572,.start-flow .wslots,,gap,8px,8px
css,source/css/2_gt301v4m-60.pretty.css:580,.start-flow .wslot,,gap,6px,6px
css,source/css/2_gt301v4m-60.pretty.css:581,.start-flow .wslot,,padding,6px 11px,6px
css,source/css/2_gt301v4m-60.pretty.css:581,.start-flow .wslot,,padding,6px 11px,11px
css,source/css/2_gt301v4m-60.pretty.css:600,.start-flow .surprise,,gap,8px,8px
css,source/css/2_gt301v4m-60.pretty.css:601,.start-flow .surprise,,margin-bottom,18px,18px
css,source/css/2_gt301v4m-60.pretty.css:602,.start-flow .surprise,,padding,26px 22px,26px
css,source/css/2_gt301v4m-60.pretty.css:602,.start-flow .surprise,,padding,26px 22px,22px
css,source/css/2_gt301v4m-60.pretty.css:606,.start-flow .surprise .btn,,padding,19px 38px,19px
css,source/css/2_gt301v4m-60.pretty.css:606,.start-flow .surprise .btn,,padding,19px 38px,38px
css,source/css/2_gt301v4m-60.pretty.css:618,.start-flow .ordiv,,gap,14px,14px
css,source/css/2_gt301v4m-60.pretty.css:619,.start-flow .ordiv,,margin,4px 0 14px,4px
css,source/css/2_gt301v4m-60.pretty.css:619,.start-flow .ordiv,,margin,4px 0 14px,0
css,source/css/2_gt301v4m-60.pretty.css:619,.start-flow .ordiv,,margin,4px 0 14px,14px
css,source/css/2_gt301v4m-60.pretty.css:635,.start-flow .honest,,margin,0 0 14px,0
css,source/css/2_gt301v4m-60.pretty.css:635,.start-flow .honest,,margin,0 0 14px,0
css,source/css/2_gt301v4m-60.pretty.css:635,.start-flow .honest,,margin,0 0 14px,14px
css,source/css/2_gt301v4m-60.pretty.css:641,.start-flow .advs,,gap,14px,14px
css,source/css/2_gt301v4m-60.pretty.css:642,.start-flow .advs,,margin-bottom,22px,22px
css,source/css/2_gt301v4m-60.pretty.css:651,.start-flow .adv,,gap,9px,9px
css,source/css/2_gt301v4m-60.pretty.css:652,.start-flow .adv,,padding,16px,16px
css,source/css/2_gt301v4m-60.pretty.css:662,.start-flow .adv-art,,margin,-16px -16px 4px,-16px
css,source/css/2_gt301v4m-60.pretty.css:662,.start-flow .adv-art,,margin,-16px -16px 4px,-16px
css,source/css/2_gt301v4m-60.pretty.css:662,.start-flow .adv-art,,margin,-16px -16px 4px,4px
css,source/css/2_gt301v4m-60.pretty.css:682,.start-flow .subrow,,gap,14px,14px
css,source/css/2_gt301v4m-60.pretty.css:683,.start-flow .subrow,,margin-bottom,8px,8px
css,source/css/2_gt301v4m-60.pretty.css:688,.start-flow .subcard,,gap,12px,12px
css,source/css/2_gt301v4m-60.pretty.css:689,.start-flow .subcard,,padding,18px,18px
css,source/css/2_gt301v4m-60.pretty.css:693,.start-flow .subcard h3,,margin,0,0
css,source/css/2_gt301v4m-60.pretty.css:700,.start-flow .stiles,,gap,8px,8px
css,source/css/2_gt301v4m-60.pretty.css:713,.start-flow .stile,,gap,6px,6px
css,source/css/2_gt301v4m-60.pretty.css:714,.start-flow .stile,,padding,7px,7px
css,source/css/2_gt301v4m-60.pretty.css:738,.start-flow .voices,,gap,9px,9px
css,source/css/2_gt301v4m-60.pretty.css:743,.start-flow .voice,,gap,8px,8px
css,source/css/2_gt301v4m-60.pretty.css:756,.start-flow .sheetwrap,,padding,20px,20px
css,source/css/2_gt301v4m-60.pretty.css:766,.start-flow .sheet,,gap,16px,16px
css,source/css/2_gt301v4m-60.pretty.css:769,.start-flow .sheet,,padding,28px 26px,28px
css,source/css/2_gt301v4m-60.pretty.css:769,.start-flow .sheet,,padding,28px 26px,26px
css,source/css/2_gt301v4m-60.pretty.css:774,.start-flow .sheet h3,,margin,0,0
css,source/css/2_gt301v4m-60.pretty.css:780,.start-flow .sheet p,,margin,0,0
css,source/css/2_gt301v4m-60.pretty.css:789,.start-flow .sheet .picked,,padding,7px 13px,7px
css,source/css/2_gt301v4m-60.pretty.css:789,.start-flow .sheet .picked,,padding,7px 13px,13px
css,source/css/2_gt301v4m-60.pretty.css:795,.start-flow .sheet .row,,gap,10px,10px
css,source/css/2_gt301v4m-60.pretty.css:801,.start-flow .voice-line,,margin,0,0
css,source/css/2_gt301v4m-60.pretty.css:808,.start-flow .forge,,gap,18px,18px
css,source/css/2_gt301v4m-60.pretty.css:810,.start-flow .forge,,margin,0 auto,0
css,source/css/2_gt301v4m-60.pretty.css:810,.start-flow .forge,,margin,0 auto,auto
css,source/css/2_gt301v4m-60.pretty.css:815,.start-flow .forge-head,,gap,12px,12px
css,source/css/2_gt301v4m-60.pretty.css:816,.start-flow .forge-head,,padding,26px 28px,26px
css,source/css/2_gt301v4m-60.pretty.css:816,.start-flow .forge-head,,padding,26px 28px,28px
css,source/css/2_gt301v4m-60.pretty.css:820,.start-flow .forge-head h2,,margin,0,0
css,source/css/2_gt301v4m-60.pretty.css:825,.start-flow .forge .inputs,,margin,0,0
css,source/css/2_gt301v4m-60.pretty.css:831,.start-flow .forge .trial-line,,margin,0,0
css,source/css/2_gt301v4m-60.pretty.css:839,.start-flow .handoff,,gap,20px,20px
css,source/css/2_gt301v4m-60.pretty.css:841,.start-flow .handoff,,padding,4vh 0,4vh
css,source/css/2_gt301v4m-60.pretty.css:841,.start-flow .handoff,,padding,4vh 0,0
css,source/css/2_gt301v4m-60.pretty.css:850,.start-flow .handoff h1,,margin,0,0
css,source/css/2_gt301v4m-60.pretty.css:855,.start-flow .handoff .lede,,margin,0 0 8px,0
css,source/css/2_gt301v4m-60.pretty.css:855,.start-flow .handoff .lede,,margin,0 0 8px,0
css,source/css/2_gt301v4m-60.pretty.css:855,.start-flow .handoff .lede,,margin,0 0 8px,8px
css,source/css/2_gt301v4m-60.pretty.css:860,.start-flow .cta-row,,gap,12px,12px
css,source/css/2_gt301v4m-60.pretty.css:872,.start-flow .gallery,@media (max-width: 880px),gap,9px,9px
css,source/css/2_gt301v4m-60.pretty.css:885,.start-flow .pick,@media (max-width: 480px),padding,12px 4px 10px,12px
css,source/css/2_gt301v4m-60.pretty.css:885,.start-flow .pick,@media (max-width: 480px),padding,12px 4px 10px,4px
css,source/css/2_gt301v4m-60.pretty.css:885,.start-flow .pick,@media (max-width: 480px),padding,12px 4px 10px,10px
css,source/css/2_gt301v4m-60.pretty.css:893,.start-flow .stepcard,@media (max-width: 480px),padding,24px 18px 22px,24px
css,source/css/2_gt301v4m-60.pretty.css:893,.start-flow .stepcard,@media (max-width: 480px),padding,24px 18px 22px,18px
css,source/css/2_gt301v4m-60.pretty.css:893,.start-flow .stepcard,@media (max-width: 480px),padding,24px 18px 22px,22px
css,source/css/2_gt301v4m-60.pretty.css:910,.start-flow .adv-art,@media (max-width: 480px),margin,-16px -16px 4px,-16px
css,source/css/2_gt301v4m-60.pretty.css:910,.start-flow .adv-art,@media (max-width: 480px),margin,-16px -16px 4px,-16px
css,source/css/2_gt301v4m-60.pretty.css:910,.start-flow .adv-art,@media (max-width: 480px),margin,-16px -16px 4px,4px
css,derived/layout/uppgradera-inline-style.pretty.css:5,"/* Verbatim <style> block shipped inline in the server HTML of /uppgradera (source/html/uppgradera.sv.html and .en.html, identical). Not part of the four CSS chunks. Extracted and prettier-formatted for citation by the layout dimension. Also present in source/js/26ye0kuppitcn.js as a styled-jsx template string. */ .upgrade-proof-layout",,column-gap,20px,20px
css,derived/layout/uppgradera-inline-style.pretty.css:29,.upgrade-sample-figure,,margin,0,0
css,derived/layout/uppgradera-inline-style.pretty.css:33,.upgrade-sample-caption,,margin-top,8px,8px
css,derived/layout/uppgradera-inline-style.pretty.css:45,.upgrade-proof-layout,@media (max-width: 600px),row-gap,16px,16px
html-inline,source/rendered/dom__home__sv.html,a,,gap,7px,7px
html-inline,source/rendered/dom__home__sv.html,a,,padding,0px 10px,0px
html-inline,source/rendered/dom__home__sv.html,a,,padding,0px 10px,10px
html-inline,source/rendered/dom__home__sv.html,div.language-switcher,,gap,2px,2px
html-inline,source/rendered/dom__home__sv.html,div.language-switcher,,padding,3px,3px
html-inline,source/rendered/dom__home__sv.html,button,,padding,5px 11px,5px
html-inline,source/rendered/dom__home__sv.html,button,,padding,5px 11px,11px
html-inline,source/rendered/dom__home__sv.html,p,,margin,-12px 0 20px,-12px
html-inline,source/rendered/dom__home__sv.html,p,,margin,-12px 0 20px,0
html-inline,source/rendered/dom__home__sv.html,p,,margin,-12px 0 20px,20px
html-inline,source/rendered/dom__home__sv.html,span,,margin-top,14px,14px
html-inline,source/rendered/dom__home__sv.html,div,,gap,6px,6px
html-inline,source/rendered/dom__home__sv.html,span,,gap,10px,10px
html-inline,source/rendered/dom__home__sv.html,span,,padding,2px 7px,2px
html-inline,source/rendered/dom__home__sv.html,span,,padding,2px 7px,7px
html-inline,source/rendered/dom__home__sv.html,span,,gap,16px,16px
html-inline,source/rendered/dom__start__sv.html,a,,gap,7px,7px
html-inline,source/rendered/dom__start__sv.html,a,,padding,0px 10px,0px
html-inline,source/rendered/dom__start__sv.html,a,,padding,0px 10px,10px
html-inline,source/rendered/dom__start__sv.html,div.language-switcher,,gap,2px,2px
html-inline,source/rendered/dom__start__sv.html,div.language-switcher,,padding,3px,3px
html-inline,source/rendered/dom__start__sv.html,button,,padding,5px 11px,5px
html-inline,source/rendered/dom__start__sv.html,button,,padding,5px 11px,11px
html-inline,source/rendered/dom__start__sv.html,div,,gap,6px,6px
html-inline,source/rendered/dom__start__sv.html,span,,gap,10px,10px
html-inline,source/rendered/dom__start__sv.html,span,,padding,2px 7px,2px
html-inline,source/rendered/dom__start__sv.html,span,,padding,2px 7px,7px
html-inline,source/rendered/dom__start__sv.html,span,,gap,16px,16px
html-inline,source/rendered/dom__uppgradera__sv.html,a,,gap,7px,7px
html-inline,source/rendered/dom__uppgradera__sv.html,a,,padding,0px 10px,0px
html-inline,source/rendered/dom__uppgradera__sv.html,a,,padding,0px 10px,10px
html-inline,source/rendered/dom__uppgradera__sv.html,div.language-switcher,,gap,2px,2px
html-inline,source/rendered/dom__uppgradera__sv.html,div.language-switcher,,padding,3px,3px
html-inline,source/rendered/dom__uppgradera__sv.html,button,,padding,5px 11px,5px
html-inline,source/rendered/dom__uppgradera__sv.html,button,,padding,5px 11px,11px
html-inline,source/rendered/dom__uppgradera__sv.html,section,,padding,36px 0,36px
html-inline,source/rendered/dom__uppgradera__sv.html,section,,padding,36px 0,0
html-inline,source/rendered/dom__uppgradera__sv.html,div.glass,,padding,28px,28px
html-inline,source/rendered/dom__uppgradera__sv.html,div.glass,,margin-bottom,20px,20px
html-inline,source/rendered/dom__uppgradera__sv.html,div.sec-head,,margin-bottom,8px,8px
html-inline,source/rendered/dom__uppgradera__sv.html,p,,margin-bottom,0,0
html-inline,source/rendered/dom__uppgradera__sv.html,section.glass,,padding,28px,28px
html-inline,source/rendered/dom__uppgradera__sv.html,section.glass,,margin-bottom,20px,20px
html-inline,source/rendered/dom__uppgradera__sv.html,ul.upgrade-proof-list,,margin,0 0 18px,0
html-inline,source/rendered/dom__uppgradera__sv.html,ul.upgrade-proof-list,,margin,0 0 18px,0
html-inline,source/rendered/dom__uppgradera__sv.html,ul.upgrade-proof-list,,margin,0 0 18px,18px
html-inline,source/rendered/dom__uppgradera__sv.html,ul.upgrade-proof-list,,padding,0,0
html-inline,source/rendered/dom__uppgradera__sv.html,ul.upgrade-proof-list,,margin-bottom,0,0
html-inline,source/rendered/dom__uppgradera__sv.html,div.trait-row,,margin-bottom,14px,14px
html-inline,source/rendered/dom__uppgradera__sv.html,p,,margin-bottom,12px,12px
html-inline,source/rendered/dom__uppgradera__sv.html,p,,margin-bottom,4px,4px
html-inline,source/rendered/dom__uppgradera__sv.html,ul,,margin,0 0 18px,0
html-inline,source/rendered/dom__uppgradera__sv.html,ul,,margin,0 0 18px,0
html-inline,source/rendered/dom__uppgradera__sv.html,ul,,margin,0 0 18px,18px
html-inline,source/rendered/dom__uppgradera__sv.html,ul,,padding,0,0
html-inline,source/rendered/dom__uppgradera__sv.html,p,,margin-bottom,16px,16px
html-inline,source/rendered/dom__uppgradera__sv.html,div.trait-row,,margin-bottom,20px,20px
html-inline,source/rendered/dom__uppgradera__sv.html,div,,gap,6px,6px
html-inline,source/rendered/dom__uppgradera__sv.html,span,,gap,10px,10px
html-inline,source/rendered/dom__uppgradera__sv.html,span,,padding,2px 7px,2px
html-inline,source/rendered/dom__uppgradera__sv.html,span,,padding,2px 7px,7px
html-inline,source/rendered/dom__uppgradera__sv.html,span,,gap,16px,16px
html-inline,source/rendered/dom__login__sv.html,a,,gap,7px,7px
html-inline,source/rendered/dom__login__sv.html,a,,padding,0px 10px,0px
html-inline,source/rendered/dom__login__sv.html,a,,padding,0px 10px,10px
html-inline,source/rendered/dom__login__sv.html,div.language-switcher,,gap,2px,2px
html-inline,source/rendered/dom__login__sv.html,div.language-switcher,,padding,3px,3px
html-inline,source/rendered/dom__login__sv.html,button,,padding,5px 11px,5px
html-inline,source/rendered/dom__login__sv.html,button,,padding,5px 11px,11px
html-inline,source/rendered/dom__login__sv.html,section,,padding,36px 0,36px
html-inline,source/rendered/dom__login__sv.html,section,,padding,36px 0,0
html-inline,source/rendered/dom__login__sv.html,div.glass,,padding,34px,34px
html-inline,source/rendered/dom__login__sv.html,div.sec-head,,margin-bottom,6px,6px
html-inline,source/rendered/dom__login__sv.html,p.lede,,margin-bottom,24px,24px
html-inline,source/rendered/dom__login__sv.html,div,,gap,12px,12px
html-inline,source/rendered/dom__login__sv.html,div,,margin,20px 0,20px
html-inline,source/rendered/dom__login__sv.html,div,,margin,20px 0,0
html-inline,source/rendered/dom__login__sv.html,div,,margin-bottom,16px,16px
html-inline,source/rendered/dom__login__sv.html,label,,margin-bottom,8px,8px
html-inline,source/rendered/dom__login__sv.html,input,,padding,14px 14px 14px 44px,14px
html-inline,source/rendered/dom__login__sv.html,input,,padding,14px 14px 14px 44px,14px
html-inline,source/rendered/dom__login__sv.html,input,,padding,14px 14px 14px 44px,14px
html-inline,source/rendered/dom__login__sv.html,input,,padding,14px 14px 14px 44px,44px
html-inline,source/rendered/dom__login__sv.html,div,,margin-bottom,10px,10px
html-inline,source/rendered/dom__login__sv.html,input,,padding,14px 44px,14px
html-inline,source/rendered/dom__login__sv.html,input,,padding,14px 44px,44px
html-inline,source/rendered/dom__login__sv.html,button,,padding,0,0
html-inline,source/rendered/dom__login__sv.html,div,,margin-bottom,22px,22px
html-inline,source/rendered/dom__login__sv.html,button,,padding,4px 0,4px
html-inline,source/rendered/dom__login__sv.html,button,,padding,4px 0,0
html-inline,source/rendered/dom__login__sv.html,p,,margin-top,22px,22px
html-inline,source/rendered/dom__login__sv.html,div,,gap,6px,6px
html-inline,source/rendered/dom__login__sv.html,span,,gap,10px,10px
html-inline,source/rendered/dom__login__sv.html,span,,padding,2px 7px,2px
html-inline,source/rendered/dom__login__sv.html,span,,padding,2px 7px,7px
html-inline,source/rendered/dom__login__sv.html,span,,gap,16px,16px
html-inline,source/rendered/dom__signup__sv.html,a,,gap,7px,7px
html-inline,source/rendered/dom__signup__sv.html,a,,padding,0px 10px,0px
html-inline,source/rendered/dom__signup__sv.html,a,,padding,0px 10px,10px
html-inline,source/rendered/dom__signup__sv.html,div.language-switcher,,gap,2px,2px
html-inline,source/rendered/dom__signup__sv.html,div.language-switcher,,padding,3px,3px
html-inline,source/rendered/dom__signup__sv.html,button,,padding,5px 11px,5px
html-inline,source/rendered/dom__signup__sv.html,button,,padding,5px 11px,11px
html-inline,source/rendered/dom__signup__sv.html,section,,padding,36px 0,36px
html-inline,source/rendered/dom__signup__sv.html,section,,padding,36px 0,0
html-inline,source/rendered/dom__signup__sv.html,div.glass,,padding,34px,34px
html-inline,source/rendered/dom__signup__sv.html,div.sec-head,,margin-bottom,6px,6px
html-inline,source/rendered/dom__signup__sv.html,p.lede,,margin-bottom,24px,24px
html-inline,source/rendered/dom__signup__sv.html,div,,gap,12px,12px
html-inline,source/rendered/dom__signup__sv.html,div,,margin,20px 0,20px
html-inline,source/rendered/dom__signup__sv.html,div,,margin,20px 0,0
html-inline,source/rendered/dom__signup__sv.html,div,,margin-bottom,16px,16px
html-inline,source/rendered/dom__signup__sv.html,label,,margin-bottom,8px,8px
html-inline,source/rendered/dom__signup__sv.html,input,,padding,14px 14px 14px 44px,14px
html-inline,source/rendered/dom__signup__sv.html,input,,padding,14px 14px 14px 44px,14px
html-inline,source/rendered/dom__signup__sv.html,input,,padding,14px 14px 14px 44px,14px
html-inline,source/rendered/dom__signup__sv.html,input,,padding,14px 14px 14px 44px,44px
html-inline,source/rendered/dom__signup__sv.html,div,,margin-bottom,22px,22px
html-inline,source/rendered/dom__signup__sv.html,input,,padding,14px 44px,14px
html-inline,source/rendered/dom__signup__sv.html,input,,padding,14px 44px,44px
html-inline,source/rendered/dom__signup__sv.html,button,,padding,0,0
html-inline,source/rendered/dom__signup__sv.html,label,,gap,12px,12px
html-inline,source/rendered/dom__signup__sv.html,label,,margin-bottom,2px,2px
html-inline,source/rendered/dom__signup__sv.html,a,,padding,0 4px,0
html-inline,source/rendered/dom__signup__sv.html,a,,padding,0 4px,4px
html-inline,source/rendered/dom__signup__sv.html,p,,margin-top,22px,22px
html-inline,source/rendered/dom__signup__sv.html,div,,gap,6px,6px
html-inline,source/rendered/dom__signup__sv.html,span,,gap,10px,10px
html-inline,source/rendered/dom__signup__sv.html,span,,padding,2px 7px,2px
html-inline,source/rendered/dom__signup__sv.html,span,,padding,2px 7px,7px
html-inline,source/rendered/dom__signup__sv.html,span,,gap,16px,16px
html-inline,source/rendered/dom__integritet__sv.html,a,,gap,7px,7px
html-inline,source/rendered/dom__integritet__sv.html,a,,padding,0px 10px,0px
html-inline,source/rendered/dom__integritet__sv.html,a,,padding,0px 10px,10px
html-inline,source/rendered/dom__integritet__sv.html,div.language-switcher,,gap,2px,2px
html-inline,source/rendered/dom__integritet__sv.html,div.language-switcher,,padding,3px,3px
html-inline,source/rendered/dom__integritet__sv.html,button,,padding,5px 11px,5px
html-inline,source/rendered/dom__integritet__sv.html,button,,padding,5px 11px,11px
html-inline,source/rendered/dom__integritet__sv.html,section,,padding,36px 0,36px
html-inline,source/rendered/dom__integritet__sv.html,section,,padding,36px 0,0
html-inline,source/rendered/dom__integritet__sv.html,article.glass,,padding,34px,34px
html-inline,source/rendered/dom__integritet__sv.html,div.sec-head,,margin-bottom,6px,6px
html-inline,source/rendered/dom__integritet__sv.html,p.lede,,margin-bottom,18px,18px
html-inline,source/rendered/dom__integritet__sv.html,span,,margin-top,8px,8px
html-inline,source/rendered/dom__integritet__sv.html,span,,padding,4px 12px,4px
html-inline,source/rendered/dom__integritet__sv.html,span,,padding,4px 12px,12px
html-inline,source/rendered/dom__integritet__sv.html,h3,,margin,26px 0 8px,26px
html-inline,source/rendered/dom__integritet__sv.html,h3,,margin,26px 0 8px,0
html-inline,source/rendered/dom__integritet__sv.html,h3,,margin,26px 0 8px,8px
html-inline,source/rendered/dom__integritet__sv.html,p.prose-plain,,margin,0 0 10px,0
html-inline,source/rendered/dom__integritet__sv.html,p.prose-plain,,margin,0 0 10px,0
html-inline,source/rendered/dom__integritet__sv.html,p.prose-plain,,margin,0 0 10px,10px
html-inline,source/rendered/dom__integritet__sv.html,ul.prose-plain,,margin,0 0 10px,0
html-inline,source/rendered/dom__integritet__sv.html,ul.prose-plain,,margin,0 0 10px,0
html-inline,source/rendered/dom__integritet__sv.html,ul.prose-plain,,margin,0 0 10px,10px
html-inline,source/rendered/dom__integritet__sv.html,ul.prose-plain,,padding-left,20px,20px
html-inline,source/rendered/dom__integritet__sv.html,div,,margin-top,24px,24px
html-inline,source/rendered/dom__integritet__sv.html,div,,gap,6px,6px
html-inline,source/rendered/dom__integritet__sv.html,span,,gap,10px,10px
html-inline,source/rendered/dom__integritet__sv.html,span,,padding,2px 7px,2px
html-inline,source/rendered/dom__integritet__sv.html,span,,padding,2px 7px,7px
html-inline,source/rendered/dom__integritet__sv.html,span,,gap,16px,16px
html-inline,source/rendered/dom__villkor__sv.html,a,,gap,7px,7px
html-inline,source/rendered/dom__villkor__sv.html,a,,padding,0px 10px,0px
html-inline,source/rendered/dom__villkor__sv.html,a,,padding,0px 10px,10px
html-inline,source/rendered/dom__villkor__sv.html,div.language-switcher,,gap,2px,2px
html-inline,source/rendered/dom__villkor__sv.html,div.language-switcher,,padding,3px,3px
html-inline,source/rendered/dom__villkor__sv.html,button,,padding,5px 11px,5px
html-inline,source/rendered/dom__villkor__sv.html,button,,padding,5px 11px,11px
html-inline,source/rendered/dom__villkor__sv.html,section,,padding,36px 0,36px
html-inline,source/rendered/dom__villkor__sv.html,section,,padding,36px 0,0
html-inline,source/rendered/dom__villkor__sv.html,article.glass,,padding,34px,34px
html-inline,source/rendered/dom__villkor__sv.html,div.sec-head,,margin-bottom,6px,6px
html-inline,source/rendered/dom__villkor__sv.html,p.lede,,margin-bottom,18px,18px
html-inline,source/rendered/dom__villkor__sv.html,span,,margin-top,8px,8px
html-inline,source/rendered/dom__villkor__sv.html,span,,padding,4px 12px,4px
html-inline,source/rendered/dom__villkor__sv.html,span,,padding,4px 12px,12px
html-inline,source/rendered/dom__villkor__sv.html,h3,,margin,26px 0 8px,26px
html-inline,source/rendered/dom__villkor__sv.html,h3,,margin,26px 0 8px,0
html-inline,source/rendered/dom__villkor__sv.html,h3,,margin,26px 0 8px,8px
html-inline,source/rendered/dom__villkor__sv.html,p.prose-plain,,margin,0 0 10px,0
html-inline,source/rendered/dom__villkor__sv.html,p.prose-plain,,margin,0 0 10px,0
html-inline,source/rendered/dom__villkor__sv.html,p.prose-plain,,margin,0 0 10px,10px
html-inline,source/rendered/dom__villkor__sv.html,div,,margin-top,24px,24px
html-inline,source/rendered/dom__villkor__sv.html,div,,gap,6px,6px
html-inline,source/rendered/dom__villkor__sv.html,span,,gap,10px,10px
html-inline,source/rendered/dom__villkor__sv.html,span,,padding,2px 7px,2px
html-inline,source/rendered/dom__villkor__sv.html,span,,padding,2px 7px,7px
html-inline,source/rendered/dom__villkor__sv.html,span,,gap,16px,16px
html-inline,source/rendered/dom__404__sv.html,a,,gap,7px,7px
html-inline,source/rendered/dom__404__sv.html,a,,padding,0px 10px,0px
html-inline,source/rendered/dom__404__sv.html,a,,padding,0px 10px,10px
html-inline,source/rendered/dom__404__sv.html,div.language-switcher,,gap,2px,2px
html-inline,source/rendered/dom__404__sv.html,div.language-switcher,,padding,3px,3px
html-inline,source/rendered/dom__404__sv.html,button,,padding,5px 11px,5px
html-inline,source/rendered/dom__404__sv.html,button,,padding,5px 11px,11px
html-inline,source/rendered/dom__404__sv.html,section,,padding,36px 0,36px
html-inline,source/rendered/dom__404__sv.html,section,,padding,36px 0,0
html-inline,source/rendered/dom__404__sv.html,div.glass,,padding,34px,34px
html-inline,source/rendered/dom__404__sv.html,div.sec-head,,margin-bottom,10px,10px
html-inline,source/rendered/dom__404__sv.html,p.prose-plain,,margin-bottom,22px,22px
html-inline,source/rendered/dom__404__sv.html,div,,gap,6px,6px
html-inline,source/rendered/dom__404__sv.html,span,,gap,10px,10px
html-inline,source/rendered/dom__404__sv.html,span,,padding,2px 7px,2px
html-inline,source/rendered/dom__404__sv.html,span,,padding,2px 7px,7px
html-inline,source/rendered/dom__404__sv.html,span,,gap,16px,16px
js-inline,source/js/0ad0wel9cyv30.js@7336,,,gap,12px,12px
js-inline,source/js/0ad0wel9cyv30.js@7645,,,padding,0 4px,0
js-inline,source/js/0ad0wel9cyv30.js@7645,,,padding,0 4px,4px
js-inline,source/js/0ad0wel9cyv30.js@18254,,,margin,0 auto,0
js-inline,source/js/0ad0wel9cyv30.js@18254,,,margin,0 auto,auto
js-inline,source/js/0ad0wel9cyv30.js@18270,,,padding,28px 22px,28px
js-inline,source/js/0ad0wel9cyv30.js@18270,,,padding,28px 22px,22px
js-inline,source/js/0ad0wel9cyv30.js@18305,,,gap,18px,18px
js-inline,source/js/0ad0wel9cyv30.js@18370,,,margin,0,0
js-inline,source/js/0ad0wel9cyv30.js@20874,,,margin,0 0 4px,0
js-inline,source/js/0ad0wel9cyv30.js@20874,,,margin,0 0 4px,0
js-inline,source/js/0ad0wel9cyv30.js@20874,,,margin,0 0 4px,4px
js-inline,source/js/0ad0wel9cyv30.js@21529,,,margin,10px 0 4px,10px
js-inline,source/js/0ad0wel9cyv30.js@21529,,,margin,10px 0 4px,0
js-inline,source/js/0ad0wel9cyv30.js@21529,,,margin,10px 0 4px,4px
js-inline,source/js/0ad0wel9cyv30.js@23923,,,padding,0,0
js-inline,source/js/0ad0wel9cyv30.js@23933,,,margin,-1,-1
js-inline,source/js/0ad0wel9cyv30.js@35865,,,gap,8px,8px
js-inline,source/js/0ad0wel9cyv30.js@35952,,,margin,0,0
js-inline,source/js/0ad0wel9cyv30.js@36333,,,gap,14px,14px
js-inline,source/js/0ad0wel9cyv30.js@36422,,,margin,0,0
js-inline,source/js/0ad0wel9cyv30.js@36858,,,gap,14px,14px
js-inline,source/js/0ad0wel9cyv30.js@37611,,,padding,0,0
js-inline,source/js/0ad0wel9cyv30.js@48212,,,gap,14px,14px
js-inline,source/js/0ad0wel9cyv30.js@48240,,,margin,0 auto 22px,0
js-inline,source/js/0ad0wel9cyv30.js@48240,,,margin,0 auto 22px,auto
js-inline,source/js/0ad0wel9cyv30.js@48240,,,margin,0 auto 22px,22px
js-inline,source/js/0ad0wel9cyv30.js@48261,,,padding,10px 16px,10px
js-inline,source/js/0ad0wel9cyv30.js@48261,,,padding,10px 16px,16px
js-inline,source/js/0ad0wel9cyv30.js@48352,,,gap,2px,2px
js-inline,source/js/0ad0wel9cyv30.js@50076,,,gap,6px,6px
js-inline,source/js/1hcx0qn-qjgfn.js@3531,,,padding,14px 14px 14px 44px,14px
js-inline,source/js/1hcx0qn-qjgfn.js@3531,,,padding,14px 14px 14px 44px,14px
js-inline,source/js/1hcx0qn-qjgfn.js@3531,,,padding,14px 14px 14px 44px,14px
js-inline,source/js/1hcx0qn-qjgfn.js@3531,,,padding,14px 14px 14px 44px,44px
js-inline,source/js/1hcx0qn-qjgfn.js@3879,,,margin-bottom,8px,8px
js-inline,source/js/1hcx0qn-qjgfn.js@6471,,,padding,36px 0,36px
js-inline,source/js/1hcx0qn-qjgfn.js@6471,,,padding,36px 0,0
js-inline,source/js/1hcx0qn-qjgfn.js@6566,,,padding,34px,34px
js-inline,source/js/1hcx0qn-qjgfn.js@6637,,,margin-bottom,6px,6px
js-inline,source/js/1hcx0qn-qjgfn.js@6787,,,margin-bottom,24px,24px
js-inline,source/js/1hcx0qn-qjgfn.js@6931,,,margin-bottom,18px,18px
js-inline,source/js/1hcx0qn-qjgfn.js@6951,,,padding,12px 14px,12px
js-inline,source/js/1hcx0qn-qjgfn.js@6951,,,padding,12px 14px,14px
js-inline,source/js/1hcx0qn-qjgfn.js@7169,,,margin-bottom,18px,18px
js-inline,source/js/1hcx0qn-qjgfn.js@7189,,,padding,12px 14px,12px
js-inline,source/js/1hcx0qn-qjgfn.js@7189,,,padding,12px 14px,14px
js-inline,source/js/1hcx0qn-qjgfn.js@8349,,,gap,12px,12px
js-inline,source/js/1hcx0qn-qjgfn.js@8360,,,margin,20px 0,20px
js-inline,source/js/1hcx0qn-qjgfn.js@8360,,,margin,20px 0,0
js-inline,source/js/1hcx0qn-qjgfn.js@8681,,,margin-bottom,16px,16px
js-inline,source/js/1hcx0qn-qjgfn.js@10371,,,padding,0,0
js-inline,source/js/1hcx0qn-qjgfn.js@11347,,,padding,4px 0,4px
js-inline,source/js/1hcx0qn-qjgfn.js@11347,,,padding,4px 0,0
js-inline,source/js/1hcx0qn-qjgfn.js@11631,,,gap,12px,12px
js-inline,source/js/1hcx0qn-qjgfn.js@11659,,,margin-bottom,2px,2px
js-inline,source/js/1hcx0qn-qjgfn.js@12102,,,margin-bottom,16px,16px
js-inline,source/js/1hcx0qn-qjgfn.js@12238,,,padding,0 4px,0
js-inline,source/js/1hcx0qn-qjgfn.js@12238,,,padding,0 4px,4px
js-inline,source/js/1hcx0qn-qjgfn.js@12764,,,margin-top,12px,12px
js-inline,source/js/1hcx0qn-qjgfn.js@12835,,,margin-top,22px,22px
js-inline,source/js/26ye0kuppitcn.js@18850,,,padding,28px,28px
js-inline,source/js/26ye0kuppitcn.js@18865,,,margin-bottom,20px,20px
js-inline,source/js/26ye0kuppitcn.js@18970,,,margin-bottom,18px,18px
js-inline,source/js/26ye0kuppitcn.js@19079,,,margin-bottom,4px,4px
js-inline,source/js/26ye0kuppitcn.js@19199,,,margin,0 0 18px,0
js-inline,source/js/26ye0kuppitcn.js@19199,,,margin,0 0 18px,0
js-inline,source/js/26ye0kuppitcn.js@19199,,,margin,0 0 18px,18px
js-inline,source/js/26ye0kuppitcn.js@19217,,,padding,0,0
js-inline,source/js/26ye0kuppitcn.js@20348,,,padding,36px 0,36px
js-inline,source/js/26ye0kuppitcn.js@20348,,,padding,36px 0,0
js-inline,source/js/26ye0kuppitcn.js@20477,,,margin-bottom,18px,18px
js-inline,source/js/26ye0kuppitcn.js@20497,,,padding,12px 14px,12px
js-inline,source/js/26ye0kuppitcn.js@20497,,,padding,12px 14px,14px
js-inline,source/js/2j_-r8q4tgdka.js@2310,,,gap,16px,16px
js-inline,source/js/2j_-r8q4tgdka.js@2321,,,padding,28px 30px,28px
js-inline,source/js/2j_-r8q4tgdka.js@2321,,,padding,28px 30px,30px
js-inline,source/js/2j_-r8q4tgdka.js@2447,,,gap,10px,10px
js-inline,source/js/2j_-r8q4tgdka.js@2458,,,padding,20px 22px,20px
js-inline,source/js/2j_-r8q4tgdka.js@2458,,,padding,20px 22px,22px
js-inline,source/js/2j_-r8q4tgdka.js@5126,,,gap,9px,9px
js-inline,source/js/2j_-r8q4tgdka.js@5739,,,gap,14px,14px
js-inline,source/js/2j_-r8q4tgdka.js@6309,,,margin,0,0
js-inline,source/js/2j_-r8q4tgdka.js@6475,,,margin,0,0
js-inline,source/js/2j_-r8q4tgdka.js@6656,,,margin,0,0
js-inline,source/js/2j_-r8q4tgdka.js@6665,,,padding,0,0
js-inline,source/js/2j_-r8q4tgdka.js@6690,,,gap,10px,10px
js-inline,source/js/2j_-r8q4tgdka.js@6838,,,gap,11px,11px
js-inline,source/js/2j_-r8q4tgdka.js@24027,,,gap,14px,14px
js-inline,source/js/2j_-r8q4tgdka.js@24102,,,padding,30px 10px 11px,30px
js-inline,source/js/2j_-r8q4tgdka.js@24102,,,padding,30px 10px 11px,10px
js-inline,source/js/2j_-r8q4tgdka.js@24102,,,padding,30px 10px 11px,11px
js-inline,source/js/2j_-r8q4tgdka.js@24466,,,padding,3px 9px,3px
js-inline,source/js/2j_-r8q4tgdka.js@24466,,,padding,3px 9px,9px
js-inline,source/js/2j_-r8q4tgdka.js@25332,,,padding,0,0
js-inline,source/js/36tbz-w9v-p8v.js@1066,,,gap,14px,14px
js-inline,source/js/36tbz-w9v-p8v.js@1328,,,margin,0,0
js-inline,source/js/36tbz-w9v-p8v.js@1407,,,margin-top,auto,auto
js-inline,source/js/36tbz-w9v-p8v.js@2162,,,margin,0,0
js-inline,source/js/36tbz-w9v-p8v.js@2309,,,margin,6px 12px 0,6px
js-inline,source/js/36tbz-w9v-p8v.js@2309,,,margin,6px 12px 0,12px
js-inline,source/js/36tbz-w9v-p8v.js@2309,,,margin,6px 12px 0,0
js-inline,source/js/36tbz-w9v-p8v.js@10195,,,padding-top,18px,18px
js-inline,source/js/36tbz-w9v-p8v.js@10491,,,padding-top,18px,18px
js-inline,source/js/36tbz-w9v-p8v.js@10547,,,gap,16px,16px
js-inline,source/js/36tbz-w9v-p8v.js@10769,,,padding,0,0
js-inline,source/js/36tbz-w9v-p8v.js@10842,,,padding,0,0
js-inline,source/js/36tbz-w9v-p8v.js@11031,,,gap,10px,10px
js-inline,source/js/36tbz-w9v-p8v.js@11042,,,margin-top,12px,12px
js-inline,source/js/36tbz-w9v-p8v.js@11201,,,padding,10px 22px,10px
js-inline,source/js/36tbz-w9v-p8v.js@11201,,,padding,10px 22px,22px
js-inline,source/js/36tbz-w9v-p8v.js@11421,,,padding,10px 22px,10px
js-inline,source/js/36tbz-w9v-p8v.js@11421,,,padding,10px 22px,22px
js-inline,source/js/36tbz-w9v-p8v.js@11578,,,padding,0,0
js-inline,source/js/36tbz-w9v-p8v.js@11651,,,padding,0,0
js-inline,source/js/36tbz-w9v-p8v.js@11876,,,gap,8px,8px
js-inline,source/js/36tbz-w9v-p8v.js@11886,,,margin-top,10px,10px
js-inline,source/js/36tbz-w9v-p8v.js@12050,,,gap,10px,10px
js-inline,source/js/36tbz-w9v-p8v.js@12061,,,padding,9px 12px,9px
js-inline,source/js/36tbz-w9v-p8v.js@12061,,,padding,9px 12px,12px
js-inline,source/js/36tbz-w9v-p8v.js@12740,,,gap,8px,8px
js-inline,source/js/36tbz-w9v-p8v.js@13151,,,padding,12px,12px
js-inline,source/js/36tbz-w9v-p8v.js@13402,,,padding,10px 22px,10px
js-inline,source/js/36tbz-w9v-p8v.js@13402,,,padding,10px 22px,22px
js-inline,source/js/36tbz-w9v-p8v.js@17829,,,padding-top,18px,18px
js-inline,source/js/36tbz-w9v-p8v.js@18069,,,padding-top,18px,18px
js-inline,source/js/36tbz-w9v-p8v.js@18125,,,gap,12px,12px
js-inline,source/js/36tbz-w9v-p8v.js@18193,,,margin,0,0
js-inline,source/js/36tbz-w9v-p8v.js@18350,,,margin,0,0
js-inline,source/js/36tbz-w9v-p8v.js@18512,,,gap,10px,10px
js-inline,source/js/36tbz-w9v-p8v.js@18676,,,padding,10px 22px,10px
js-inline,source/js/36tbz-w9v-p8v.js@18676,,,padding,10px 22px,22px
js-inline,source/js/36tbz-w9v-p8v.js@18893,,,padding,10px 22px,10px
js-inline,source/js/36tbz-w9v-p8v.js@18893,,,padding,10px 22px,22px
js-inline,source/js/36tbz-w9v-p8v.js@19017,,,margin,0,0
js-inline,source/js/36tbz-w9v-p8v.js@19155,,,margin,0,0
js-inline,source/js/390j9gbq0u9ce.js@23460,,,gap,7px,7px
js-inline,source/js/390j9gbq0u9ce.js@23526,,,padding,0 10px,0
js-inline,source/js/390j9gbq0u9ce.js@23526,,,padding,0 10px,10px
js-inline,source/js/390j9gbq0u9ce.js@26738,,,gap,2px,2px
js-inline,source/js/390j9gbq0u9ce.js@26748,,,padding,3px,3px
js-inline,source/js/390j9gbq0u9ce.js@27271,,,padding,5px 11px,5px
js-inline,source/js/390j9gbq0u9ce.js@27271,,,padding,5px 11px,11px
