path,family,role,native_size,measured_at,L_median,L_p05,L_p95,C_median,C_p90,share_warm_hue,share_green_hue,share_cool_hue,share_near_neutral_C<10,share_paper_white_L>90_C<12,share_ink_dark_L<20,highlight_decile_lab,highlight_decile_hex,shadow_decile_lab,shadow_decile_hex,luminance_centroid_xy,L_mean_by_vertical_thirds_left_mid_right,L_mean_by_horizontal_thirds_top_mid_bottom,detail_mean_abs_laplacian,edge_density_grad>4,edge_density_grad>10,palette_k6
assets/share/iris-sparade-platsen/assets/cover.webp,storybook,sample-book cover (Iris),"[1024, 1536]","[683, 1024]",46.1,19.3,83.8,45.2,64.7,0.953,0.014,0.0,0.033,0.0,0.054,"[83.7, 5.9, 49.8]",#F7CA71,"[17.5, 5.8, 17.4]",#392710,"[0.503, 0.465]","[45.0, 52.9, 46.6]","[54.4, 46.5, 43.6]",7.19,0.176,0.026,#74601E:24% #BB7420:21% #EBB354:21% #72400E:16% #3F3313:12% #C22C28:6%
assets/share/iris-sparade-platsen/assets/S1.webp,storybook,sample-book scene S1,"[1264, 848]","[1024, 687]",73.9,33.5,91.9,29.2,40.6,0.789,0.16,0.009,0.042,0.017,0.019,"[92.5, 2.0, 17.8]",#FBE7C7,"[30.4, 13.9, 19.1]",#633D2A,"[0.495, 0.489]","[70.6, 71.4, 68.0]","[75.2, 65.2, 69.7]",6.16,0.211,0.075,#F7D4B4:35% #BCB778:22% #D09B6B:20% #976A45:13% #4E4334:6% #CD5039:4%
assets/share/iris-sparade-platsen/assets/S2.webp,storybook,sample-book scene S2,"[1536, 1024]","[1024, 683]",54.1,20.0,91.4,36.9,53.9,0.96,0.004,0.0,0.036,0.001,0.05,"[91.0, 1.9, 15.7]",#F5E3C7,"[18.7, 7.0, 16.4]",#3E2815,"[0.51, 0.526]","[53.0, 55.0, 55.3]","[49.7, 48.4, 65.3]",4.79,0.12,0.016,#7F5A28:29% #C0965A:25% #C7853B:16% #F5E2C6:13% #3E2F16:10% #B22E27:7%
assets/share/iris-sparade-platsen/assets/S3A.webp,storybook,sample-book scene S3A,"[1536, 1024]","[1024, 683]",50.2,9.8,78.9,43.3,58.9,0.834,0.093,0.0,0.074,0.0,0.115,"[79.3, 5.0, 35.0]",#E3BF83,"[10.0, 2.9, 8.7]",#23190D,"[0.506, 0.543]","[41.4, 56.9, 44.6]","[40.5, 44.3, 58.1]",8.1,0.221,0.031,#8E802B:41% #DDB575:14% #281F0E:14% #6A561E:13% #C0691B:10% #9A2218:8%
assets/share/iris-sparade-platsen/assets/S3B.webp,storybook,sample-book scene S3B,"[1536, 1024]","[1024, 683]",48.0,6.5,88.1,37.1,60.8,0.929,0.0,0.0,0.071,0.0,0.153,"[88.2, 4.5, 30.7]",#FAD9A3,"[6.8, 3.8, 6.9]",#1D1208,"[0.497, 0.561]","[50.7, 49.6, 49.8]","[39.4, 41.5, 69.1]",7.11,0.18,0.03,#F6CD95:25% #6B3B14:20% #A3672E:18% #24160A:14% #E79848:13% #A63211:10%
assets/share/iris-sparade-platsen/assets/S4A.webp,storybook,sample-book scene S4A,"[1264, 848]","[1024, 687]",67.1,22.8,96.4,26.3,53.1,0.717,0.142,0.001,0.139,0.111,0.04,"[96.5, -0.9, 9.6]",#FBF5E2,"[21.2, 8.8, 15.9]",#452D1B,"[0.468, 0.483]","[69.7, 71.9, 52.3]","[64.8, 71.3, 57.8]",8.2,0.298,0.101,#DCBB8D:26% #F7EDD6:23% #91673B:20% #C95830:11% #453827:10% #939342:10%
assets/share/iris-sparade-platsen/assets/S4B.webp,storybook,sample-book scene S4B,"[1536, 1024]","[1024, 683]",54.8,10.3,87.7,32.8,60.9,0.861,0.05,0.0,0.089,0.0,0.128,"[87.8, 2.3, 20.8]",#F0D9B5,"[10.2, 1.3, 7.8]",#211B0F,"[0.5, 0.498]","[46.7, 68.1, 43.7]","[50.4, 55.5, 52.6]",8.03,0.198,0.033,#EBD3AE:22% #BA742B:21% #C29F64:18% #2B2513:17% #6B4918:13% #B02F2B:9%
assets/share/iris-sparade-platsen/assets/S5AA.webp,storybook,sample-book scene S5AA,"[1536, 1024]","[1024, 683]",36.6,7.9,69.2,38.1,56.1,0.895,0.023,0.0,0.082,0.0,0.177,"[69.5, 14.4, 45.5]",#D99E56,"[7.9, 2.3, 7.1]",#1E150B,"[0.531, 0.535]","[29.8, 43.6, 37.8]","[30.8, 39.3, 41.1]",7.97,0.227,0.028,#6D591E:28% #2D200F:21% #774616:20% #CA964E:13% #C66B25:10% #881D1B:8%
assets/share/iris-sparade-platsen/assets/S5AB.webp,storybook,sample-book scene S5AB,"[1536, 1024]","[1024, 683]",48.2,11.5,81.9,41.1,61.8,0.911,0.015,0.0,0.075,0.0,0.105,"[83.5, 5.0, 32.4]",#EECB94,"[11.5, 3.4, 9.3]",#271C11,"[0.483, 0.512]","[50.0, 49.7, 45.0]","[45.5, 47.7, 51.5]",7.27,0.198,0.033,#785B22:26% #BB9046:26% #322515:16% #C36524:14% #EEC588:10% #B02A27:9%
assets/share/iris-sparade-platsen/assets/S5BA.webp,storybook,sample-book scene S5BA,"[1536, 1024]","[1024, 683]",63.4,4.9,84.6,28.6,56.5,0.88,0.001,0.0,0.119,0.0,0.171,"[84.9, 4.3, 25.2]",#EED0A5,"[5.2, 2.2, 4.3]",#160F08,"[0.51, 0.597]","[50.7, 53.3, 56.8]","[33.0, 52.9, 74.9]",6.46,0.165,0.023,#E5C399:37% #E7974B:19% #1E140B:15% #925B20:13% #573211:10% #99261F:5%
assets/share/iris-sparade-platsen/assets/S5BB.webp,storybook,sample-book scene S5BB,"[1536, 1024]","[1024, 683]",57.7,7.4,88.5,35.0,66.3,0.927,0.0,0.0,0.073,0.0,0.147,"[88.7, 2.9, 23.7]",#F5DBB2,"[7.7, 3.2, 7.3]",#1E140A,"[0.492, 0.531]","[56.0, 54.1, 52.5]","[48.8, 49.8, 64.0]",7.1,0.186,0.032,#EFCE9C:30% #D28B3D:22% #2B1C0D:17% #7E4B1B:14% #C76214:10% #B02625:7%
assets/share/iris-sparade-platsen/assets/S6AA.webp,storybook,sample-book scene S6AA,"[1536, 1024]","[1024, 683]",32.9,10.8,59.6,29.1,55.0,0.771,0.052,0.039,0.137,0.0,0.136,"[60.7, 17.0, 42.4]",#C18545,"[10.6, 1.9, 7.5]",#221B11,"[0.538, 0.5]","[30.8, 31.4, 41.2]","[34.8, 32.7, 35.8]",7.69,0.196,0.022,#56401B:33% #805E27:22% #2B2515:16% #BC7C36:11% #AA2E19:9% #48545E:9%
assets/share/iris-sparade-platsen/assets/S6AB.webp,storybook,sample-book scene S6AB,"[1536, 1024]","[1024, 683]",45.8,8.0,73.0,35.9,55.2,0.855,0.032,0.0,0.113,0.0,0.167,"[73.5, 8.0, 34.4]",#D7AE76,"[8.0, 1.7, 6.1]",#1C160D,"[0.515, 0.469]","[39.7, 45.2, 45.2]","[45.9, 46.8, 37.5]",7.9,0.215,0.027,#927735:27% #261F10:19% #C6A166:18% #5F4E1C:17% #C16B25:11% #A92D2A:7%
assets/share/iris-sparade-platsen/assets/S6BA.webp,storybook,sample-book scene S6BA,"[1536, 1024]","[1024, 683]",48.3,11.5,83.9,44.0,64.4,0.832,0.022,0.001,0.145,0.0,0.13,"[85.3, 4.6, 44.2]",#F7D081,"[11.1, 3.0, 8.7]",#261C10,"[0.485, 0.456]","[52.0, 47.9, 45.8]","[56.2, 50.0, 39.5]",7.17,0.188,0.028,#342C18:23% #CB7B28:22% #725620:19% #EEB65B:19% #AD2B1A:8% #AE9B80:8%
assets/share/iris-sparade-platsen/assets/S6BB.webp,storybook,sample-book scene S6BB,"[1536, 1024]","[1024, 683]",47.2,10.8,88.2,39.9,57.1,0.877,0.009,0.0,0.115,0.002,0.13,"[86.8, 1.5, 39.2]",#F4D68F,"[10.6, 3.8, 9.2]",#261A0E,"[0.473, 0.453]","[54.8, 42.2, 45.5]","[55.5, 47.7, 39.4]",6.82,0.174,0.025,#72511F:24% #B37A31:21% #322813:20% #D4A45F:20% #B73D14:9% #FCEAA6:6%
assets/assets/cover-tornet.webp,storybook-alva,demo cover: Alva och fyraljuset i tornet,"[848, 1264]","[687, 1024]",61.8,19.2,93.5,10.6,25.1,0.272,0.212,0.036,0.48,0.129,0.053,"[93.8, -1.2, 1.4]",#ECEEEB,"[17.5, -0.0, 10.6]",#302A1A,"[0.534, 0.437]","[51.3, 62.4, 70.3]","[80.3, 54.9, 48.7]",10.86,0.383,0.155,#D7E3E6:28% #6C6447:19% #9D916E:15% #B3B3A5:14% #777970:12% #3E3B29:12%
assets/assets/cover-filten.webp,storybook-alva,demo cover: Alva och filten vid elementet,"[848, 1264]","[687, 1024]",77.1,17.8,95.9,27.5,42.9,0.688,0.04,0.048,0.225,0.078,0.059,"[96.0, -1.3, 10.1]",#F9F4E0,"[16.5, 7.9, 6.8]",#34231E,"[0.511, 0.472]","[70.9, 55.8, 77.0]","[82.8, 54.1, 66.8]",9.64,0.306,0.15,#F9DD94:33% #EBE9DA:19% #BA976A:17% #697675:12% #3D3A33:11% #903933:8%
assets/assets/avatar-noah.jpg,storybook-alva,"friend avatar ""Noah"" (red-hat girl)","[256, 256]","[256, 256]",55.0,13.2,97.6,19.5,47.3,0.565,0.153,0.002,0.279,0.199,0.09,"[97.7, -1.2, 0.2]",#F6F9F8,"[12.6, 8.7, 12.5]",#301A0D,"[0.467, 0.477]","[70.1, 56.6, 48.5]","[67.1, 51.6, 56.3]",12.07,0.405,0.139,#EFF4F4:24% #9A392D:19% #7C634B:17% #ECBFA7:15% #342414:13% #84975E:12%
assets/assets/avatar-sixten.jpg,storybook-alva,friend avatar Sixten (arctic fox),"[256, 256]","[256, 256]",56.0,15.9,96.6,12.0,18.4,0.57,0.021,0.0,0.409,0.137,0.068,"[96.5, -0.3, 3.5]",#F7F5EE,"[14.8, 2.4, 9.3]",#2D2316,"[0.51, 0.521]","[49.4, 66.2, 56.5]","[51.3, 61.1, 59.8]",14.41,0.486,0.228,#81725E:25% #A7957A:20% #F2EFE8:19% #5B4E3D:16% #B5B4B1:11% #292012:8%
assets/landing/iris/hero-portrait.webp,storybook,landing step 1 hero portrait (Iris),"[512, 768]","[512, 768]",96.8,25.5,97.3,9.3,68.5,0.343,0.001,0.018,0.638,0.657,0.036,"[97.3, -0.7, 8.4]",#FDF7E7,"[24.9, 13.8, 13.9]",#522F27,"[0.503, 0.514]","[91.4, 58.6, 93.9]","[77.8, 77.3, 88.7]",3.13,0.09,0.028,#FEF5E4:70% #E04044:14% #3A2515:6% #EDA641:5% #9D6E4B:3% #4D5F6C:3%
assets/landing/iris/scene-choice.webp,storybook,landing step 4 reader mock (= S2 downscaled),"[640, 427]","[640, 427]",54.0,20.4,91.4,36.9,53.5,0.963,0.003,0.0,0.033,0.001,0.048,"[90.9, 1.7, 16.0]",#F5E3C7,"[19.0, 7.5, 17.2]",#3F2914,"[0.51, 0.526]","[53.0, 54.9, 55.3]","[49.7, 48.3, 65.2]",4.79,0.154,0.025,#CC9958:27% #9D7336:24% #6F4D21:20% #F4E2C6:13% #342613:8% #B33125:8%
assets/landing/iris/cover-thumb.webp,storybook,landing map cover thumb (= cover downscaled),"[128, 192]","[128, 192]",45.9,20.9,82.9,45.2,62.5,0.972,0.009,0.0,0.019,0.0,0.045,"[83.0, 6.3, 50.4]",#F6C86E,"[19.0, 7.2, 20.1]",#3F290E,"[0.503, 0.465]","[45.0, 53.0, 46.7]","[54.5, 46.6, 43.7]",8.37,0.348,0.084,#B67C29:26% #705E1E:22% #75430F:18% #EFB959:17% #3E3112:10% #BC2E29:7%
assets/landing/iris/ending-1.webp,storybook,ending medallion 1 (= S6AA centre square),"[256, 256]","[256, 256]",33.4,9.4,60.3,30.4,58.2,0.797,0.037,0.026,0.14,0.0,0.163,"[61.1, 18.3, 44.5]",#C58542,"[9.4, 2.2, 7.4]",#21190E,"[0.53, 0.5]","[32.2, 30.6, 39.8]","[34.3, 33.2, 35.2]",7.57,0.288,0.048,#635325:29% #2D2414:21% #683D17:17% #B67833:14% #AE2E1D:10% #495058:8%
assets/landing/iris/ending-2.webp,storybook,ending medallion 2 (= S6AB centre square),"[256, 256]","[256, 256]",43.4,8.2,69.7,35.4,55.2,0.844,0.023,0.0,0.133,0.0,0.2,"[70.3, 10.4, 38.3]",#D3A366,"[8.1, 2.4, 7.0]",#1E160B,"[0.515, 0.474]","[34.5, 49.5, 38.7]","[41.9, 43.7, 37.1]",8.2,0.306,0.066,#AC9054:24% #261F12:21% #7A662B:20% #C06E30:14% #4E3C15:13% #B5332F:7%
assets/landing/iris/ending-3.webp,storybook,ending medallion 3 (= S6BA centre square),"[256, 256]","[256, 256]",43.0,10.8,82.6,39.7,66.1,0.836,0.028,0.002,0.134,0.0,0.171,"[83.3, 6.6, 47.0]",#F6C976,"[10.3, 4.1, 9.7]",#26190D,"[0.506, 0.455]","[41.2, 48.6, 43.9]","[51.1, 45.9, 36.8]",7.75,0.304,0.078,#332817:27% #71511D:20% #EFB65F:18% #C66E1C:17% #AD271F:10% #A1947C:8%
assets/landing/iris/ending-4.webp,storybook,ending medallion 4 (= S6BB centre square),"[256, 256]","[256, 256]",41.7,9.7,73.0,39.0,59.4,0.845,0.004,0.0,0.151,0.0,0.184,"[73.8, 11.6, 43.3]",#E1AC65,"[9.4, 4.4, 9.4]",#24180B,"[0.509, 0.463]","[39.5, 42.9, 42.5]","[45.3, 43.2, 36.6]",7.8,0.282,0.06,#CC9450:28% #785522:21% #32200E:20% #BB621A:12% #383D38:11% #9F2C1E:8%
assets/landing/voice/narrator-morfar.webp,vignette,narrator chip: Morfar Erik,"[256, 256]","[256, 256]",92.2,50.5,98.3,7.7,46.0,0.454,0.001,0.008,0.537,0.506,0.0,"[98.4, -0.5, 2.5]",#FCFBF6,"[48.2, 13.2, 29.1]",#946940,"[0.505, 0.477]","[87.3, 74.8, 90.6]","[92.8, 83.2, 77.0]",8.02,0.25,0.08,#FAF8F2:53% #F2D6B6:16% #D5A358:13% #C99B7C:8% #A06B31:7% #88868F:3%
derived/brand/narrators/portrait-grandpa.jpg,vignette,narrator portrait grandpa (fetched by brand agent),"[400, 400]","[400, 400]",92.3,49.7,98.3,7.7,46.2,0.458,0.0,0.01,0.532,0.506,0.001,"[98.4, -0.7, 2.7]",#FBFBF5,"[47.3, 14.0, 28.8]",#92673F,"[0.505, 0.477]","[87.3, 74.9, 90.6]","[92.7, 83.2, 77.0]",6.83,0.238,0.073,#FAF8F2:53% #F3D6B6:16% #D3A055:14% #CD9C7C:7% #9B6630:7% #898B96:3%
derived/brand/narrators/portrait-female.jpg,vignette,narrator portrait female / Lily,"[400, 400]","[400, 400]",92.2,18.6,98.0,8.4,35.8,0.365,0.0,0.06,0.575,0.472,0.056,"[98.1, -0.5, 4.3]",#FCF9F1,"[18.0, 5.8, 2.1]",#342929,"[0.507, 0.502]","[85.5, 56.1, 89.5]","[77.1, 75.3, 78.7]",6.69,0.212,0.075,#FAF6EC:61% #352B2B:10% #DFA66E:10% #5E6672:8% #A0A7AB:6% #AA6844:6%
derived/brand/narrators/portrait-male.jpg,vignette,narrator portrait male / Marcus,"[400, 400]","[400, 400]",85.7,29.6,98.0,12.9,30.1,0.529,0.042,0.0,0.429,0.411,0.02,"[98.2, -0.5, 4.3]",#FCFAF1,"[28.3, 4.2, 14.5]",#51402D,"[0.492, 0.474]","[87.1, 61.4, 82.0]","[86.9, 73.5, 70.0]",7.76,0.255,0.087,#FBF7EE:43% #B2A373:16% #877655:14% #EAD6B7:13% #4E3D2B:8% #DFB681:7%
derived/brand/narrators/portrait-young.jpg,vignette,narrator portrait young / Saga,"[400, 400]","[400, 400]",90.4,33.4,98.8,15.5,46.3,0.607,0.008,0.019,0.366,0.366,0.006,"[98.7, -1.1, 2.4]",#FBFCF7,"[32.3, 29.5, 28.8]",#7E361F,"[0.514, 0.5]","[79.3, 69.7, 89.9]","[81.8, 74.5, 82.6]",6.66,0.222,0.086,#FAFAF5:36% #FAE4C9:25% #F2A68B:13% #C06D4D:12% #853B21:11% #B7C8D1:4%
assets/landing/cover-next-book.webp,atmospheric-watercolour,"blank ""next book"" cover","[848, 1264]","[687, 1024]",54.4,22.7,83.1,17.3,31.6,0.451,0.001,0.319,0.229,0.0,0.028,"[83.2, 2.3, 29.2]",#E7CC99,"[22.0, 3.2, -17.1]",#29354E,"[0.528, 0.475]","[44.0, 58.9, 56.2]","[51.0, 68.5, 39.6]",6.24,0.058,0.006,#39455E:25% #5B6171:18% #AA9A7D:17% #E2C694:15% #85817C:13% #C3A670:12%
assets/landing/cards/pick-1.webp,painterly-card,adventure card 1 = /cards/generated/lost-lantern-v1.webp,"[800, 537]","[800, 537]",25.2,10.9,52.6,17.2,45.2,0.232,0.091,0.376,0.301,0.0,0.292,"[54.7, 11.0, -1.5]",#877E85,"[10.3, -1.8, -0.0]",#171D1B,"[0.525, 0.486]","[24.3, 28.4, 30.7]","[30.4, 25.3, 27.6]",8.3,0.312,0.033,#2F3745:23% #272A22:23% #52472C:20% #15376D:17% #8C6D49:9% #3A63C6:8%
assets/landing/cards/pick-2.webp,painterly-card,adventure card 2 = /cards/generated/starry-friendship-v1.webp,"[800, 537]","[800, 537]",14.2,3.1,40.5,12.2,37.2,0.082,0.098,0.41,0.409,0.0,0.692,"[44.8, 0.3, 12.6]",#6A6A53,"[3.0, -0.1, -5.0]",#040B12,"[0.51, 0.523]","[16.3, 17.0, 17.8]","[12.5, 22.6, 15.9]",9.88,0.292,0.066,#0C1919:35% #25312A:23% #031E4F:22% #114073:10% #514925:8% #9E7934:3%
assets/landing/cards/pick-3.webp,painterly-card,adventure card 3 = /cards/generated/tower-clouds-v1.webp,"[800, 537]","[800, 537]",80.3,40.1,97.0,16.9,50.7,0.074,0.248,0.291,0.386,0.262,0.001,"[96.9, -0.9, 3.4]",#F7F6F0,"[38.8, -15.0, 26.6]",#50612C,"[0.495, 0.474]","[80.9, 71.1, 77.6]","[79.7, 85.2, 64.6]",6.6,0.203,0.048,#E8ECE8:38% #9BC9E2:29% #657A28:10% #A1A835:10% #5C6A50:7% #CBBA84:6%
assets/images/create/surprise-us.webp,painterly-card,"""Överraska oss"" door art","[800, 537]","[800, 537]",32.0,8.2,83.1,20.2,47.7,0.326,0.141,0.322,0.211,0.0,0.3,"[83.6, 4.6, 33.7]",#EECC90,"[8.0, -1.6, -7.8]",#0A1821,"[0.597, 0.472]","[21.6, 44.0, 49.6]","[41.8, 41.5, 32.0]",11.86,0.412,0.117,#1F2E2A:30% #0A304F:19% #5B5326:17% #E5BD96:12% #B68C21:12% #858AAB:11%
assets/assets/nebula-hero.webp,cinematic-backdrop,natt backdrop: astronaut on books in nebula,"[2400, 1340]","[1024, 572]",30.8,5.5,68.7,23.8,33.6,0.104,0.001,0.841,0.054,0.001,0.311,"[70.8, 11.1, -9.3]",#B6A8BE,"[5.4, 7.0, -18.5]",#080F2B,"[0.567, 0.492]","[19.9, 41.6, 38.6]","[29.4, 42.9, 27.7]",2.58,0.116,0.025,#141D3E:32% #3B4670:26% #777290:16% #8C8FC6:12% #534045:9% #BB927B:5%
assets/assets/morgon-aurora-desktop.webp,atmospheric-watercolour,morgon backdrop desktop,"[2560, 1440]","[1024, 576]",91.7,76.3,94.5,7.0,21.3,0.186,0.0,0.167,0.648,0.612,0.0,"[94.6, 2.9, 2.3]",#F7EEEB,"[74.4, 18.0, -11.6]",#CEADCC,"[0.502, 0.5]","[86.9, 93.0, 87.7]","[87.9, 92.0, 87.7]",1.43,0.02,0.001,#F1E7EE:63% #E1C9DF:16% #FAE0D3:11% #C1A7D5:5% #F8BAB9:3% #FCD8A6:3%
assets/assets/morgon-aurora-mobile.webp,atmospheric-watercolour,morgon backdrop mobile,"[1440, 2560]","[576, 1024]",91.9,74.2,94.6,6.6,20.2,0.153,0.0,0.154,0.694,0.669,0.0,"[94.7, 2.9, 3.6]",#F9EEE9,"[73.3, 17.7, -15.1]",#C7AAD0,"[0.502, 0.496]","[88.0, 92.1, 89.0]","[89.6, 92.6, 87.0]",1.93,0.03,0.002,#F1E5ED:52% #F8EAE4:22% #E4CCE5:9% #FBE3C9:6% #F7CDC8:5% #B7A1D4:5%
assets/brand/opengraph-image.png,composite,OG / Twitter share card,"[1200, 630]","[1024, 538]",20.1,4.8,91.2,16.2,26.7,0.18,0.034,0.557,0.229,0.038,0.5,"[91.1, -1.3, 14.8]",#EDE5C9,"[4.8, 4.2, -14.2]",#090F24,"[0.63, 0.477]","[14.1, 33.0, 47.9]","[30.9, 40.3, 24.0]",6.38,0.183,0.067,#14192E:45% #36384D:20% #8E8369:10% #D8E0DC:9% #5A4B3C:9% #F1CC86:7%
derived/illustration/fetched/style-previews/watercolor.jpg,style-preview,create-flow style preview watercolor,"[400, 268]","[400, 268]",86.1,37.1,97.0,19.2,42.7,0.454,0.138,0.01,0.398,0.371,0.024,"[97.3, -0.8, 7.8]",#FCF7E8,"[32.8, 7.3, 16.1]",#604934,"[0.501, 0.498]","[81.9, 73.3, 82.7]","[79.9, 78.9, 79.0]",10.05,0.317,0.115,#FBF5E7:43% #E1CB96:24% #9F9560:14% #C07D4F:8% #4A3B2E:6% #F1B84B:5%
derived/illustration/fetched/style-previews/inkaccent.png,style-preview,create-flow style preview inkaccent,"[400, 268]","[400, 268]",98.9,41.8,99.6,0.3,1.1,0.051,0.014,0.015,0.921,0.863,0.029,"[99.5, -0.1, 0.1]",#FDFEFD,"[37.0, 4.7, 6.4]",#62554E,"[0.5, 0.497]","[98.4, 78.7, 98.5]","[93.7, 90.1, 92.1]",7.28,0.116,0.087,#FCFCFC:87% #23201C:4% #7B8A96:4% #969973:3% #F9DA61:2% #CF5743:1%
derived/illustration/fetched/style-previews/comic.png,style-preview,create-flow style preview comic,"[400, 268]","[400, 268]",69.8,0.3,95.8,5.2,56.4,0.176,0.031,0.074,0.719,0.292,0.153,"[96.1, -1.2, 4.3]",#F5F4EC,"[1.6, 0.9, -0.1]",#060505,"[0.499, 0.473]","[61.3, 61.9, 60.6]","[63.4, 68.1, 52.4]",29.93,0.561,0.374,#EDEAE0:45% #6A7278:21% #171613:19% #F9D50E:6% #C22B16:6% #447938:4%
derived/illustration/fetched/style-previews/crayon.png,style-preview,create-flow style preview crayon,"[400, 268]","[400, 268]",95.9,29.8,100.0,5.3,32.9,0.092,0.04,0.026,0.841,0.754,0.038,"[100.0, -0.0, 0.0]",#FFFFFF,"[28.6, 10.2, 6.1]",#513B3B,"[0.502, 0.501]","[88.8, 81.9, 89.9]","[85.5, 86.9, 88.2]",11.55,0.225,0.139,#F7F4EA:80% #2B2721:6% #81849E:5% #F8E83C:4% #D16943:4% #67A864:2%
derived/illustration/fetched/style-previews/neon.png,style-preview,create-flow style preview neon,"[400, 268]","[400, 268]",12.0,1.1,78.2,22.8,42.5,0.115,0.026,0.789,0.07,0.001,0.645,"[76.5, 0.5, 34.0]",#C4BA74,"[1.1, 3.6, -10.5]",#010217,"[0.501, 0.544]","[13.6, 35.6, 14.2]","[13.2, 29.7, 20.4]",12.57,0.381,0.193,#030C29:54% #12435B:18% #202356:11% #3DA1A6:7% #B5563A:6% #F6BD15:4%
derived/illustration/fetched/style-previews/pixel.png,style-preview,create-flow style preview pixel,"[400, 268]","[400, 268]",78.1,1.1,79.5,23.1,33.1,0.102,0.028,0.795,0.074,0.005,0.08,"[82.9, -6.5, 9.2]",#BDD2B4,"[7.6, 3.3, -2.9]",#141117,"[0.502, 0.5]","[69.8, 64.6, 70.7]","[65.7, 71.5, 67.9]",5.64,0.178,0.116,#91C9E7:74% #020202:8% #C55C3A:5% #CAC399:5% #444E6B:5% #FBD904:3%
derived/illustration/fetched/style-previews/clay.png,style-preview,create-flow style preview clay,"[400, 268]","[400, 268]",64.7,21.8,80.3,24.1,39.5,0.897,0.032,0.027,0.044,0.002,0.044,"[81.6, 2.7, 29.2]",#E2C892,"[20.2, 5.9, 8.2]",#392C24,"[0.513, 0.473]","[58.9, 57.4, 63.4]","[63.6, 64.9, 51.2]",4.98,0.194,0.074,#CDAE8D:47% #A7825B:27% #6F5535:10% #252F34:7% #A85325:5% #EEC12F:4%
derived/illustration/fetched/style-previews/screenprint.png,style-preview,create-flow style preview screenprint,"[400, 268]","[400, 268]",81.0,16.7,94.9,11.7,65.1,0.546,0.033,0.055,0.366,0.465,0.055,"[95.2, -0.9, 9.3]",#F7F1DF,"[22.6, 0.7, 5.6]",#2F352D,"[0.5, 0.512]","[81.0, 65.9, 80.6]","[72.2, 75.1, 80.2]",6.34,0.158,0.114,#F5EEDC:49% #D6A32C:30% #132327:6% #B75929:6% #47706D:5% #F0C404:4%
