path,kind,id,group,label_sv,label_en,lang,site_url,md5,bytes,codec,encoder_tag,sample_rate_hz,channels,stream_bitrate_kbps,container_duration_s,decoded_duration_s,integrated_lufs,true_peak_dbtp,lra_lu,lra_low_lufs,lra_high_lufs,sample_peak_dbfs,rms_dbfs,stereo_correlation,side_to_mid_db,spectral_centroid_hz,spectral_centroid_median_hz,rolloff85_median_hz,spectral_flatness_median,bandwidth_-60db_hz,band_0_80_pct,band_80_250_pct,band_250_1000_pct,band_1000_4000_pct,band_4000_8000_pct,band_8000_nyq_pct,f0_median_hz,f0_p10_hz,f0_p90_hz,f0_range_p10_p90_st,f0_sd_st,pauses_ge_0.2s_count,pause_total_s,leading_silence_s,trailing_silence_s,key_estimate,key_corr,dominant_pitches,onsets_per_s,tempo_estimate_bpm,seam_rms_step_db,seam_rms_step_pctile,seam_flux_pctile,seam_sample_jump_pctile,seam_verdict,in_app_gain_default_db,in_app_level_default_lufs,in_app_level_max_lufs
assets/audio/atmosphere/v1/hearth.mp3,ambient-bed,hearth,ambience,Brasa,Fireplace,,/audio/atmosphere/v1/hearth.mp3,c381379f79e3cd4c22aa7a893fc164da,481115,mp3,Lavc60.31,44100,2,128.0,30.0408,30.0,-24.4,-2.6,2.7,-26.0,-23.3,-3.17,-22.7,0.9997,-37.75,276.6,73.6,75.4,0.0,15945.0,84.83,13.11,0.02,0.02,0.19,1.83,,,,,,,,,,,,,4.43,,1.61,27.2,43.3,70.4,seamless (all three seam measures below the 95th percentile of interior changes),-14.89,-39.3,-32.4
assets/audio/atmosphere/v1/rain.mp3,ambient-bed,rain,ambience,Fönsterregn,Window rain,,/audio/atmosphere/v1/rain.mp3,976c9a8e734febad8de42378c70b9bee,481115,mp3,Lavc60.31,44100,2,128.0,30.0408,30.0,-24.7,-3.2,0.5,-24.9,-24.4,-3.26,-30.32,0.3139,-2.82,6309.3,6289.8,13070.7,0.003,16860.0,0.67,0.69,8.56,33.83,20.86,35.38,,,,,,,,,,,,,5.37,,2.79,89.3,34.3,57.7,seamless (all three seam measures below the 95th percentile of interior changes),-14.89,-39.6,-32.7
assets/audio/atmosphere/v1/forest.mp3,ambient-bed,forest,ambience,Sagoskogen,Enchanted forest,,/audio/atmosphere/v1/forest.mp3,499ccae26cbb2553b19681cff8cb4f26,481115,mp3,Lavc60.31,44100,2,128.0,30.0408,30.0,-24.4,-3.1,3.8,-26.6,-22.8,-3.09,-29.13,0.224,-1.96,3144.4,3038.3,6147.7,0.0012,16774.0,1.15,1.45,39.1,27.39,22.77,8.14,,,,,,,,,,,,,4.13,,2.18,87.8,24.5,88.0,seamless (all three seam measures below the 95th percentile of interior changes),-14.89,-39.3,-32.4
assets/audio/atmosphere/v1/musicbox.mp3,ambient-bed,musicbox,music,Speldosa,Music box,,/audio/atmosphere/v1/musicbox.mp3,aeca24b1e02948f6a90be8897cde0e54,481115,mp3,Lavc60.31,44100,2,128.0,30.0408,30.0,-24.3,-11.0,3.1,-26.1,-23.0,-10.98,-27.88,0.7457,-7.86,1175.5,1069.6,1324.3,0.0,16408.0,0.0,0.0,39.93,59.42,0.46,0.19,,,,,,,,,,D major,0.643,F#6 E6 A5 G6 D6 E5 F#5 G5,2.23,120.0,0.72,57.1,86.0,53.2,seamless (all three seam measures below the 95th percentile of interior changes),-14.89,-39.2,-32.3
assets/audio/atmosphere/v1/harp.mp3,ambient-bed,harp,music,Månharpa,Moonlit harp,,/audio/atmosphere/v1/harp.mp3,a7fac81a0bdbce7a8693a8cbb333202b,481115,mp3,Lavc60.31,44100,2,128.0,30.0408,30.0,-24.3,-9.3,3.6,-26.0,-22.4,-9.32,-26.54,0.6137,-4.62,339.4,328.0,387.6,0.0,8430.0,0.02,14.68,84.92,0.37,0.01,0.0,,,,,,,,,,F major,0.845,F4 D4 A3 C4 G4 C5 D5 E4,2.23,117.6,0.62,32.6,55.0,55.5,seamless (all three seam measures below the 95th percentile of interior changes),-14.89,-39.2,-32.3
assets/audio/atmosphere/v1/fire.mp3,ambient-bed,fire,music,Glödljus,Ember glow,,/audio/atmosphere/v1/fire.mp3,86f60aa573e72ce3e0959eb9446e110c,481115,mp3,Lavc60.31,44100,2,128.0,30.0408,30.0,-24.4,-5.6,5.7,-28.0,-22.2,-5.97,-25.24,-0.1384,1.2,1486.1,455.1,129.2,0.0,16591.0,59.75,15.7,10.04,0.1,3.67,10.75,,,,,,,,,,,,,4.17,122.4,1.31,32.6,53.7,70.0,seamless (all three seam measures below the 95th percentile of interior changes),-14.89,-39.3,-32.4
assets/audio/landing-voice/grandpa-sample.mp3,voice-sample,grandpa-sample,landing,Morfar,,sv,/landing/voice/grandpa-sample.mp3 (= /voices/grandpa.mp3),4fd9fc63f7f6c461d0fe30338d754c5f,157005,mp3,Lavf60.16.100,24000,1,96.0,13.056,13.0,-26.6,-8.0,6.4,-32.2,-25.9,-8.38,-28.28,,,1090.3,897.9,1523.4,0.0114,11320.0,0.15,39.42,38.17,13.99,6.53,1.74,138.3,87.6,175.2,12.0,4.59,5,3.06,0.542,0.485,,,,,,,,,,,,,
assets/audio/landing-voice/grandpa-sample-en.mp3,voice-sample,grandpa-sample-en,landing,,Grandpa Erik,en,/landing/voice/grandpa-sample-en.mp3 (= /voices/grandpa-en.mp3),ba2efb7095b839a0e5c4dc009441ecbd,83877,mp3,Lavf60.16.100,24000,1,55.7,12.048,12.0,-26.8,-8.0,7.0,-32.1,-25.1,-8.07,-28.12,,,1109.8,616.0,627.0,0.0022,11268.0,0.58,58.48,22.57,9.93,3.45,4.98,99.8,78.4,153.4,11.62,4.11,2,1.25,0.31,0.431,,,,,,,,,,,,,
derived/audio/fetched/voices/female.mp3,voice-sample,female,voice-picker,Berättaren Lily,Storyteller Lily,sv,/voices/female.mp3,ea37752278a1fa28d4b9ecdb832bcc9e,176589,mp3,Lavf60.16.100,24000,1,96.0,14.688,14.64,-24.4,-6.3,9.4,-32.9,-23.6,-6.33,-25.66,,,523.6,380.2,542.0,0.0014,11262.0,1.09,46.7,46.35,4.32,0.47,1.06,192.5,146.5,288.5,11.74,4.45,9,3.58,0.261,0.392,,,,,,,,,,,,,
derived/audio/fetched/voices/female-en.mp3,voice-sample,female-en,voice-picker,Berättaren Lily,Storyteller Lily,en,/voices/female-en.mp3,c31ae24361320f9a907405849a115376,62181,mp3,Lavf60.16.100,24000,1,53.9,9.216,9.16,-24.5,-7.4,4.5,-27.4,-22.9,-7.45,-24.78,,,566.1,452.4,530.3,0.0006,11268.0,0.11,34.9,57.52,6.0,0.71,0.76,191.6,147.8,245.1,8.76,3.53,3,1.36,0.256,0.363,,,,,,,,,,,,,
derived/audio/fetched/voices/male.mp3,voice-sample,male,voice-picker,Berättaren Marcus,Narrator Marcus,sv,/voices/male.mp3,e80858d15cb773aa24790c6140e884ec,173709,mp3,Lavf60.16.100,24000,1,96.0,14.448,14.4,-23.9,-3.9,8.4,-31.2,-22.8,-3.94,-25.02,,,491.2,705.1,996.1,0.0073,11268.0,1.24,64.6,27.85,3.01,2.8,0.49,132.5,91.9,216.2,14.81,5.17,6,4.47,0.325,0.37,,,,,,,,,,,,,
derived/audio/fetched/voices/male-en.mp3,voice-sample,male-en,voice-picker,Berättaren Marcus,Narrator Marcus,en,/voices/male-en.mp3,2530f397c0daff25ac636f8b12f9d68a,73461,mp3,Lavf60.16.100,24000,1,57.0,10.296,10.24,-19.4,-1.8,6.6,-25.1,-18.6,-1.79,-21.09,,,726.7,522.5,609.4,0.0018,11256.0,0.39,24.04,64.44,6.98,3.7,0.43,117.1,81.0,161.3,11.92,4.49,5,3.58,0.648,0.431,,,,,,,,,,,,,
derived/audio/fetched/voices/young.mp3,voice-sample,young,voice-picker,Unga Saga,Young Saga,sv,/voices/young.mp3,e96fda705bcc604bf274ee94b8550829,183789,mp3,Lavf60.16.100,24000,1,96.0,15.288,15.24,-27.5,-9.9,6.6,-33.3,-26.7,-9.89,-28.35,,,510.7,368.3,363.3,0.0042,11262.0,0.3,55.21,39.31,2.72,1.18,1.28,190.4,154.4,306.4,11.87,4.45,8,4.58,0.474,0.259,,,,,,,,,,,,,
derived/audio/fetched/voices/young-en.mp3,voice-sample,young-en,voice-picker,Unga Saga,Young Saga,en,/voices/young-en.mp3,7646c94abcc8e7f1dcaa876fae28dbd6,62709,mp3,Lavf60.16.100,24000,1,54.7,9.168,9.12,-23.0,-5.4,3.1,-25.1,-22.0,-5.51,-23.44,,,572.1,448.4,580.1,0.0013,11303.0,0.02,30.05,60.55,7.96,0.52,0.89,200.4,154.0,286.3,10.73,3.92,4,2.18,0.0,0.338,,,,,,,,,,,,,
assets/share/iris-sparade-platsen/assets/S1.mp3,narration,S1,sample-book,,,sv,/share/iris-sparade-platsen/assets/S1.mp3,ff1c4128bb357801049b4733b9e937aa,1073709,mp3,Lavf60.16.100,48000,1,128.0,67.08,67.04,-18.7,-2.2,6.0,-23.4,-17.4,-2.37,-20.35,,,1430.6,871.5,1447.3,0.0,12820.0,1.41,49.03,26.93,7.88,10.76,3.99,109.1,81.7,172.3,12.92,4.76,25,13.96,0.308,0.332,,,,,,,,,,,,,
assets/share/iris-sparade-platsen/assets/S2.mp3,narration,S2,sample-book,,,sv,/share/iris-sparade-platsen/assets/S2.mp3,6cd81e1e73bd7de0c3387ca623dfc723,1079853,mp3,Lavf60.16.100,48000,1,128.0,67.464,67.44,-19.5,-2.2,6.2,-23.8,-17.6,-2.39,-20.32,,,805.7,495.0,644.5,0.0,12961.0,1.4,58.01,27.65,6.06,5.59,1.28,119.4,85.3,188.0,13.68,5.14,21,13.96,0.483,0.306,,,,,,,,,,,,,
assets/share/iris-sparade-platsen/assets/S3A.mp3,narration,S3A,sample-book,,,sv,/share/iris-sparade-platsen/assets/S3A.mp3,d37f0a60c24675fc94a9a177b9475385,1029549,mp3,Lavf60.16.100,48000,1,128.0,64.32,64.28,-19.7,-2.4,5.3,-23.9,-18.6,-2.42,-20.62,,,927.3,653.2,1048.8,0.0,13066.0,1.35,58.9,26.09,4.82,6.59,2.26,110.2,77.2,177.8,14.43,5.36,24,11.51,0.285,0.356,,,,,,,,,,,,,
assets/share/iris-sparade-platsen/assets/S3B.mp3,narration,S3B,sample-book,,,sv,/share/iris-sparade-platsen/assets/S3B.mp3,9c9e91809141acfa2fecc2a4e8196b1a,1058349,mp3,Lavf60.16.100,48000,1,128.0,66.12,66.08,-19.5,-2.3,6.1,-24.1,-18.0,-2.32,-20.78,,,1286.1,421.8,480.5,0.0,13230.0,3.39,56.0,19.78,7.78,9.62,3.44,95.2,76.7,128.0,8.87,3.58,14,14.0,1.325,0.467,,,,,,,,,,,,,
assets/share/iris-sparade-platsen/assets/S4A.mp3,narration,S4A,sample-book,,,sv,/share/iris-sparade-platsen/assets/S4A.mp3,930c660727ec2f395d99d8c62d47a6e0,853293,mp3,Lavf60.16.100,48000,1,128.0,53.304,53.28,-18.5,-2.4,7.8,-24.1,-16.3,-2.4,-19.22,,,602.9,454.8,562.5,0.0,12914.0,0.75,58.45,31.44,5.31,3.4,0.66,104.8,81.6,167.1,12.41,4.52,13,10.37,0.301,0.34,,,,,,,,,,,,,
assets/share/iris-sparade-platsen/assets/S4B.mp3,narration,S4B,sample-book,,,sv,/share/iris-sparade-platsen/assets/S4B.mp3,6f66ad103aee946c913af9ab232175e5,916653,mp3,Lavf60.16.100,48000,1,128.0,57.264,57.24,-18.9,-2.4,5.3,-22.5,-17.1,-2.35,-19.41,,,774.9,526.3,732.4,0.0,13055.0,0.46,58.14,30.73,4.1,4.83,1.74,113.4,84.0,167.8,11.98,4.45,18,8.69,0.349,0.341,,,,,,,,,,,,,
assets/share/iris-sparade-platsen/assets/S5AA.mp3,narration,S5AA,sample-book,,,sv,/share/iris-sparade-platsen/assets/S5AA.mp3,59efc8ab9acdb2eaa15bd3f7fa05410f,997293,mp3,Lavf60.16.100,48000,1,128.0,62.304,62.28,-19.6,-2.3,3.8,-22.8,-19.0,-2.27,-20.68,,,1179.9,905.6,1224.6,0.0,13137.0,0.88,47.4,31.23,9.3,8.53,2.66,93.2,77.4,129.2,8.87,3.44,16,8.5,0.365,0.344,,,,,,,,,,,,,
assets/share/iris-sparade-platsen/assets/S5AB.mp3,narration,S5AB,sample-book,,,sv,/share/iris-sparade-platsen/assets/S5AB.mp3,3bf66c01702dd88ac8d8587668455a48,1012269,mp3,Lavf60.16.100,48000,1,128.0,63.24,63.2,-19.8,-2.3,4.7,-23.8,-19.2,-2.4,-21.12,,,1022.3,674.3,908.2,0.0,12750.0,3.42,58.79,19.24,9.24,7.51,1.79,105.1,80.0,152.7,11.19,4.24,22,15.59,0.419,0.587,,,,,,,,,,,,,
assets/share/iris-sparade-platsen/assets/S5BA.mp3,narration,S5BA,sample-book,,,sv,/share/iris-sparade-platsen/assets/S5BA.mp3,b6b4f1fec7e33deb6843a838fd4d67b0,1107501,mp3,Lavf60.16.100,48000,1,128.0,69.192,69.16,-19.1,-2.2,6.5,-24.0,-17.5,-2.3,-20.67,,,1395.0,617.9,972.7,0.0,12914.0,3.65,46.91,23.88,11.15,11.08,3.34,98.9,80.1,136.0,9.16,3.46,17,13.05,1.093,0.328,,,,,,,,,,,,,
assets/share/iris-sparade-platsen/assets/S5BB.mp3,narration,S5BB,sample-book,,,sv,/share/iris-sparade-platsen/assets/S5BB.mp3,fa8afafefcc401a10c3288163b963232,1041453,mp3,Lavf60.16.100,48000,1,128.0,65.064,65.04,-19.4,-2.2,5.3,-23.8,-18.5,-2.33,-20.66,,,1010.3,617.1,1007.8,0.0,11895.0,1.69,65.51,14.39,7.89,8.95,1.57,117.5,84.3,177.6,12.89,4.65,16,17.5,0.0,0.394,,,,,,,,,,,,,
assets/share/iris-sparade-platsen/assets/S6AA.mp3,narration,S6AA,sample-book,,,sv,/share/iris-sparade-platsen/assets/S6AA.mp3,7f0004c7d1c04bb2050731721133944c,1018413,mp3,Lavf60.16.100,48000,1,128.0,63.624,63.6,-19.3,-2.0,4.3,-22.8,-18.5,-2.03,-21.04,,,1945.9,1034.8,1330.1,0.0,13312.0,0.32,38.34,30.23,11.23,11.85,8.03,101.1,82.3,146.4,9.98,3.85,17,9.34,0.281,0.468,,,,,,,,,,,,,
assets/share/iris-sparade-platsen/assets/S6AB.mp3,narration,S6AB,sample-book,,,sv,/share/iris-sparade-platsen/assets/S6AB.mp3,771caa1b4f8714ce374fb37c28d5f8c8,1050669,mp3,Lavf60.16.100,48000,1,128.0,65.64,65.6,-19.9,-2.3,6.5,-25.0,-18.5,-2.31,-21.94,,,2147.3,940.1,1277.3,0.0,13266.0,0.85,37.55,29.23,7.85,18.11,6.42,99.1,78.0,163.5,12.81,4.62,22,12.76,0.314,0.322,,,,,,,,,,,,,
assets/share/iris-sparade-platsen/assets/S6BA.mp3,narration,S6BA,sample-book,,,sv,/share/iris-sparade-platsen/assets/S6BA.mp3,e6f8686ab014a84f28577ef743be8685,937389,mp3,Lavf60.16.100,48000,1,128.0,58.56,58.52,-19.3,-2.4,4.6,-23.1,-18.5,-2.4,-19.96,,,567.9,479.3,644.5,0.0,12762.0,0.34,65.68,26.92,3.25,2.75,1.06,117.0,85.3,183.0,13.21,4.85,19,10.58,0.513,0.312,,,,,,,,,,,,,
assets/share/iris-sparade-platsen/assets/S6BB.mp3,narration,S6BB,sample-book,,,sv,/share/iris-sparade-platsen/assets/S6BB.mp3,12508e203bddf60f8ae0bf554fa3ee7a,1161261,mp3,Lavf60.16.100,48000,1,128.0,72.552,72.52,-19.9,-2.4,6.5,-25.1,-18.6,-2.43,-21.44,,,801.7,841.7,1160.2,0.0,12938.0,0.47,47.39,37.91,8.04,5.24,0.94,96.3,74.0,160.5,13.4,4.68,23,17.42,1.467,0.319,,,,,,,,,,,,,
