flow,step,start_theme,viewport,file,url_after,document_title,html_lang,body_data_theme,localStorage_tf_theme,document_cookie,scrollY,doc_height,note
journey,01-home-landing,morgon,desktop,screenshots/flows/journey__01-home-landing__morgon__desktop.png,/,Tale Forge,sv,morgon,morgon,tf_locale=sv,0,4994,"Landing, hero in view"
journey,01-home-landing,morgon,mobile,screenshots/flows/journey__01-home-landing__morgon__mobile.png,/,Tale Forge,sv,morgon,morgon,tf_locale=sv,0,7848,"Landing, hero in view"
journey,01-home-landing,natt,desktop,screenshots/flows/journey__01-home-landing__natt__desktop.png,/,Tale Forge,sv,natt,natt,tf_locale=sv,0,4994,"Landing, hero in view"
journey,01-home-landing,natt,mobile,screenshots/flows/journey__01-home-landing__natt__mobile.png,/,Tale Forge,sv,natt,natt,tf_locale=sv,0,7848,"Landing, hero in view"
journey,02-home-cta-hover,morgon,desktop,screenshots/flows/journey__02-home-cta-hover__morgon__desktop.png,/,Tale Forge,sv,morgon,morgon,tf_locale=sv,0,4994,"Hover on the primary CTA ""Skapa er hjälte"""
journey,02-home-cta-hover,natt,desktop,screenshots/flows/journey__02-home-cta-hover__natt__desktop.png,/,Tale Forge,sv,natt,natt,tf_locale=sv,0,4994,"Hover on the primary CTA ""Skapa er hjälte"""
journey,03-start-s0,morgon,desktop,screenshots/flows/journey__03-start-s0__morgon__desktop.png,/start,Tale Forge,sv,morgon,morgon,tf_locale=sv,0,900,/start screen s0 (client-side nav from the hero CTA)
journey,03-start-s0,morgon,mobile,screenshots/flows/journey__03-start-s0__morgon__mobile.png,/start,Tale Forge,sv,morgon,morgon,tf_locale=sv,0,1220,/start screen s0 (client-side nav from the hero CTA)
journey,03-start-s0,natt,desktop,screenshots/flows/journey__03-start-s0__natt__desktop.png,/start,Tale Forge,sv,natt,natt,tf_locale=sv,0,900,/start screen s0 (client-side nav from the hero CTA)
journey,03-start-s0,natt,mobile,screenshots/flows/journey__03-start-s0__natt__mobile.png,/start,Tale Forge,sv,natt,natt,tf_locale=sv,0,1220,/start screen s0 (client-side nav from the hero CTA)
journey,04-start-s1,morgon,desktop,screenshots/flows/journey__04-start-s1__morgon__desktop.png,/start,Tale Forge,sv,morgon,morgon,tf_locale=sv,0,900,"s1 ""Steg 1 av 4 · Hjälten"": empty name, Vidare disabled"
journey,04-start-s1,morgon,mobile,screenshots/flows/journey__04-start-s1__morgon__mobile.png,/start,Tale Forge,sv,morgon,morgon,tf_locale=sv,0,911,"s1 ""Steg 1 av 4 · Hjälten"": empty name, Vidare disabled"
journey,04-start-s1,natt,desktop,screenshots/flows/journey__04-start-s1__natt__desktop.png,/start,Tale Forge,sv,natt,natt,tf_locale=sv,0,900,"s1 ""Steg 1 av 4 · Hjälten"": empty name, Vidare disabled"
journey,04-start-s1,natt,mobile,screenshots/flows/journey__04-start-s1__natt__mobile.png,/start,Tale Forge,sv,natt,natt,tf_locale=sv,0,911,"s1 ""Steg 1 av 4 · Hjälten"": empty name, Vidare disabled"
journey,05-start-s1-filled,morgon,desktop,screenshots/flows/journey__05-start-s1-filled__morgon__desktop.png,/start,Tale Forge,sv,morgon,morgon,tf_locale=sv,0,900,s1 with the sample name typed (Iris) and a pronoun chosen; nothing is sent
journey,05-start-s1-filled,morgon,mobile,screenshots/flows/journey__05-start-s1-filled__morgon__mobile.png,/start,Tale Forge,sv,morgon,morgon,tf_locale=sv,0,911,s1 with the sample name typed (Iris) and a pronoun chosen; nothing is sent
journey,05-start-s1-filled,natt,desktop,screenshots/flows/journey__05-start-s1-filled__natt__desktop.png,/start,Tale Forge,sv,natt,natt,tf_locale=sv,0,900,s1 with the sample name typed (Iris) and a pronoun chosen; nothing is sent
journey,05-start-s1-filled,natt,mobile,screenshots/flows/journey__05-start-s1-filled__natt__mobile.png,/start,Tale Forge,sv,natt,natt,tf_locale=sv,0,911,s1 with the sample name typed (Iris) and a pronoun chosen; nothing is sent
journey,06-start-s2,morgon,desktop,screenshots/flows/journey__06-start-s2__morgon__desktop.png,/start,Tale Forge,sv,morgon,morgon,tf_locale=sv,0,900,"s2 ""Steg 2 av 4 · Fotot"" (stop here: continuing calls the backend)"
journey,06-start-s2,morgon,mobile,screenshots/flows/journey__06-start-s2__morgon__mobile.png,/start,Tale Forge,sv,morgon,morgon,tf_locale=sv,0,1067,"s2 ""Steg 2 av 4 · Fotot"" (stop here: continuing calls the backend)"
journey,06-start-s2,natt,desktop,screenshots/flows/journey__06-start-s2__natt__desktop.png,/start,Tale Forge,sv,natt,natt,tf_locale=sv,0,900,"s2 ""Steg 2 av 4 · Fotot"" (stop here: continuing calls the backend)"
journey,06-start-s2,natt,mobile,screenshots/flows/journey__06-start-s2__natt__mobile.png,/start,Tale Forge,sv,natt,natt,tf_locale=sv,0,1067,"s2 ""Steg 2 av 4 · Fotot"" (stop here: continuing calls the backend)"
journey,07-start-s2-attested,morgon,desktop,screenshots/flows/journey__07-start-s2-attested__morgon__desktop.png,/start,Tale Forge,sv,morgon,morgon,tf_locale=sv,0,900,s2 with the guardian attestation ticked (local state only)
journey,07-start-s2-attested,morgon,mobile,screenshots/flows/journey__07-start-s2-attested__morgon__mobile.png,/start,Tale Forge,sv,morgon,morgon,tf_locale=sv,0,1067,s2 with the guardian attestation ticked (local state only)
journey,07-start-s2-attested,natt,desktop,screenshots/flows/journey__07-start-s2-attested__natt__desktop.png,/start,Tale Forge,sv,natt,natt,tf_locale=sv,0,900,s2 with the guardian attestation ticked (local state only)
journey,07-start-s2-attested,natt,mobile,screenshots/flows/journey__07-start-s2-attested__natt__mobile.png,/start,Tale Forge,sv,natt,natt,tf_locale=sv,0,1067,s2 with the guardian attestation ticked (local state only)
home-paths,01-how-anchor,morgon,desktop,screenshots/flows/home-paths__01-how-anchor__morgon__desktop.png,/#sa-funkar-det,Tale Forge,sv,morgon,morgon,tf_locale=sv,648,4994,"""Se hur det funkar"" -> in-page anchor #sa-funkar-det (smooth scroll, URL gains the hash)"
home-paths,01-how-anchor,morgon,mobile,screenshots/flows/home-paths__01-how-anchor__morgon__mobile.png,/#sa-funkar-det,Tale Forge,sv,morgon,morgon,tf_locale=sv,1001,7848,"""Se hur det funkar"" -> in-page anchor #sa-funkar-det (smooth scroll, URL gains the hash)"
home-paths,01-how-anchor,natt,desktop,screenshots/flows/home-paths__01-how-anchor__natt__desktop.png,/#sa-funkar-det,Tale Forge,sv,natt,natt,tf_locale=sv,648,4994,"""Se hur det funkar"" -> in-page anchor #sa-funkar-det (smooth scroll, URL gains the hash)"
home-paths,01-how-anchor,natt,mobile,screenshots/flows/home-paths__01-how-anchor__natt__mobile.png,/#sa-funkar-det,Tale Forge,sv,natt,natt,tf_locale=sv,1001,7848,"""Se hur det funkar"" -> in-page anchor #sa-funkar-det (smooth scroll, URL gains the hash)"
home-paths,02-closing-ctas,morgon,desktop,screenshots/flows/home-paths__02-closing-ctas__morgon__desktop.png,/#sa-funkar-det,Tale Forge,sv,morgon,morgon,tf_locale=sv,3054,4994,End of the how-it-works chapter: closing CTA pair (Skapa er hjälte / Läs exempelboken)
home-paths,02-closing-ctas,morgon,mobile,screenshots/flows/home-paths__02-closing-ctas__morgon__mobile.png,/#sa-funkar-det,Tale Forge,sv,morgon,morgon,tf_locale=sv,4600,7848,End of the how-it-works chapter: closing CTA pair (Skapa er hjälte / Läs exempelboken)
home-paths,02-closing-ctas,natt,desktop,screenshots/flows/home-paths__02-closing-ctas__natt__desktop.png,/#sa-funkar-det,Tale Forge,sv,natt,natt,tf_locale=sv,3054,4994,End of the how-it-works chapter: closing CTA pair (Skapa er hjälte / Läs exempelboken)
home-paths,02-closing-ctas,natt,mobile,screenshots/flows/home-paths__02-closing-ctas__natt__mobile.png,/#sa-funkar-det,Tale Forge,sv,natt,natt,tf_locale=sv,4600,7848,End of the how-it-works chapter: closing CTA pair (Skapa er hjälte / Läs exempelboken)
home-paths,03-footer,morgon,desktop,screenshots/flows/home-paths__03-footer__morgon__desktop.png,/#sa-funkar-det,Tale Forge,sv,morgon,morgon,tf_locale=sv,4094,4994,Page bottom: Bokhyllan and the footer
home-paths,03-footer,morgon,mobile,screenshots/flows/home-paths__03-footer__morgon__mobile.png,/#sa-funkar-det,Tale Forge,sv,morgon,morgon,tf_locale=sv,7004,7848,Page bottom: Bokhyllan and the footer
home-paths,03-footer,natt,desktop,screenshots/flows/home-paths__03-footer__natt__desktop.png,/#sa-funkar-det,Tale Forge,sv,natt,natt,tf_locale=sv,4094,4994,Page bottom: Bokhyllan and the footer
home-paths,03-footer,natt,mobile,screenshots/flows/home-paths__03-footer__natt__mobile.png,/#sa-funkar-det,Tale Forge,sv,natt,natt,tf_locale=sv,7004,7848,Page bottom: Bokhyllan and the footer
home-paths,04-sample-link-404,morgon,desktop,screenshots/flows/home-paths__04-sample-link-404__morgon__desktop.png,/share/iris-sparade-platsen,Iris och den sparade platsen | Tale Forge,sv,morgon,morgon,tf_locale=sv,0,900,"""Läs exempelboken"" -> /share/iris-sparade-platsen answers 404 (site 404 card)"
home-paths,04-sample-link-404,morgon,mobile,screenshots/flows/home-paths__04-sample-link-404__morgon__mobile.png,/share/iris-sparade-platsen,Iris och den sparade platsen | Tale Forge,sv,morgon,morgon,tf_locale=sv,0,844,"""Läs exempelboken"" -> /share/iris-sparade-platsen answers 404 (site 404 card)"
home-paths,04-sample-link-404,natt,desktop,screenshots/flows/home-paths__04-sample-link-404__natt__desktop.png,/share/iris-sparade-platsen,Iris och den sparade platsen | Tale Forge,sv,natt,natt,tf_locale=sv,0,900,"""Läs exempelboken"" -> /share/iris-sparade-platsen answers 404 (site 404 card)"
home-paths,04-sample-link-404,natt,mobile,screenshots/flows/home-paths__04-sample-link-404__natt__mobile.png,/share/iris-sparade-platsen,Iris och den sparade platsen | Tale Forge,sv,natt,natt,tf_locale=sv,0,844,"""Läs exempelboken"" -> /share/iris-sparade-platsen answers 404 (site 404 card)"
home-paths,05-hero-cover-to-signup,morgon,desktop,screenshots/flows/home-paths__05-hero-cover-to-signup__morgon__desktop.png,/signup,Tale Forge,sv,morgon,morgon,tf_locale=sv,0,1016,"Hero cover (aria-label ""Alva och fyraljuset i tornet"") is a link to /signup"
home-paths,05-hero-cover-to-signup,morgon,mobile,screenshots/flows/home-paths__05-hero-cover-to-signup__morgon__mobile.png,/signup,Tale Forge,sv,morgon,morgon,tf_locale=sv,0,1163,"Hero cover (aria-label ""Alva och fyraljuset i tornet"") is a link to /signup"
home-paths,05-hero-cover-to-signup,natt,desktop,screenshots/flows/home-paths__05-hero-cover-to-signup__natt__desktop.png,/signup,Tale Forge,sv,natt,natt,tf_locale=sv,0,1016,"Hero cover (aria-label ""Alva och fyraljuset i tornet"") is a link to /signup"
home-paths,05-hero-cover-to-signup,natt,mobile,screenshots/flows/home-paths__05-hero-cover-to-signup__natt__mobile.png,/signup,Tale Forge,sv,natt,natt,tf_locale=sv,0,1163,"Hero cover (aria-label ""Alva och fyraljuset i tornet"") is a link to /signup"
start-gallery,01-s0-rest,morgon,desktop,screenshots/flows/start-gallery__01-s0-rest__morgon__desktop.png,/start,Tale Forge,sv,morgon,morgon,tf_locale=sv,0,900,"/start s0 at rest, aria-expanded=false"
start-gallery,01-s0-rest,morgon,mobile,screenshots/flows/start-gallery__01-s0-rest__morgon__mobile.png,/start,Tale Forge,sv,morgon,morgon,tf_locale=sv,0,1220,"/start s0 at rest, aria-expanded=false"
start-gallery,01-s0-rest,natt,desktop,screenshots/flows/start-gallery__01-s0-rest__natt__desktop.png,/start,Tale Forge,sv,natt,natt,tf_locale=sv,0,900,"/start s0 at rest, aria-expanded=false"
start-gallery,01-s0-rest,natt,mobile,screenshots/flows/start-gallery__01-s0-rest__natt__mobile.png,/start,Tale Forge,sv,natt,natt,tf_locale=sv,0,1220,"/start s0 at rest, aria-expanded=false"
start-gallery,02-gallery-open,morgon,desktop,screenshots/flows/start-gallery__02-gallery-open__morgon__desktop.png,/start,Tale Forge,sv,morgon,morgon,tf_locale=sv,0,1093,"""Läs en exempelbok först"" toggled: one framed sample book appears under the CTA row"
start-gallery,02-gallery-open,morgon,mobile,screenshots/flows/start-gallery__02-gallery-open__morgon__mobile.png,/start,Tale Forge,sv,morgon,morgon,tf_locale=sv,74,1498,"""Läs en exempelbok först"" toggled: one framed sample book appears under the CTA row"
start-gallery,02-gallery-open,natt,desktop,screenshots/flows/start-gallery__02-gallery-open__natt__desktop.png,/start,Tale Forge,sv,natt,natt,tf_locale=sv,0,1093,"""Läs en exempelbok först"" toggled: one framed sample book appears under the CTA row"
start-gallery,02-gallery-open,natt,mobile,screenshots/flows/start-gallery__02-gallery-open__natt__mobile.png,/start,Tale Forge,sv,natt,natt,tf_locale=sv,52,1498,"""Läs en exempelbok först"" toggled: one framed sample book appears under the CTA row"
start-gallery,03-gbook-hover,morgon,desktop,screenshots/flows/start-gallery__03-gbook-hover__morgon__desktop.png,/start,Tale Forge,sv,morgon,morgon,tf_locale=sv,54,1093,Hover on the sample book (no hover rule)
start-gallery,03-gbook-hover,natt,desktop,screenshots/flows/start-gallery__03-gbook-hover__natt__desktop.png,/start,Tale Forge,sv,natt,natt,tf_locale=sv,54,1093,Hover on the sample book (no hover rule)
start-gallery,04-gallery-closed,morgon,desktop,screenshots/flows/start-gallery__04-gallery-closed__morgon__desktop.png,/start,Tale Forge,sv,morgon,morgon,tf_locale=sv,0,900,Toggled again: the gallery is removed
start-gallery,04-gallery-closed,morgon,mobile,screenshots/flows/start-gallery__04-gallery-closed__morgon__mobile.png,/start,Tale Forge,sv,morgon,morgon,tf_locale=sv,0,1220,Toggled again: the gallery is removed
start-gallery,04-gallery-closed,natt,desktop,screenshots/flows/start-gallery__04-gallery-closed__natt__desktop.png,/start,Tale Forge,sv,natt,natt,tf_locale=sv,0,900,Toggled again: the gallery is removed
start-gallery,04-gallery-closed,natt,mobile,screenshots/flows/start-gallery__04-gallery-closed__natt__mobile.png,/start,Tale Forge,sv,natt,natt,tf_locale=sv,0,1220,Toggled again: the gallery is removed
start-gallery,05-gbook-click-404,morgon,desktop,screenshots/flows/start-gallery__05-gbook-click-404__morgon__desktop.png,/share/iris-sparade-platsen,Iris och den sparade platsen | Tale Forge,sv,morgon,morgon,tf_locale=sv,0,900,Clicking the sample book -> /share/iris-sparade-platsen -> 404 card
start-gallery,05-gbook-click-404,morgon,mobile,screenshots/flows/start-gallery__05-gbook-click-404__morgon__mobile.png,/share/iris-sparade-platsen,Iris och den sparade platsen | Tale Forge,sv,morgon,morgon,tf_locale=sv,0,844,Clicking the sample book -> /share/iris-sparade-platsen -> 404 card
start-gallery,05-gbook-click-404,natt,desktop,screenshots/flows/start-gallery__05-gbook-click-404__natt__desktop.png,/share/iris-sparade-platsen,Iris och den sparade platsen | Tale Forge,sv,natt,natt,tf_locale=sv,0,900,Clicking the sample book -> /share/iris-sparade-platsen -> 404 card
start-gallery,05-gbook-click-404,natt,mobile,screenshots/flows/start-gallery__05-gbook-click-404__natt__mobile.png,/share/iris-sparade-platsen,Iris och den sparade platsen | Tale Forge,sv,natt,natt,tf_locale=sv,0,844,Clicking the sample book -> /share/iris-sparade-platsen -> 404 card
start-resume,01-after-reload,morgon,desktop,screenshots/flows/start-resume__01-after-reload__morgon__desktop.png,/start,Tale Forge,sv,morgon,morgon,tf_locale=sv,0,900,"Typed ""Iris"" on s1, then reloaded /start | tf-start-draft={""ageBand"":""B"",""currentScreen"":""s1""}"
start-resume,01-after-reload,morgon,mobile,screenshots/flows/start-resume__01-after-reload__morgon__mobile.png,/start,Tale Forge,sv,morgon,morgon,tf_locale=sv,0,911,"Typed ""Iris"" on s1, then reloaded /start | tf-start-draft={""ageBand"":""B"",""currentScreen"":""s1""}"
start-resume,01-after-reload,natt,desktop,screenshots/flows/start-resume__01-after-reload__natt__desktop.png,/start,Tale Forge,sv,natt,natt,tf_locale=sv,0,900,"Typed ""Iris"" on s1, then reloaded /start | tf-start-draft={""ageBand"":""B"",""currentScreen"":""s1""}"
start-resume,01-after-reload,natt,mobile,screenshots/flows/start-resume__01-after-reload__natt__mobile.png,/start,Tale Forge,sv,natt,natt,tf_locale=sv,0,911,"Typed ""Iris"" on s1, then reloaded /start | tf-start-draft={""ageBand"":""B"",""currentScreen"":""s1""}"
start-resume,02-after-en,morgon,desktop,screenshots/flows/start-resume__02-after-en__morgon__desktop.png,/start,Tale Forge,en,morgon,morgon,tf_locale=en,0,900,"Then pressed EN (cookie + router.refresh) | tf-start-draft={""ageBand"":""B"",""currentScreen"":""s1""}"
start-resume,02-after-en,morgon,mobile,screenshots/flows/start-resume__02-after-en__morgon__mobile.png,/start,Tale Forge,en,morgon,morgon,tf_locale=en,0,1010,"Then pressed EN (cookie + router.refresh) | tf-start-draft={""ageBand"":""B"",""currentScreen"":""s1""}"
start-resume,02-after-en,natt,desktop,screenshots/flows/start-resume__02-after-en__natt__desktop.png,/start,Tale Forge,en,natt,natt,tf_locale=en,0,900,"Then pressed EN (cookie + router.refresh) | tf-start-draft={""ageBand"":""B"",""currentScreen"":""s1""}"
start-resume,02-after-en,natt,mobile,screenshots/flows/start-resume__02-after-en__natt__mobile.png,/start,Tale Forge,en,natt,natt,tf_locale=en,0,1010,"Then pressed EN (cookie + router.refresh) | tf-start-draft={""ageBand"":""B"",""currentScreen"":""s1""}"
upgrade,01-rest,morgon,desktop,screenshots/flows/upgrade__01-rest__morgon__desktop.png,/uppgradera,Uppgradera,sv,morgon,morgon,tf_locale=sv,0,1312,/uppgradera at rest (Årsvis pre-selected)
upgrade,01-rest,morgon,mobile,screenshots/flows/upgrade__01-rest__morgon__mobile.png,/uppgradera,Uppgradera,sv,morgon,morgon,tf_locale=sv,0,1690,/uppgradera at rest (Årsvis pre-selected)
upgrade,01-rest,natt,desktop,screenshots/flows/upgrade__01-rest__natt__desktop.png,/uppgradera,Uppgradera,sv,natt,natt,tf_locale=sv,0,1312,/uppgradera at rest (Årsvis pre-selected)
upgrade,01-rest,natt,mobile,screenshots/flows/upgrade__01-rest__natt__mobile.png,/uppgradera,Uppgradera,sv,natt,natt,tf_locale=sv,0,1690,/uppgradera at rest (Årsvis pre-selected)
upgrade,02-yearly-plan,morgon,desktop,screenshots/flows/upgrade__02-yearly-plan__morgon__desktop.png,/uppgradera,Uppgradera,sv,morgon,morgon,tf_locale=sv,412,1312,"Billing toggle + Familj plan card, yearly (1490 kr per år)"
upgrade,02-yearly-plan,morgon,mobile,screenshots/flows/upgrade__02-yearly-plan__morgon__mobile.png,/uppgradera,Uppgradera,sv,morgon,morgon,tf_locale=sv,846,1690,"Billing toggle + Familj plan card, yearly (1490 kr per år)"
upgrade,02-yearly-plan,natt,desktop,screenshots/flows/upgrade__02-yearly-plan__natt__desktop.png,/uppgradera,Uppgradera,sv,natt,natt,tf_locale=sv,412,1312,"Billing toggle + Familj plan card, yearly (1490 kr per år)"
upgrade,02-yearly-plan,natt,mobile,screenshots/flows/upgrade__02-yearly-plan__natt__mobile.png,/uppgradera,Uppgradera,sv,natt,natt,tf_locale=sv,846,1690,"Billing toggle + Familj plan card, yearly (1490 kr per år)"
upgrade,03-monthly-plan,morgon,desktop,screenshots/flows/upgrade__03-monthly-plan__morgon__desktop.png,/uppgradera,Uppgradera,sv,morgon,morgon,tf_locale=sv,376,1276,Månadsvis pressed: the price line changes to monthly
upgrade,03-monthly-plan,morgon,mobile,screenshots/flows/upgrade__03-monthly-plan__morgon__mobile.png,/uppgradera,Uppgradera,sv,morgon,morgon,tf_locale=sv,811,1655,Månadsvis pressed: the price line changes to monthly
upgrade,03-monthly-plan,natt,desktop,screenshots/flows/upgrade__03-monthly-plan__natt__desktop.png,/uppgradera,Uppgradera,sv,natt,natt,tf_locale=sv,376,1276,Månadsvis pressed: the price line changes to monthly
upgrade,03-monthly-plan,natt,mobile,screenshots/flows/upgrade__03-monthly-plan__natt__mobile.png,/uppgradera,Uppgradera,sv,natt,natt,tf_locale=sv,811,1655,Månadsvis pressed: the price line changes to monthly
upgrade,04-schools-open,morgon,desktop,screenshots/flows/upgrade__04-schools-open__morgon__desktop.png,/uppgradera,Uppgradera,sv,morgon,morgon,tf_locale=sv,336,1575,"""För skolor"" pressed (monthly billing): the Skola plan card is revealed (toggle after click: {""skolaFound"":true,""toggleStill"":null})"
upgrade,04-schools-open,morgon,mobile,screenshots/flows/upgrade__04-schools-open__morgon__mobile.png,/uppgradera,Uppgradera,sv,morgon,morgon,tf_locale=sv,771,2016,"""För skolor"" pressed (monthly billing): the Skola plan card is revealed (toggle after click: {""skolaFound"":true,""toggleStill"":null})"
upgrade,04-schools-open,natt,desktop,screenshots/flows/upgrade__04-schools-open__natt__desktop.png,/uppgradera,Uppgradera,sv,natt,natt,tf_locale=sv,336,1575,"""För skolor"" pressed (monthly billing): the Skola plan card is revealed (toggle after click: {""skolaFound"":true,""toggleStill"":null})"
upgrade,04-schools-open,natt,mobile,screenshots/flows/upgrade__04-schools-open__natt__mobile.png,/uppgradera,Uppgradera,sv,natt,natt,tf_locale=sv,771,2016,"""För skolor"" pressed (monthly billing): the Skola plan card is revealed (toggle after click: {""skolaFound"":true,""toggleStill"":null})"
upgrade,05-page-bottom,morgon,desktop,screenshots/flows/upgrade__05-page-bottom__morgon__desktop.png,/uppgradera,Uppgradera,sv,morgon,morgon,tf_locale=sv,675,1575,Bottom of the expanded page (Skola card + footer)
upgrade,05-page-bottom,morgon,mobile,screenshots/flows/upgrade__05-page-bottom__morgon__mobile.png,/uppgradera,Uppgradera,sv,morgon,morgon,tf_locale=sv,1172,2016,Bottom of the expanded page (Skola card + footer)
upgrade,05-page-bottom,natt,desktop,screenshots/flows/upgrade__05-page-bottom__natt__desktop.png,/uppgradera,Uppgradera,sv,natt,natt,tf_locale=sv,675,1575,Bottom of the expanded page (Skola card + footer)
upgrade,05-page-bottom,natt,mobile,screenshots/flows/upgrade__05-page-bottom__natt__mobile.png,/uppgradera,Uppgradera,sv,natt,natt,tf_locale=sv,1172,2016,Bottom of the expanded page (Skola card + footer)
upgrade,06-cta-logged-out,morgon,desktop,screenshots/flows/upgrade__06-cta-logged-out__morgon__desktop.png,/login?returnTo=%2Fuppgradera,Tale Forge,sv,morgon,morgon,tf_locale=sv,0,900,"""Prova gratis i 14 dagar"" while logged out -> /login?returnTo=... (no checkout)"
upgrade,06-cta-logged-out,morgon,mobile,screenshots/flows/upgrade__06-cta-logged-out__morgon__mobile.png,/login?returnTo=%2Fuppgradera,Tale Forge,sv,morgon,morgon,tf_locale=sv,0,960,"""Prova gratis i 14 dagar"" while logged out -> /login?returnTo=... (no checkout)"
upgrade,06-cta-logged-out,natt,desktop,screenshots/flows/upgrade__06-cta-logged-out__natt__desktop.png,/login?returnTo=%2Fuppgradera,Tale Forge,sv,natt,natt,tf_locale=sv,0,900,"""Prova gratis i 14 dagar"" while logged out -> /login?returnTo=... (no checkout)"
upgrade,06-cta-logged-out,natt,mobile,screenshots/flows/upgrade__06-cta-logged-out__natt__mobile.png,/login?returnTo=%2Fuppgradera,Tale Forge,sv,natt,natt,tf_locale=sv,0,960,"""Prova gratis i 14 dagar"" while logged out -> /login?returnTo=... (no checkout)"
auth,01-login-rest,morgon,desktop,screenshots/flows/auth__01-login-rest__morgon__desktop.png,/login,Tale Forge,sv,morgon,morgon,tf_locale=sv,0,900,/login at rest
auth,01-login-rest,morgon,mobile,screenshots/flows/auth__01-login-rest__morgon__mobile.png,/login,Tale Forge,sv,morgon,morgon,tf_locale=sv,0,960,/login at rest
auth,01-login-rest,natt,desktop,screenshots/flows/auth__01-login-rest__natt__desktop.png,/login,Tale Forge,sv,natt,natt,tf_locale=sv,0,900,/login at rest
auth,01-login-rest,natt,mobile,screenshots/flows/auth__01-login-rest__natt__mobile.png,/login,Tale Forge,sv,natt,natt,tf_locale=sv,0,960,/login at rest
auth,02-login-typed,morgon,desktop,screenshots/flows/auth__02-login-typed__morgon__desktop.png,/login,Tale Forge,sv,morgon,morgon,tf_locale=sv,0,900,Dummy values typed (never submitted); password masked
auth,02-login-typed,morgon,mobile,screenshots/flows/auth__02-login-typed__morgon__mobile.png,/login,Tale Forge,sv,morgon,morgon,tf_locale=sv,0,960,Dummy values typed (never submitted); password masked
auth,02-login-typed,natt,desktop,screenshots/flows/auth__02-login-typed__natt__desktop.png,/login,Tale Forge,sv,natt,natt,tf_locale=sv,0,900,Dummy values typed (never submitted); password masked
auth,02-login-typed,natt,mobile,screenshots/flows/auth__02-login-typed__natt__mobile.png,/login,Tale Forge,sv,natt,natt,tf_locale=sv,0,960,Dummy values typed (never submitted); password masked
auth,03-login-password-shown,morgon,desktop,screenshots/flows/auth__03-login-password-shown__morgon__desktop.png,/login,Tale Forge,sv,morgon,morgon,tf_locale=sv,0,900,Eye button pressed: password revealed
auth,03-login-password-shown,morgon,mobile,screenshots/flows/auth__03-login-password-shown__morgon__mobile.png,/login,Tale Forge,sv,morgon,morgon,tf_locale=sv,0,960,Eye button pressed: password revealed
auth,03-login-password-shown,natt,desktop,screenshots/flows/auth__03-login-password-shown__natt__desktop.png,/login,Tale Forge,sv,natt,natt,tf_locale=sv,0,900,Eye button pressed: password revealed
auth,03-login-password-shown,natt,mobile,screenshots/flows/auth__03-login-password-shown__natt__mobile.png,/login,Tale Forge,sv,natt,natt,tf_locale=sv,0,960,Eye button pressed: password revealed
auth,04-login-empty-submit,morgon,desktop,screenshots/flows/auth__04-login-empty-submit__morgon__desktop.png,/login,Tale Forge,sv,morgon,morgon,tf_locale=sv,0,900,"Empty submit: browser-native validation only (validationMessage: ""Please fill out this field.""); the bubble itself is browser chrome and is not in the screenshot"
auth,04-login-empty-submit,morgon,mobile,screenshots/flows/auth__04-login-empty-submit__morgon__mobile.png,/login,Tale Forge,sv,morgon,morgon,tf_locale=sv,0,960,"Empty submit: browser-native validation only (validationMessage: ""Please fill out this field.""); the bubble itself is browser chrome and is not in the screenshot"
auth,04-login-empty-submit,natt,desktop,screenshots/flows/auth__04-login-empty-submit__natt__desktop.png,/login,Tale Forge,sv,natt,natt,tf_locale=sv,0,900,"Empty submit: browser-native validation only (validationMessage: ""Please fill out this field.""); the bubble itself is browser chrome and is not in the screenshot"
auth,04-login-empty-submit,natt,mobile,screenshots/flows/auth__04-login-empty-submit__natt__mobile.png,/login,Tale Forge,sv,natt,natt,tf_locale=sv,0,960,"Empty submit: browser-native validation only (validationMessage: ""Please fill out this field.""); the bubble itself is browser chrome and is not in the screenshot"
auth,05-login-forgot,morgon,desktop,screenshots/flows/auth__05-login-forgot__morgon__desktop.png,/login,Tale Forge,sv,morgon,morgon,tf_locale=sv,0,900,"""Glömt lösenordet?"" switches the card to recovery mode (client-side)"
auth,05-login-forgot,morgon,mobile,screenshots/flows/auth__05-login-forgot__morgon__mobile.png,/login,Tale Forge,sv,morgon,morgon,tf_locale=sv,0,844,"""Glömt lösenordet?"" switches the card to recovery mode (client-side)"
auth,05-login-forgot,natt,desktop,screenshots/flows/auth__05-login-forgot__natt__desktop.png,/login,Tale Forge,sv,natt,natt,tf_locale=sv,0,900,"""Glömt lösenordet?"" switches the card to recovery mode (client-side)"
auth,05-login-forgot,natt,mobile,screenshots/flows/auth__05-login-forgot__natt__mobile.png,/login,Tale Forge,sv,natt,natt,tf_locale=sv,0,844,"""Glömt lösenordet?"" switches the card to recovery mode (client-side)"
auth,06-signup-via-footlink,morgon,desktop,screenshots/flows/auth__06-signup-via-footlink__morgon__desktop.png,/signup,Tale Forge,sv,morgon,morgon,tf_locale=sv,0,1016,"""Skapa ett"" -> /signup (client-side nav)"
auth,06-signup-via-footlink,morgon,mobile,screenshots/flows/auth__06-signup-via-footlink__morgon__mobile.png,/signup,Tale Forge,sv,morgon,morgon,tf_locale=sv,0,1163,"""Skapa ett"" -> /signup (client-side nav)"
auth,06-signup-via-footlink,natt,desktop,screenshots/flows/auth__06-signup-via-footlink__natt__desktop.png,/signup,Tale Forge,sv,natt,natt,tf_locale=sv,0,1016,"""Skapa ett"" -> /signup (client-side nav)"
auth,06-signup-via-footlink,natt,mobile,screenshots/flows/auth__06-signup-via-footlink__natt__mobile.png,/signup,Tale Forge,sv,natt,natt,tf_locale=sv,0,1163,"""Skapa ett"" -> /signup (client-side nav)"
auth,07-signup-attested,morgon,desktop,screenshots/flows/auth__07-signup-attested__morgon__desktop.png,/signup,Tale Forge,sv,morgon,morgon,tf_locale=sv,0,1016,Guardian attestation ticked (submit looks the same either way)
auth,07-signup-attested,morgon,mobile,screenshots/flows/auth__07-signup-attested__morgon__mobile.png,/signup,Tale Forge,sv,morgon,morgon,tf_locale=sv,0,1163,Guardian attestation ticked (submit looks the same either way)
auth,07-signup-attested,natt,desktop,screenshots/flows/auth__07-signup-attested__natt__desktop.png,/signup,Tale Forge,sv,natt,natt,tf_locale=sv,0,1016,Guardian attestation ticked (submit looks the same either way)
auth,07-signup-attested,natt,mobile,screenshots/flows/auth__07-signup-attested__natt__mobile.png,/signup,Tale Forge,sv,natt,natt,tf_locale=sv,0,1163,Guardian attestation ticked (submit looks the same either way)
auth,08-login-via-footlink,morgon,desktop,screenshots/flows/auth__08-login-via-footlink__morgon__desktop.png,/login,Tale Forge,sv,morgon,morgon,tf_locale=sv,0,900,"""Logga in"" -> back to /login"
auth,08-login-via-footlink,morgon,mobile,screenshots/flows/auth__08-login-via-footlink__morgon__mobile.png,/login,Tale Forge,sv,morgon,morgon,tf_locale=sv,116,960,"""Logga in"" -> back to /login"
auth,08-login-via-footlink,natt,desktop,screenshots/flows/auth__08-login-via-footlink__natt__desktop.png,/login,Tale Forge,sv,natt,natt,tf_locale=sv,0,900,"""Logga in"" -> back to /login"
auth,08-login-via-footlink,natt,mobile,screenshots/flows/auth__08-login-via-footlink__natt__mobile.png,/login,Tale Forge,sv,natt,natt,tf_locale=sv,116,960,"""Logga in"" -> back to /login"
gated,01-konto,morgon,desktop,screenshots/flows/gated__01-konto__morgon__desktop.png,/login?returnTo=%2Fkonto,Tale Forge,sv,morgon,morgon,tf_locale=sv,0,900,/konto -> 307 -> /login?returnTo=%2Fkonto (final HTTP 200)
gated,01-konto,morgon,mobile,screenshots/flows/gated__01-konto__morgon__mobile.png,/login?returnTo=%2Fkonto,Tale Forge,sv,morgon,morgon,tf_locale=sv,0,960,/konto -> 307 -> /login?returnTo=%2Fkonto (final HTTP 200)
gated,01-konto,natt,desktop,screenshots/flows/gated__01-konto__natt__desktop.png,/login?returnTo=%2Fkonto,Tale Forge,sv,natt,natt,tf_locale=sv,0,900,/konto -> 307 -> /login?returnTo=%2Fkonto (final HTTP 200)
gated,01-konto,natt,mobile,screenshots/flows/gated__01-konto__natt__mobile.png,/login?returnTo=%2Fkonto,Tale Forge,sv,natt,natt,tf_locale=sv,0,960,/konto -> 307 -> /login?returnTo=%2Fkonto (final HTTP 200)
gated,02-create,morgon,desktop,screenshots/flows/gated__02-create__morgon__desktop.png,/login?returnTo=%2Fcreate,Tale Forge,sv,morgon,morgon,tf_locale=sv,0,900,/create -> 307 -> /login?returnTo=%2Fcreate (final HTTP 200)
gated,02-create,morgon,mobile,screenshots/flows/gated__02-create__morgon__mobile.png,/login?returnTo=%2Fcreate,Tale Forge,sv,morgon,morgon,tf_locale=sv,0,960,/create -> 307 -> /login?returnTo=%2Fcreate (final HTTP 200)
gated,02-create,natt,desktop,screenshots/flows/gated__02-create__natt__desktop.png,/login?returnTo=%2Fcreate,Tale Forge,sv,natt,natt,tf_locale=sv,0,900,/create -> 307 -> /login?returnTo=%2Fcreate (final HTTP 200)
gated,02-create,natt,mobile,screenshots/flows/gated__02-create__natt__mobile.png,/login?returnTo=%2Fcreate,Tale Forge,sv,natt,natt,tf_locale=sv,0,960,/create -> 307 -> /login?returnTo=%2Fcreate (final HTTP 200)
gated,03-valkommen,morgon,desktop,screenshots/flows/gated__03-valkommen__morgon__desktop.png,/login?returnTo=%2Fvalkommen,Tale Forge,sv,morgon,morgon,tf_locale=sv,0,900,/valkommen -> 307 -> /login?returnTo=%2Fvalkommen (final HTTP 200)
gated,03-valkommen,morgon,mobile,screenshots/flows/gated__03-valkommen__morgon__mobile.png,/login?returnTo=%2Fvalkommen,Tale Forge,sv,morgon,morgon,tf_locale=sv,0,960,/valkommen -> 307 -> /login?returnTo=%2Fvalkommen (final HTTP 200)
gated,03-valkommen,natt,desktop,screenshots/flows/gated__03-valkommen__natt__desktop.png,/login?returnTo=%2Fvalkommen,Tale Forge,sv,natt,natt,tf_locale=sv,0,900,/valkommen -> 307 -> /login?returnTo=%2Fvalkommen (final HTTP 200)
gated,03-valkommen,natt,mobile,screenshots/flows/gated__03-valkommen__natt__mobile.png,/login?returnTo=%2Fvalkommen,Tale Forge,sv,natt,natt,tf_locale=sv,0,960,/valkommen -> 307 -> /login?returnTo=%2Fvalkommen (final HTTP 200)
gated,04-reader-id,morgon,desktop,screenshots/flows/gated__04-reader-id__morgon__desktop.png,/login?returnTo=%2Freader%2Fexempel,Tale Forge,sv,morgon,morgon,tf_locale=sv,0,900,/reader/{id} -> 307 -> /login?returnTo=%2Freader%2Fexempel (final HTTP 200)
gated,04-reader-id,morgon,mobile,screenshots/flows/gated__04-reader-id__morgon__mobile.png,/login?returnTo=%2Freader%2Fexempel,Tale Forge,sv,morgon,morgon,tf_locale=sv,0,960,/reader/{id} -> 307 -> /login?returnTo=%2Freader%2Fexempel (final HTTP 200)
gated,04-reader-id,natt,desktop,screenshots/flows/gated__04-reader-id__natt__desktop.png,/login?returnTo=%2Freader%2Fexempel,Tale Forge,sv,natt,natt,tf_locale=sv,0,900,/reader/{id} -> 307 -> /login?returnTo=%2Freader%2Fexempel (final HTTP 200)
gated,04-reader-id,natt,mobile,screenshots/flows/gated__04-reader-id__natt__mobile.png,/login?returnTo=%2Freader%2Fexempel,Tale Forge,sv,natt,natt,tf_locale=sv,0,960,/reader/{id} -> 307 -> /login?returnTo=%2Freader%2Fexempel (final HTTP 200)
gated,05-reader-bare,morgon,desktop,screenshots/flows/gated__05-reader-bare__morgon__desktop.png,/reader,Tale Forge,sv,morgon,morgon,tf_locale=sv,0,900,/reader (no id) -> 404 card (final HTTP 404)
gated,05-reader-bare,morgon,mobile,screenshots/flows/gated__05-reader-bare__morgon__mobile.png,/reader,Tale Forge,sv,morgon,morgon,tf_locale=sv,0,844,/reader (no id) -> 404 card (final HTTP 404)
gated,05-reader-bare,natt,desktop,screenshots/flows/gated__05-reader-bare__natt__desktop.png,/reader,Tale Forge,sv,natt,natt,tf_locale=sv,0,900,/reader (no id) -> 404 card (final HTTP 404)
gated,05-reader-bare,natt,mobile,screenshots/flows/gated__05-reader-bare__natt__mobile.png,/reader,Tale Forge,sv,natt,natt,tf_locale=sv,0,844,/reader (no id) -> 404 card (final HTTP 404)
gated,06-share-sample,morgon,desktop,screenshots/flows/gated__06-share-sample__morgon__desktop.png,/share/iris-sparade-platsen,Iris och den sparade platsen | Tale Forge,sv,morgon,morgon,tf_locale=sv,0,900,"Advertised sample book -> 404 card, but the tab title is the book title (final HTTP 404)"
gated,06-share-sample,morgon,mobile,screenshots/flows/gated__06-share-sample__morgon__mobile.png,/share/iris-sparade-platsen,Iris och den sparade platsen | Tale Forge,sv,morgon,morgon,tf_locale=sv,0,844,"Advertised sample book -> 404 card, but the tab title is the book title (final HTTP 404)"
gated,06-share-sample,natt,desktop,screenshots/flows/gated__06-share-sample__natt__desktop.png,/share/iris-sparade-platsen,Iris och den sparade platsen | Tale Forge,sv,natt,natt,tf_locale=sv,0,900,"Advertised sample book -> 404 card, but the tab title is the book title (final HTTP 404)"
gated,06-share-sample,natt,mobile,screenshots/flows/gated__06-share-sample__natt__mobile.png,/share/iris-sparade-platsen,Iris och den sparade platsen | Tale Forge,sv,natt,natt,tf_locale=sv,0,844,"Advertised sample book -> 404 card, but the tab title is the book title (final HTTP 404)"
gated,07-unknown,morgon,desktop,screenshots/flows/gated__07-unknown__morgon__desktop.png,/this-page-does-not-exist,Tale Forge,sv,morgon,morgon,tf_locale=sv,0,900,Any unknown path -> 404 card (final HTTP 404)
gated,07-unknown,morgon,mobile,screenshots/flows/gated__07-unknown__morgon__mobile.png,/this-page-does-not-exist,Tale Forge,sv,morgon,morgon,tf_locale=sv,0,844,Any unknown path -> 404 card (final HTTP 404)
gated,07-unknown,natt,desktop,screenshots/flows/gated__07-unknown__natt__desktop.png,/this-page-does-not-exist,Tale Forge,sv,natt,natt,tf_locale=sv,0,900,Any unknown path -> 404 card (final HTTP 404)
gated,07-unknown,natt,mobile,screenshots/flows/gated__07-unknown__natt__mobile.png,/this-page-does-not-exist,Tale Forge,sv,natt,natt,tf_locale=sv,0,844,Any unknown path -> 404 card (final HTTP 404)
gated,08-priser-alias,morgon,desktop,screenshots/flows/gated__08-priser-alias__morgon__desktop.png,/uppgradera,Uppgradera,sv,morgon,morgon,tf_locale=sv,0,1312,/priser -> 307 -> /uppgradera (final HTTP 200)
gated,08-priser-alias,morgon,mobile,screenshots/flows/gated__08-priser-alias__morgon__mobile.png,/uppgradera,Uppgradera,sv,morgon,morgon,tf_locale=sv,0,1690,/priser -> 307 -> /uppgradera (final HTTP 200)
gated,08-priser-alias,natt,desktop,screenshots/flows/gated__08-priser-alias__natt__desktop.png,/uppgradera,Uppgradera,sv,natt,natt,tf_locale=sv,0,1312,/priser -> 307 -> /uppgradera (final HTTP 200)
gated,08-priser-alias,natt,mobile,screenshots/flows/gated__08-priser-alias__natt__mobile.png,/uppgradera,Uppgradera,sv,natt,natt,tf_locale=sv,0,1690,/priser -> 307 -> /uppgradera (final HTTP 200)
gated,09-returnTo-carried,morgon,desktop,screenshots/flows/gated__09-returnTo-carried__morgon__desktop.png,/signup?returnTo=%2Fkonto,Tale Forge,sv,morgon,morgon,tf_locale=sv,0,1016,Foot link on /login?returnTo=%2Fkonto points to /signup?returnTo=%2Fkonto
gated,09-returnTo-carried,morgon,mobile,screenshots/flows/gated__09-returnTo-carried__morgon__mobile.png,/signup?returnTo=%2Fkonto,Tale Forge,sv,morgon,morgon,tf_locale=sv,0,1163,Foot link on /login?returnTo=%2Fkonto points to /signup?returnTo=%2Fkonto
gated,09-returnTo-carried,natt,desktop,screenshots/flows/gated__09-returnTo-carried__natt__desktop.png,/signup?returnTo=%2Fkonto,Tale Forge,sv,natt,natt,tf_locale=sv,0,1016,Foot link on /login?returnTo=%2Fkonto points to /signup?returnTo=%2Fkonto
gated,09-returnTo-carried,natt,mobile,screenshots/flows/gated__09-returnTo-carried__natt__mobile.png,/signup?returnTo=%2Fkonto,Tale Forge,sv,natt,natt,tf_locale=sv,0,1163,Foot link on /login?returnTo=%2Fkonto points to /signup?returnTo=%2Fkonto
not-found,01-404,morgon,desktop,screenshots/flows/not-found__01-404__morgon__desktop.png,/this-page-does-not-exist,Tale Forge,sv,morgon,morgon,tf_locale=sv,0,900,Unknown path: centred 440 px glass card
not-found,01-404,morgon,mobile,screenshots/flows/not-found__01-404__morgon__mobile.png,/this-page-does-not-exist,Tale Forge,sv,morgon,morgon,tf_locale=sv,0,844,Unknown path: centred 440 px glass card
not-found,01-404,natt,desktop,screenshots/flows/not-found__01-404__natt__desktop.png,/this-page-does-not-exist,Tale Forge,sv,natt,natt,tf_locale=sv,0,900,Unknown path: centred 440 px glass card
not-found,01-404,natt,mobile,screenshots/flows/not-found__01-404__natt__mobile.png,/this-page-does-not-exist,Tale Forge,sv,natt,natt,tf_locale=sv,0,844,Unknown path: centred 440 px glass card
not-found,02-cta-hover,morgon,desktop,screenshots/flows/not-found__02-cta-hover__morgon__desktop.png,/this-page-does-not-exist,Tale Forge,sv,morgon,morgon,tf_locale=sv,0,900,"Hover on ""Till startsidan"""
not-found,02-cta-hover,natt,desktop,screenshots/flows/not-found__02-cta-hover__natt__desktop.png,/this-page-does-not-exist,Tale Forge,sv,natt,natt,tf_locale=sv,0,900,"Hover on ""Till startsidan"""
not-found,03-back-home,morgon,desktop,screenshots/flows/not-found__03-back-home__morgon__desktop.png,/,Tale Forge,sv,morgon,morgon,tf_locale=sv,0,4994,"""Till startsidan"" -> /"
not-found,03-back-home,morgon,mobile,screenshots/flows/not-found__03-back-home__morgon__mobile.png,/,Tale Forge,sv,morgon,morgon,tf_locale=sv,0,7848,"""Till startsidan"" -> /"
not-found,03-back-home,natt,desktop,screenshots/flows/not-found__03-back-home__natt__desktop.png,/,Tale Forge,sv,natt,natt,tf_locale=sv,0,4994,"""Till startsidan"" -> /"
not-found,03-back-home,natt,mobile,screenshots/flows/not-found__03-back-home__natt__mobile.png,/,Tale Forge,sv,natt,natt,tf_locale=sv,0,7848,"""Till startsidan"" -> /"
legal,01-integritet-from-signup,morgon,desktop,screenshots/flows/legal__01-integritet-from-signup__morgon__desktop.png,/integritet,Integritetspolicy,sv,morgon,morgon,tf_locale=sv,0,2985,"""Läs integritetspolicyn"" on /signup opens /integritet in the same tab"
legal,01-integritet-from-signup,morgon,mobile,screenshots/flows/legal__01-integritet-from-signup__morgon__mobile.png,/integritet,Integritetspolicy,sv,morgon,morgon,tf_locale=sv,0,6275,"""Läs integritetspolicyn"" on /signup opens /integritet in the same tab"
legal,01-integritet-from-signup,natt,desktop,screenshots/flows/legal__01-integritet-from-signup__natt__desktop.png,/integritet,Integritetspolicy,sv,natt,natt,tf_locale=sv,0,2985,"""Läs integritetspolicyn"" on /signup opens /integritet in the same tab"
legal,01-integritet-from-signup,natt,mobile,screenshots/flows/legal__01-integritet-from-signup__natt__mobile.png,/integritet,Integritetspolicy,sv,natt,natt,tf_locale=sv,0,6275,"""Läs integritetspolicyn"" on /signup opens /integritet in the same tab"
legal,02-integritet-english-open,morgon,desktop,screenshots/flows/legal__02-integritet-english-open__morgon__desktop.png,/integritet,Integritetspolicy,sv,morgon,morgon,tf_locale=sv,2025,5431,"""Read in English"" <details> opened"
legal,02-integritet-english-open,morgon,mobile,screenshots/flows/legal__02-integritet-english-open__morgon__mobile.png,/integritet,Integritetspolicy,sv,morgon,morgon,tf_locale=sv,5371,11918,"""Read in English"" <details> opened"
legal,02-integritet-english-open,natt,desktop,screenshots/flows/legal__02-integritet-english-open__natt__desktop.png,/integritet,Integritetspolicy,sv,natt,natt,tf_locale=sv,2025,5431,"""Read in English"" <details> opened"
legal,02-integritet-english-open,natt,mobile,screenshots/flows/legal__02-integritet-english-open__natt__mobile.png,/integritet,Integritetspolicy,sv,natt,natt,tf_locale=sv,5371,11918,"""Read in English"" <details> opened"
legal,03-villkor-via-footer,morgon,desktop,screenshots/flows/legal__03-villkor-via-footer__morgon__desktop.png,/villkor,Användarvillkor,sv,morgon,morgon,tf_locale=sv,0,2469,"Footer ""Villkor"" -> /villkor"
legal,03-villkor-via-footer,morgon,mobile,screenshots/flows/legal__03-villkor-via-footer__morgon__mobile.png,/villkor,Användarvillkor,sv,morgon,morgon,tf_locale=sv,0,4496,"Footer ""Villkor"" -> /villkor"
legal,03-villkor-via-footer,natt,desktop,screenshots/flows/legal__03-villkor-via-footer__natt__desktop.png,/villkor,Användarvillkor,sv,natt,natt,tf_locale=sv,0,2469,"Footer ""Villkor"" -> /villkor"
legal,03-villkor-via-footer,natt,mobile,screenshots/flows/legal__03-villkor-via-footer__natt__mobile.png,/villkor,Användarvillkor,sv,natt,natt,tf_locale=sv,0,4496,"Footer ""Villkor"" -> /villkor"
legal,04-villkor-english-open,morgon,desktop,screenshots/flows/legal__04-villkor-english-open__morgon__desktop.png,/villkor,Användarvillkor,sv,morgon,morgon,tf_locale=sv,1509,4399,"""Read in English"" opened on /villkor"
legal,04-villkor-english-open,morgon,mobile,screenshots/flows/legal__04-villkor-english-open__morgon__mobile.png,/villkor,Användarvillkor,sv,morgon,morgon,tf_locale=sv,3592,8424,"""Read in English"" opened on /villkor"
legal,04-villkor-english-open,natt,desktop,screenshots/flows/legal__04-villkor-english-open__natt__desktop.png,/villkor,Användarvillkor,sv,natt,natt,tf_locale=sv,1509,4399,"""Read in English"" opened on /villkor"
legal,04-villkor-english-open,natt,mobile,screenshots/flows/legal__04-villkor-english-open__natt__mobile.png,/villkor,Användarvillkor,sv,natt,natt,tf_locale=sv,3592,8424,"""Read in English"" opened on /villkor"
lang-switch,01-home-sv,morgon,desktop,screenshots/flows/lang-switch__01-home-sv__morgon__desktop.png,/,Tale Forge,sv,morgon,morgon,tf_locale=sv,0,4994,Home in Swedish (cookie tf_locale=sv)
lang-switch,01-home-sv,morgon,mobile,screenshots/flows/lang-switch__01-home-sv__morgon__mobile.png,/,Tale Forge,sv,morgon,morgon,tf_locale=sv,0,7848,Home in Swedish (cookie tf_locale=sv)
lang-switch,01-home-sv,natt,desktop,screenshots/flows/lang-switch__01-home-sv__natt__desktop.png,/,Tale Forge,sv,natt,natt,tf_locale=sv,0,4994,Home in Swedish (cookie tf_locale=sv)
lang-switch,01-home-sv,natt,mobile,screenshots/flows/lang-switch__01-home-sv__natt__mobile.png,/,Tale Forge,sv,natt,natt,tf_locale=sv,0,7848,Home in Swedish (cookie tf_locale=sv)
lang-switch,02-home-en,morgon,desktop,screenshots/flows/lang-switch__02-home-en__morgon__desktop.png,/,Tale Forge,en,morgon,morgon,tf_locale=en,0,4994,"EN pressed: same URL, page re-rendered in English (router.refresh)"
lang-switch,02-home-en,morgon,mobile,screenshots/flows/lang-switch__02-home-en__morgon__mobile.png,/,Tale Forge,en,morgon,morgon,tf_locale=en,0,8018,"EN pressed: same URL, page re-rendered in English (router.refresh)"
lang-switch,02-home-en,natt,desktop,screenshots/flows/lang-switch__02-home-en__natt__desktop.png,/,Tale Forge,en,natt,natt,tf_locale=en,0,4994,"EN pressed: same URL, page re-rendered in English (router.refresh)"
lang-switch,02-home-en,natt,mobile,screenshots/flows/lang-switch__02-home-en__natt__mobile.png,/,Tale Forge,en,natt,natt,tf_locale=en,0,8018,"EN pressed: same URL, page re-rendered in English (router.refresh)"
lang-switch,03-uppgradera-en,morgon,desktop,screenshots/flows/lang-switch__03-uppgradera-en__morgon__desktop.png,/uppgradera,Upgrade,en,morgon,morgon,tf_locale=en,0,1312,"Nav ""Pricing"" -> /uppgradera, still English (Swedish slug kept)"
lang-switch,03-uppgradera-en,morgon,mobile,screenshots/flows/lang-switch__03-uppgradera-en__morgon__mobile.png,/uppgradera,Upgrade,en,morgon,morgon,tf_locale=en,0,1736,"Nav ""Pricing"" -> /uppgradera, still English (Swedish slug kept)"
lang-switch,03-uppgradera-en,natt,desktop,screenshots/flows/lang-switch__03-uppgradera-en__natt__desktop.png,/uppgradera,Upgrade,en,natt,natt,tf_locale=en,0,1312,"Nav ""Pricing"" -> /uppgradera, still English (Swedish slug kept)"
lang-switch,03-uppgradera-en,natt,mobile,screenshots/flows/lang-switch__03-uppgradera-en__natt__mobile.png,/uppgradera,Upgrade,en,natt,natt,tf_locale=en,0,1736,"Nav ""Pricing"" -> /uppgradera, still English (Swedish slug kept)"
lang-switch,04-uppgradera-sv,morgon,desktop,screenshots/flows/lang-switch__04-uppgradera-sv__morgon__desktop.png,/uppgradera,Uppgradera,sv,morgon,morgon,tf_locale=sv,0,1312,"SV pressed on /uppgradera: back to Swedish, same URL"
lang-switch,04-uppgradera-sv,morgon,mobile,screenshots/flows/lang-switch__04-uppgradera-sv__morgon__mobile.png,/uppgradera,Uppgradera,sv,morgon,morgon,tf_locale=sv,0,1690,"SV pressed on /uppgradera: back to Swedish, same URL"
lang-switch,04-uppgradera-sv,natt,desktop,screenshots/flows/lang-switch__04-uppgradera-sv__natt__desktop.png,/uppgradera,Uppgradera,sv,natt,natt,tf_locale=sv,0,1312,"SV pressed on /uppgradera: back to Swedish, same URL"
lang-switch,04-uppgradera-sv,natt,mobile,screenshots/flows/lang-switch__04-uppgradera-sv__natt__mobile.png,/uppgradera,Uppgradera,sv,natt,natt,tf_locale=sv,0,1690,"SV pressed on /uppgradera: back to Swedish, same URL"
theme-persist,01-home-start,morgon,desktop,screenshots/flows/theme-persist__01-home-start__morgon__desktop.png,/,Tale Forge,sv,morgon,morgon,tf_locale=sv,0,4994,Home in the starting theme (morgon)
theme-persist,01-home-start,morgon,mobile,screenshots/flows/theme-persist__01-home-start__morgon__mobile.png,/,Tale Forge,sv,morgon,morgon,tf_locale=sv,0,7848,Home in the starting theme (morgon)
theme-persist,01-home-start,natt,desktop,screenshots/flows/theme-persist__01-home-start__natt__desktop.png,/,Tale Forge,sv,natt,natt,tf_locale=sv,0,4994,Home in the starting theme (natt)
theme-persist,01-home-start,natt,mobile,screenshots/flows/theme-persist__01-home-start__natt__mobile.png,/,Tale Forge,sv,natt,natt,tf_locale=sv,0,7848,Home in the starting theme (natt)
theme-persist,02-home-toggled,morgon,desktop,screenshots/flows/theme-persist__02-home-toggled__morgon__desktop.png,/,Tale Forge,sv,natt,natt,tf_locale=sv,0,4994,"Theme switch pressed: 0.5 s crossfade, then the other theme"
theme-persist,02-home-toggled,morgon,mobile,screenshots/flows/theme-persist__02-home-toggled__morgon__mobile.png,/,Tale Forge,sv,natt,natt,tf_locale=sv,0,7848,"Theme switch pressed: 0.5 s crossfade, then the other theme"
theme-persist,02-home-toggled,natt,desktop,screenshots/flows/theme-persist__02-home-toggled__natt__desktop.png,/,Tale Forge,sv,morgon,morgon,tf_locale=sv,0,4994,"Theme switch pressed: 0.5 s crossfade, then the other theme"
theme-persist,02-home-toggled,natt,mobile,screenshots/flows/theme-persist__02-home-toggled__natt__mobile.png,/,Tale Forge,sv,morgon,morgon,tf_locale=sv,0,7848,"Theme switch pressed: 0.5 s crossfade, then the other theme"
theme-persist,03-login-after-nav,morgon,desktop,screenshots/flows/theme-persist__03-login-after-nav__morgon__desktop.png,/login,Tale Forge,sv,natt,natt,tf_locale=sv,0,900,Client-side nav to /login: theme kept
theme-persist,03-login-after-nav,morgon,mobile,screenshots/flows/theme-persist__03-login-after-nav__morgon__mobile.png,/login,Tale Forge,sv,natt,natt,tf_locale=sv,0,960,Client-side nav to /login: theme kept
theme-persist,03-login-after-nav,natt,desktop,screenshots/flows/theme-persist__03-login-after-nav__natt__desktop.png,/login,Tale Forge,sv,morgon,morgon,tf_locale=sv,0,900,Client-side nav to /login: theme kept
theme-persist,03-login-after-nav,natt,mobile,screenshots/flows/theme-persist__03-login-after-nav__natt__mobile.png,/login,Tale Forge,sv,morgon,morgon,tf_locale=sv,0,960,Client-side nav to /login: theme kept
theme-persist,04-login-after-reload,morgon,desktop,screenshots/flows/theme-persist__04-login-after-reload__morgon__desktop.png,/login,Tale Forge,sv,natt,natt,tf_locale=sv,0,900,Reload: the inline script at the top of <body> re-applies localStorage tf-theme before paint
theme-persist,04-login-after-reload,morgon,mobile,screenshots/flows/theme-persist__04-login-after-reload__morgon__mobile.png,/login,Tale Forge,sv,natt,natt,tf_locale=sv,0,960,Reload: the inline script at the top of <body> re-applies localStorage tf-theme before paint
theme-persist,04-login-after-reload,natt,desktop,screenshots/flows/theme-persist__04-login-after-reload__natt__desktop.png,/login,Tale Forge,sv,morgon,morgon,tf_locale=sv,0,900,Reload: the inline script at the top of <body> re-applies localStorage tf-theme before paint
theme-persist,04-login-after-reload,natt,mobile,screenshots/flows/theme-persist__04-login-after-reload__natt__mobile.png,/login,Tale Forge,sv,morgon,morgon,tf_locale=sv,0,960,Reload: the inline script at the top of <body> re-applies localStorage tf-theme before paint
theme-persist,05-new-tab-villkor,morgon,desktop,screenshots/flows/theme-persist__05-new-tab-villkor__morgon__desktop.png,/villkor,Användarvillkor,sv,natt,natt,tf_locale=sv,0,2469,"New tab, same browser profile: theme kept"
theme-persist,05-new-tab-villkor,morgon,mobile,screenshots/flows/theme-persist__05-new-tab-villkor__morgon__mobile.png,/villkor,Användarvillkor,sv,natt,natt,tf_locale=sv,0,4496,"New tab, same browser profile: theme kept"
theme-persist,05-new-tab-villkor,natt,desktop,screenshots/flows/theme-persist__05-new-tab-villkor__natt__desktop.png,/villkor,Användarvillkor,sv,morgon,morgon,tf_locale=sv,0,2469,"New tab, same browser profile: theme kept"
theme-persist,05-new-tab-villkor,natt,mobile,screenshots/flows/theme-persist__05-new-tab-villkor__natt__mobile.png,/villkor,Användarvillkor,sv,morgon,morgon,tf_locale=sv,0,4496,"New tab, same browser profile: theme kept"
