route,purpose,title_sv,title_en,description_sv,description_en,canonical,h1_sv,h1_en,outline_sv,primary_cta_sv,secondary_ctas_sv,template,content_width_desktop,route_css,doc_height_desktop_1440,doc_height_mobile_390,fold_screenshot_natt_desktop,copy_deck
/,Landing: sell the remembered world and push to /start,Tale Forge,Tale Forge,"Riktiga bilderböcker, skapade för ditt barn.","Real picture books, made for your child.",https://tale-forge.app,En värld som minns henne.,A world that remembers her.,"header.hero (kicker «Exempel: Alvas värld · 2 böcker», h1, lede, CTA row + microcopy, cover fan + badge) > section.hiw#sa-funkar-det h2 «Äventyr värda att prata om.» with 6 h3 steps (Bygg er hjälte; Ta med en vän; Välj kvällens äventyr; Läs och välj; Fyra olika slut; Världen minns) + closing CTA pair > section h2 «Din hjälte» (builder + friends) > section h2 «Bokhyllan» (2 books) > foot",Skapa er hjälte → /start (hero + chapter close),"Se hur det funkar → #sa-funkar-det; Läs exempelboken → /share/iris-sparade-platsen (404) x2; covers/shelf/upload/Lägg till en vän → /signup; Ändra utseende (fab) → /login; Hör berättarrösten (audio, in place); 4 ending-map buttons (in place)",hero grid 1.05fr/0.95fr + long scroll of .reveal sections,1064 (shell 1120 − 2×28),3q17cp_jgfwol only,4994,7848,screenshots/pages/home/home__sv__natt__desktop__fold.png,copy/pages/home.sv.md
/start,Onboarding s0..s8 in one URL; s0 is a second landing hero,Tale Forge,Tale Forge,"Riktiga bilderböcker, skapade för ditt barn.","Real picture books, made for your child.",https://tale-forge.app/start,Ikväll är hjälten ert barn.,Tonight the hero is your child.,"s0: div.hero (kicker «Riktiga bilderböcker, upplästa på svenska», h1, lede, CTAs, cover fan + badge «Exempelbok · Iris och den sparade platsen · på svenska») [+ gallery]; s1 stepcard h2 «Vem blir hjälten?»; s2 stepcard h2 «Gör {namn} till hjälten.»","Skapa er hjälte → s1 (button, same URL)","Läs en exempelbok först → toggles gallery (aria-expanded); gallery book → /share/iris-sparade-platsen (404); s1/s2 Vidare; s2 Hoppa över, måla en hjälte åt oss; Tillbaka (icon)",same hero as home on s0; then 560 px stepcard with progress strip,1064 (s0); 560 stepcard,3q17cp_jgfwol + 2h1wwdz1nvxwk (.cs- companion) + 37m388zf6rymp (.glod- hearth) + 2_gt301v4m-60 (.start-flow),900,1220,screenshots/pages/start/start__sv__natt__desktop__fold.png,copy/pages/start.sv.md
/uppgradera,"Pricing: one Familj plan with monthly/yearly toggle, Skola behind a toggle",Uppgradera,Upgrade,"Riktiga bilderböcker, skapade för ditt barn.","Real picture books, made for your child.",https://tale-forge.app/uppgradera,Uppgradera,Upgrade,"div.glass (h1 + lede) > section.glass h2#included-heading «Det här ingår» (5-item proof list + sample-book cover) > Månadsvis/Årsvis toggle > div.glass h2 «Familj» (price, perks, trial line, CTA) > «För skolor» toggle → div.glass h2 «Skola»",Prova gratis i 14 dagar → /login?returnTo=%2Fuppgradera when logged out (Stripe checkout when logged in),"Exempelbok cover → /share/iris-sparade-platsen (404); Månadsvis/Årsvis (aria-pressed); För skolor (aria-expanded, replaced by the Skola card); Uppgradera till Skola","quiet page: section grid place-items:center, column min(560px,100%) of stacked glass cards",560,3q17cp_jgfwol + inline <style> (derived/layout/uppgradera-inline-style.pretty.css),1312,1690,screenshots/pages/uppgradera/uppgradera__sv__natt__desktop__fold.png,copy/pages/uppgradera.sv.md
/login,Sign in (Google or e-mail),Tale Forge,Tale Forge,"Riktiga bilderböcker, skapade för ditt barn.","Real picture books, made for your child.",https://tale-forge.app/login,Logga in,Log in,"div.glass: h1, lede «Välkommen tillbaka.», Google button, «eller» divider, form (E-post, Lösenord + eye, Glömt lösenordet?, submit), foot line «Har du inget konto? Skapa ett»",Logga in (submit),Fortsätt med Google; Glömt lösenordet? (recovery mode in place); Skapa ett → /signup[?returnTo],"quiet page: one glass card min(440px,100%), padding 34",440,3q17cp_jgfwol only,900,960,screenshots/pages/login/login__sv__natt__desktop__fold.png,copy/pages/login.sv.md
/signup,Create the family account,Tale Forge,Tale Forge,"Riktiga bilderböcker, skapade för ditt barn.","Real picture books, made for your child.",https://tale-forge.app/signup,Skapa konto,Create account,"div.glass: h1, lede, Google button, divider, form (E-post, Lösenord, attestation checkbox + «Läs integritetspolicyn», submit), foot line «Har du redan ett konto? Logga in»",Skapa konto (submit),Fortsätt med Google; Läs integritetspolicyn → /integritet; Logga in → /login[?returnTo],"quiet page: one glass card min(440px,100%)",440,3q17cp_jgfwol only,1016,1163,screenshots/pages/signup/signup__sv__natt__desktop__fold.png,copy/pages/signup.sv.md
/integritet,"Privacy notice, sv and en on one page",Integritetspolicy,Privacy notice,Hur Tale Forge tar hand om uppgifterna om ert barn.,How Tale Forge looks after your child's information.,https://tale-forge.app/integritet,Integritetspolicy,Privacy notice,"article.glass: h1, bilingual lede, h3 I korthet / Vad vi samlar in / Fotot / Vem behandlar uppgifterna / AI-innehåll / Era rättigheter / Lagring och gallring; details.legal-language-details «Read in English» with the same 7 h3",(none),ert konto → /konto (gated); mailto; Read in English (details),"quiet page: one glass article min(760px,100%)",760,3q17cp_jgfwol only,2985,6275,screenshots/pages/integritet/integritet__sv__natt__desktop__fold.png,copy/pages/integritet.sv.md
/villkor,"Terms of service, sv and en on one page",Användarvillkor,Terms of service,Enkla villkor för att använda Tale Forge.,Plain terms for using Tale Forge.,https://tale-forge.app/villkor,Användarvillkor,Terms of service,"article.glass: h1, bilingual lede, 10 h3 (I korthet; Konto och samtycke; Planer, provperiod och uppsägning; Ångerrätt; För skolor; Så får tjänsten användas; Era böcker och vår motor; AI-innehåll; Vårt ansvar; Ändringar och lag); details «Read in English»",(none),integritetspolicy → /integritet; ert konto → /konto; mailto; Read in English,"quiet page: one glass article min(760px,100%)",760,3q17cp_jgfwol only,2469,4496,screenshots/pages/villkor/villkor__sv__natt__desktop__fold.png,copy/pages/villkor.sv.md
404 (any unknown path),Not found,Tale Forge,Tale Forge,"Riktiga bilderböcker, skapade för ditt barn.","Real picture books, made for your child.",echoes the requested URL,(none: h2 «Sidan finns inte»),(none: h2 «Page not found»),"div.glass centred: h2, p.prose-plain «Den här sidan har vandrat iväg i sagovärlden.», CTA",Till startsidan → /,—,"quiet page: one glass card min(440px,100%), text-align center",440,3q17cp_jgfwol only,900,844,screenshots/pages/404/404__sv__natt__desktop__fold.png,copy/pages/404.sv.md
/share/iris-sparade-platsen,Advertised public sample book; answers 404,Tale Forge (server) → «Iris och den sparade platsen | Tale Forge» (client),(same),"Riktiga bilderböcker, skapade för ditt barn.","Real picture books, made for your child.",https://tale-forge.app/share/iris-sparade-platsen,(404 card),(404 card),"server: <html id=""__next_error__""> with empty body and robots noindex; client: the site 404 card",Till startsidan → /,—,404 card,440,3q17cp_jgfwol (+ 37m388zf6rymp listed for the share route),900,844,screenshots/flows/gated__06-share-sample__natt__desktop.png,copy/pages/share_iris-sparade-platsen.404.md
