token,natt_value,natt_resolved,natt_alpha,natt_Lab_L_C_h,morgon_value,morgon_resolved,morgon_alpha,morgon_Lab_L_C_h,value_type,what_changes,natt_source,morgon_source,css_consumer_count,role
--page-ink,#fff7e9,,1.0,97.5/7.7/87,#241f35,,1.0,13.3/16.0/302,color,lightness inverted (L* 97.5 -> 13.3); hue family neutral -> violet,source/css/3q17cp_jgfwol.pretty.css:494,source/css/3q17cp_jgfwol.pretty.css:543,11,"Primary text straight on the page backdrop: h1, h2, step h3, section headlines; also body `color`."
--page-sub,#d9cfee,,1.0,84.8/16.8/303,#5f5878,,1.0,39.2/19.9/301,color,lightness inverted (L* 84.8 -> 39.2),source/css/3q17cp_jgfwol.pretty.css:495,source/css/3q17cp_jgfwol.pretty.css:544,14,"Secondary text on the backdrop: hero lede, section intros/ledes, step copy, captions, CTA microcopy, map labels."
--accent,var(--gold-soft),#f5c542,1.0,81.7/68.6/86,#6d4fe0,,1.0,44.6/85.1/305,color,lightness inverted (L* 81.7 -> 44.6); hue family gold/cream -> violet,source/css/3q17cp_jgfwol.pretty.css:496,source/css/3q17cp_jgfwol.pretty.css:545,15,"Interactive accent: focus outlines, drop caps, links, active language pill, upload/friend hover borders, field focus border. Gold in natt, violet in morgon."
--accent-ink,var(--gold-soft),#f5c542,1.0,81.7/68.6/86,#5b3fc7,,1.0,37.7/81.7/305,color,lightness inverted (L* 81.7 -> 37.7); hue family gold/cream -> violet,source/css/3q17cp_jgfwol.pretty.css:497,source/css/3q17cp_jgfwol.pretty.css:546,3,Accent used AS TEXT: the highlighted words in h1 (`h1 .grad`). Same as --accent in natt; a darker violet (#5b3fc7) in morgon for legibility.
--card,#0f1628ad,,0.68,7.5/13.7/284,#fffc,,0.8,100.0/0.0/297,color,lightness inverted (L* 7.5 -> 100.0); hue family violet -> neutral; alpha 0.68 -> 0.80,source/css/3q17cp_jgfwol.pretty.css:498,source/css/3q17cp_jgfwol.pretty.css:547,10,"Glass card fill (translucent, with backdrop blur): .glass, .badge, .book, memory tag, create-customize, cs-chip, figcaptions."
--card-line,#9b87f542,,0.26,62.4/61.9/302,#ffffffe6,,0.9,100.0/0.0/297,color,lighter (L* 62.4 -> 100.0); hue family violet -> neutral; alpha 0.26 -> 0.90,source/css/3q17cp_jgfwol.pretty.css:499,source/css/3q17cp_jgfwol.pretty.css:548,20,"Hairline on glass cards; also footer rule, legal divider, create-customize section dividers, inline separators."
--card-blur,22px,,,,24px,,,,length,different value,source/css/3q17cp_jgfwol.pretty.css:500,source/css/3q17cp_jgfwol.pretty.css:549,8,"Backdrop-filter blur radius for glass (not a colour, but it decides how the backdrop colours mix into the card)."
--card-ink,#f2eeff,,1.0,94.8/8.9/300,#241f35,,1.0,13.3/16.0/302,color,lightness inverted (L* 94.8 -> 13.3); hue family neutral -> violet,source/css/3q17cp_jgfwol.pretty.css:501,source/css/3q17cp_jgfwol.pretty.css:550,23,Primary text on cards.
--card-sub,#b5acd3,,1.0,72.2/21.6/301,#5f5878,,1.0,39.2/19.9/301,color,darker (L* 72.2 -> 39.2),source/css/3q17cp_jgfwol.pretty.css:502,source/css/3q17cp_jgfwol.pretty.css:551,35,"Secondary text on cards; also nav links, inactive language button, footer links/meta, form labels, placeholders."
--frame,#101a30,,1.0,9.5/16.5/283,#fff,,1.0,100.0/0.0/297,color,lightness inverted (L* 9.5 -> 100.0); hue family violet -> neutral,source/css/3q17cp_jgfwol.pretty.css:503,source/css/3q17cp_jgfwol.pretty.css:552,11,"Thick passe-partout border around book covers, portraits and avatars (3-6px); hiw-frame fill. Deep navy in natt, white in morgon."
--frame-line,#9b87f566,,0.4,62.4/61.9/302,#ffffffe6,,0.9,100.0/0.0/297,color,lighter (L* 62.4 -> 100.0); hue family violet -> neutral; alpha 0.40 -> 0.90,source/css/3q17cp_jgfwol.pretty.css:504,source/css/3q17cp_jgfwol.pretty.css:553,1,Thin outer line of the portrait frame (.hiw-frame).
--chip-bg,#fff9ec1a,,0.1,98.1/6.9/92,#6d4fe014,,0.08,44.6/85.1/305,color,lightness inverted (L* 98.1 -> 44.6); hue family neutral -> violet,source/css/3q17cp_jgfwol.pretty.css:505,source/css/3q17cp_jgfwol.pretty.css:554,8,"Neutral chip fill: kicker, sec-chip, voice chip, upload camera tile, family-switcher chip, field fallback fill."
--chip-line,#fff3d942,,0.26,96.2/14.0/91,#6d4fe029,,0.16,44.6/85.1/305,color,lightness inverted (L* 96.2 -> 44.6); hue family gold/cream -> violet; alpha 0.26 -> 0.16,source/css/3q17cp_jgfwol.pretty.css:506,source/css/3q17cp_jgfwol.pretty.css:555,6,Neutral chip border.
--chip-ink,#e8dfc9,,1.0,89.0/11.9/93,var(--accent-ink),#5b3fc7,1.0,37.7/81.7/305,color,lightness inverted (L* 89.0 -> 37.7); hue family neutral -> violet,source/css/3q17cp_jgfwol.pretty.css:507,source/css/3q17cp_jgfwol.pretty.css:556,8,"Neutral chip text; also dashed ""add"" buttons and invite slot."
--pill-bg,#9b87f529,,0.16,62.4/61.9/302,#6d4fe01a,,0.1,44.6/85.1/305,color,darker (L* 62.4 -> 44.6); alpha 0.16 -> 0.10,source/css/3q17cp_jgfwol.pretty.css:508,source/css/3q17cp_jgfwol.pretty.css:557,15,"Violet category pill fill: book-sub, hiw-kicker, chip.violet, pressed sound bed, pressed friend-mode option; gradient partner in avatars."
--pill-ink,#c9bcff,,1.0,79.4/36.2/300,var(--accent-ink),#5b3fc7,1.0,37.7/81.7/305,color,lightness inverted (L* 79.4 -> 37.7),source/css/3q17cp_jgfwol.pretty.css:509,source/css/3q17cp_jgfwol.pretty.css:558,8,Violet pill text.
--micro-ink,"color-mix(in srgb, var(--page-sub) 85%, transparent)","color-mix(in srgb, #d9cfee 85%, transparent)",,,var(--page-sub),#5f5878,1.0,39.2/19.9/301,color (color-mix) / color,different value,source/css/3q17cp_jgfwol.pretty.css:510,source/css/3q17cp_jgfwol.pretty.css:559,1,Micro line under step copy (.hiw-micro). natt: --page-sub at 85% via color-mix.
--h1-shadow,0 2px 30px #0c082859,,,,none,,,,shadow,different value,source/css/3q17cp_jgfwol.pretty.css:511,source/css/3q17cp_jgfwol.pretty.css:560,2,Soft dark glow under h1/cs-h1 for legibility over the nebula (none in morgon).
--gold-chip-bg,#f2b22e29,,0.16,76.6/71.7/80,#f2b22e26,,0.15,76.6/71.7/80,color,"tuned (same family, same polarity)",source/css/3q17cp_jgfwol.pretty.css:512,source/css/3q17cp_jgfwol.pretty.css:561,13,"Gold chip fill: chip.gold, step-number nodes, paint pill, map choice markers, success/status notes, avatar gradients."
--gold-chip-ink,#ffd98f,,1.0,88.4/41.5/85,#8f6a12,,1.0,47.2/50.3/82,color,lightness inverted (L* 88.4 -> 47.2),source/css/3q17cp_jgfwol.pretty.css:513,source/css/3q17cp_jgfwol.pretty.css:562,19,Gold chip text; star specks on story tiles; map numbers; initials in portrait placeholders.
--coral-chip-bg,#ff615424,,0.14,62.0/71.1/33,#ff61541f,,0.12,62.0/71.1/33,color,"tuned (same family, same polarity)",source/css/3q17cp_jgfwol.pretty.css:514,source/css/3q17cp_jgfwol.pretty.css:563,3,"Coral chip fill; error alert background (auth, upgrade)."
--coral-chip-ink,#ffab9f,,1.0,77.8/34.9/33,#c23a2b,,1.0,45.2/66.5/37,color,darker (L* 77.8 -> 45.2),source/css/3q17cp_jgfwol.pretty.css:515,source/css/3q17cp_jgfwol.pretty.css:564,4,"Coral chip text; error text (field-error, alerts)."
--trait-line,#9b87f559,,0.35,62.4/61.9/302,#6d4fe047,,0.28,44.6/85.1/305,color,darker (L* 62.4 -> 44.6); alpha 0.35 -> 0.28,source/css/3q17cp_jgfwol.pretty.css:516,source/css/3q17cp_jgfwol.pretty.css:565,3,Outline of unselected trait / pick toggles.
--trait-ink,#cfc5ec,,1.0,81.4/21.1/301,#5f5878,,1.0,39.2/19.9/301,color,lightness inverted (L* 81.4 -> 39.2),source/css/3q17cp_jgfwol.pretty.css:517,source/css/3q17cp_jgfwol.pretty.css:566,3,Text of unselected trait / pick toggles.
--trait-on-bg,#9b87f533,,0.2,62.4/61.9/302,#6d4fe01f,,0.12,44.6/85.1/305,color,darker (L* 62.4 -> 44.6); alpha 0.20 -> 0.12,source/css/3q17cp_jgfwol.pretty.css:518,source/css/3q17cp_jgfwol.pretty.css:567,4,Fill of selected trait / pick toggles.
--trait-on-line,#9b87f599,,0.6,62.4/61.9/302,#6d4fe06b,,0.42,44.6/85.1/305,color,darker (L* 62.4 -> 44.6); alpha 0.60 -> 0.42,source/css/3q17cp_jgfwol.pretty.css:519,source/css/3q17cp_jgfwol.pretty.css:568,10,"Outline of selected toggles; hover outline for toggles, cs-chip, sheet close; active progress dot."
--trait-on-ink,#e9e2ff,,1.0,91.2/15.3/300,#4a36a8,,1.0,31.6/70.8/304,color,lightness inverted (L* 91.2 -> 31.6),source/css/3q17cp_jgfwol.pretty.css:520,source/css/3q17cp_jgfwol.pretty.css:569,4,Text of selected toggles.
--dash-line,#ffecbe59,,0.35,93.9/24.7/91,#6d4fe059,,0.35,44.6/85.1/305,color,lightness inverted (L* 93.9 -> 44.6); hue family gold/cream -> violet,source/css/3q17cp_jgfwol.pretty.css:521,source/css/3q17cp_jgfwol.pretty.css:570,7,"Dashed lines: upload drop zone, add-friend, how-it-works rail, invite slot, map path."
--choice-bg,#ffffff0f,,0.06,100.0/0.0/297,#fff,,1.0,100.0/0.0/297,color,alpha 0.06 -> 1.00,source/css/3q17cp_jgfwol.pretty.css:522,source/css/3q17cp_jgfwol.pretty.css:571,7,Story-choice buttons and reader prompt; auth inputs; sound beds; sheet close; feedback textarea.
--choice-line,#9b87f552,,0.32,62.4/61.9/302,#6d4fe038,,0.22,44.6/85.1/305,color,darker (L* 62.4 -> 44.6); alpha 0.32 -> 0.22,source/css/3q17cp_jgfwol.pretty.css:523,source/css/3q17cp_jgfwol.pretty.css:572,7,Border of choice buttons / inputs.
--choice-ink,#f2eeff,,1.0,94.8/8.9/300,#241f35,,1.0,13.3/16.0/302,color,lightness inverted (L* 94.8 -> 13.3); hue family neutral -> violet,source/css/3q17cp_jgfwol.pretty.css:524,source/css/3q17cp_jgfwol.pretty.css:573,6,Text in choice buttons / inputs.
--bar-bg,#ffffff24,,0.14,100.0/0.0/297,#241f3514,,0.08,13.3/16.0/302,color,lightness inverted (L* 100.0 -> 13.3); hue family neutral -> violet; alpha 0.14 -> 0.08,source/css/3q17cp_jgfwol.pretty.css:525,source/css/3q17cp_jgfwol.pretty.css:574,1,Progress-bar track (.hiw-bar).
--prose-ink,#eae4f5,,1.0,91.5/9.1/304,#3a3450,,1.0,23.5/18.9/301,color,lightness inverted (L* 91.5 -> 23.5); hue family neutral -> violet,source/css/3q17cp_jgfwol.pretty.css:526,source/css/3q17cp_jgfwol.pretty.css:575,3,Story prose in the reader (Source Serif 4).
--foot-ink,#b7a9d6,,1.0,71.8/25.1/304,#5f5878,,1.0,39.2/19.9/301,color,darker (L* 71.8 -> 39.2),source/css/3q17cp_jgfwol.pretty.css:527,source/css/3q17cp_jgfwol.pretty.css:576,2,Footer text.
--btn-grad,"linear-gradient(135deg, #ffe08a, #f5c542)",,,,"linear-gradient(135deg, #6d4fe0, #5b3fc7)",,,,gradient,different value,source/css/3q17cp_jgfwol.pretty.css:528,source/css/3q17cp_jgfwol.pretty.css:577,4,Primary button fill (135deg two-stop gradient); theme-toggle thumb; avatar FAB; play button; active job-step dots.
--btn-ink,#3a2b10,,1.0,18.6/20.1/81,#fff,,1.0,100.0/0.0/297,color,lightness inverted (L* 18.6 -> 100.0); hue family gold/cream -> neutral,source/css/3q17cp_jgfwol.pretty.css:529,source/css/3q17cp_jgfwol.pretty.css:578,4,Text on --btn-grad and on --accent (active language pill).
--btn-shadow,0 14px 40px #f5c54247,,,,0 14px 34px #6d4fe059,,,,shadow,different value,source/css/3q17cp_jgfwol.pretty.css:530,source/css/3q17cp_jgfwol.pretty.css:579,4,"Coloured glow under primary buttons (gold glow in natt, violet glow in morgon)."
--btn-shadow-hover,0 20px 55px #f5c5426b,,,,0 22px 48px #6d4fe073,,,,shadow,different value,source/css/3q17cp_jgfwol.pretty.css:531,source/css/3q17cp_jgfwol.pretty.css:580,2,Larger glow on hover.
--ghost-bg,#fff9ec1a,,0.1,98.1/6.9/92,#ffffffb8,,0.72,100.0/0.0/297,color,alpha 0.10 -> 0.72,source/css/3q17cp_jgfwol.pretty.css:532,source/css/3q17cp_jgfwol.pretty.css:581,6,"Ghost/secondary button fill, nav CTA, theme-toggle track, sound panel, friend-photo step, inline friend form."
--ghost-ink,#fff3d9,,1.0,96.2/14.0/91,#241f35,,1.0,13.3/16.0/302,color,lightness inverted (L* 96.2 -> 13.3); hue family gold/cream -> violet,source/css/3q17cp_jgfwol.pretty.css:533,source/css/3q17cp_jgfwol.pretty.css:582,3,Ghost button text; theme-toggle option text.
--control-line,#fff3d952,,0.32,96.2/14.0/91,#887da0,,1.0,54.5/20.7/304,color,darker (L* 96.2 -> 54.5); hue family gold/cream -> violet; alpha 0.32 -> 1.00,source/css/3q17cp_jgfwol.pretty.css:534,source/css/3q17cp_jgfwol.pretty.css:583,3,"Outline of controls (theme toggle, ghost buttons via --ghost-line)."
--ghost-line,var(--control-line),#fff3d952,0.32,96.2/14.0/91,var(--control-line),#887da0,1.0,54.5/20.7/304,color,darker (L* 96.2 -> 54.5); hue family gold/cream -> violet; alpha 0.32 -> 1.00,source/css/3q17cp_jgfwol.pretty.css:535,source/css/3q17cp_jgfwol.pretty.css:584,3,Ghost button outline (= --control-line).
--card-shadow,0 18px 44px #0508146b,,,,"0 4px 12px #241f351a, 0 22px 52px #241f3529",,,,shadow,different value,source/css/3q17cp_jgfwol.pretty.css:536,source/css/3q17cp_jgfwol.pretty.css:585,8,"Drop shadow of cards, books, covers (navy-black in natt; two-layer plum in morgon)."
--logo-ink,#f5c542,,1.0,81.7/68.6/86,#6d4fe0,,1.0,44.6/85.1/305,color,lightness inverted (L* 81.7 -> 44.6); hue family gold/cream -> violet,source/css/3q17cp_jgfwol.pretty.css:537,source/css/3q17cp_jgfwol.pretty.css:586,7,Wordmark colour (Cinzel caps); reader and ceremony titles; surprise door star; story-door register label.
--logo-shadow,"0 2px 6px #050814cc, 0 0 34px #f5c54273",,,,"0 1px 2px #241f352e, 0 0 24px #6d4fe052",,,,shadow,different value,source/css/3q17cp_jgfwol.pretty.css:538,source/css/3q17cp_jgfwol.pretty.css:587,3,Wordmark glow: dark drop + gold halo (natt) / soft plum drop + violet halo (morgon).
--map-dot,var(--violet-soft),#9b87f5,1.0,62.4/61.9/302,var(--violet),#6d4fe0,1.0,44.6/85.1/305,color,darker (L* 62.4 -> 44.6),source/css/3q17cp_jgfwol.pretty.css:539,source/css/3q17cp_jgfwol.pretty.css:588,2,Dots on the how-it-works story map.
--map-glow,#f5c54240,,0.25,81.7/68.6/86,#6d4fe033,,0.2,44.6/85.1/305,color,lightness inverted (L* 81.7 -> 44.6); hue family gold/cream -> violet; alpha 0.25 -> 0.20,source/css/3q17cp_jgfwol.pretty.css:540,source/css/3q17cp_jgfwol.pretty.css:589,2,"Glow behind map medallions and the ""next book"" cover."
body background (not a custom property),#171232,,1.0,7.6/24.1/302,#ede9f6,,1.0,93.0/6.9/302,color,lightness inverted,source/css/3q17cp_jgfwol.pretty.css:606,source/css/3q17cp_jgfwol.pretty.css:610,,"canvas colour under the fixed backdrop; visible where the plate does not reach (overscroll, full-page captures)"
--violet,#6d4fe0,,,,#6d4fe0,,,,root (theme-invariant),"identical (defined on :root, shared by both themes)",source/css/3q17cp_jgfwol.pretty.css:461,source/css/3q17cp_jgfwol.pretty.css:461,,primitive / setting on :root
--violet-soft,#9b87f5,,,,#9b87f5,,,,root (theme-invariant),"identical (defined on :root, shared by both themes)",source/css/3q17cp_jgfwol.pretty.css:462,source/css/3q17cp_jgfwol.pretty.css:462,,primitive / setting on :root
--gold,#f2b22e,,,,#f2b22e,,,,root (theme-invariant),"identical (defined on :root, shared by both themes)",source/css/3q17cp_jgfwol.pretty.css:463,source/css/3q17cp_jgfwol.pretty.css:463,,primitive / setting on :root
--gold-soft,#f5c542,,,,#f5c542,,,,root (theme-invariant),"identical (defined on :root, shared by both themes)",source/css/3q17cp_jgfwol.pretty.css:464,source/css/3q17cp_jgfwol.pretty.css:464,,primitive / setting on :root
--coral,#ff6154,,,,#ff6154,,,,root (theme-invariant),"identical (defined on :root, shared by both themes)",source/css/3q17cp_jgfwol.pretty.css:465,source/css/3q17cp_jgfwol.pretty.css:465,,primitive / setting on :root
--display,"var(--font-lora), Georgia, serif",,,,"var(--font-lora), Georgia, serif",,,,root (theme-invariant),"identical (defined on :root, shared by both themes)",source/css/3q17cp_jgfwol.pretty.css:466,source/css/3q17cp_jgfwol.pretty.css:466,,primitive / setting on :root
--ui,"var(--font-schibsted), ""Segoe UI"", system-ui, sans-serif",,,,"var(--font-schibsted), ""Segoe UI"", system-ui, sans-serif",,,,root (theme-invariant),"identical (defined on :root, shared by both themes)",source/css/3q17cp_jgfwol.pretty.css:467,source/css/3q17cp_jgfwol.pretty.css:467,,primitive / setting on :root
--serif,"var(--font-source-serif), Georgia, serif",,,,"var(--font-source-serif), Georgia, serif",,,,root (theme-invariant),"identical (defined on :root, shared by both themes)",source/css/3q17cp_jgfwol.pretty.css:468,source/css/3q17cp_jgfwol.pretty.css:468,,primitive / setting on :root
--wordmark,"var(--font-cinzel), ""Playfair Display"", Georgia, serif",,,,"var(--font-cinzel), ""Playfair Display"", Georgia, serif",,,,root (theme-invariant),"identical (defined on :root, shared by both themes)",source/css/3q17cp_jgfwol.pretty.css:469,source/css/3q17cp_jgfwol.pretty.css:469,,primitive / setting on :root
--theme-transition-duration,0.5s,,,,0.5s,,,,root (theme-invariant),"identical (defined on :root, shared by both themes)",source/css/3q17cp_jgfwol.pretty.css:470,source/css/3q17cp_jgfwol.pretty.css:470,,primitive / setting on :root
--theme-transition-easing,ease,,,,ease,,,,root (theme-invariant),"identical (defined on :root, shared by both themes)",source/css/3q17cp_jgfwol.pretty.css:471,source/css/3q17cp_jgfwol.pretty.css:471,,primitive / setting on :root
