chunk,char_offset,literal,nearest_key,chunk_role,context
source/js/1hcx0qn-qjgfn.js,7621,#4285F4,fill,"AuthForm: Google ""G"" logo (Google brand colours, not Tale Forge)","8"",height:""18"",""aria-hidden"":""true"",children:[(0,t.jsx)(""path"",{fill:""#4285F4"",d:""M22.56 12.25c0-.78-.07-1.53-.2-2.25"
source/js/1hcx0qn-qjgfn.js,7780,#34A853,fill,"AuthForm: Google ""G"" logo (Google brand colours, not Tale Forge)","1v2.77h3.57c2.08-1.92 3.28-4.74 3.28-8.09z""}),(0,t.jsx)(""path"",{fill:""#34A853"",d:""M12 23c2.97 0 5.46-.98 7.28-2.66l-3"
source/js/1hcx0qn-qjgfn.js,7953,#FBBC05,fill,"AuthForm: Google ""G"" logo (Google brand colours, not Tale Forge)","16-4.53H2.18v2.84C3.99 20.53 7.7 23 12 23z""}),(0,t.jsx)(""path"",{fill:""#FBBC05"",d:""M5.84 14.09c-.22-.66-.35-1.36-.35-2"
source/js/1hcx0qn-qjgfn.js,8118,#EA4335,fill,"AuthForm: Google ""G"" logo (Google brand colours, not Tale Forge)"," 1 12s.43 3.45 1.18 4.93l2.85-2.22.81-.62z""}),(0,t.jsx)(""path"",{fill:""#EA4335"",d:""M12 5.38c1.62 0 3.06.56 4.21 1.64l3"
source/js/1pgfdvt65g9p-.js,210,#070917,sky,createGlodScene: canvas painter for the glöd (hearth/ember) stage on /start and /share,"on t(e,t){return Math.max(0,2*(.42-Math.abs(t))*e)}let l={natt:{sky:[""#070917"",""#141134"",""#28204e""],showStars:!0,clou"
source/js/1pgfdvt65g9p-.js,220,#141134,sky,createGlodScene: canvas painter for the glöd (hearth/ember) stage on /start and /share,"return Math.max(0,2*(.42-Math.abs(t))*e)}let l={natt:{sky:[""#070917"",""#141134"",""#28204e""],showStars:!0,cloudTint:""#7e"
source/js/1pgfdvt65g9p-.js,230,#28204e,sky,createGlodScene: canvas painter for the glöd (hearth/ember) stage on /start and /share,"h.max(0,2*(.42-Math.abs(t))*e)}let l={natt:{sky:[""#070917"",""#141134"",""#28204e""],showStars:!0,cloudTint:""#7e70c4"",clou"
source/js/1pgfdvt65g9p-.js,264,#7e70c4,cloudTint,createGlodScene: canvas painter for the glöd (hearth/ember) stage on /start and /share," l={natt:{sky:[""#070917"",""#141134"",""#28204e""],showStars:!0,cloudTint:""#7e70c4"",cloudAlpha:1,moonFill:""#efe6cd"",moonHa"
source/js/1pgfdvt65g9p-.js,296,#efe6cd,moonFill,createGlodScene: canvas painter for the glöd (hearth/ember) stage on /start and /share,"4"",""#28204e""],showStars:!0,cloudTint:""#7e70c4"",cloudAlpha:1,moonFill:""#efe6cd"",moonHaloAlpha:.14,moonCraters:!0,veryF"
source/js/1pgfdvt65g9p-.js,347,#2c2354,veryFar,createGlodScene: canvas painter for the glöd (hearth/ember) stage on /start and /share,"dAlpha:1,moonFill:""#efe6cd"",moonHaloAlpha:.14,moonCraters:!0,veryFar:""#2c2354"",far:""#1d1540"",bandA:""#241b49"",bandB:""#"
source/js/1pgfdvt65g9p-.js,361,#1d1540,far,createGlodScene: canvas painter for the glöd (hearth/ember) stage on /start and /share,"ill:""#efe6cd"",moonHaloAlpha:.14,moonCraters:!0,veryFar:""#2c2354"",far:""#1d1540"",bandA:""#241b49"",bandB:""#1e1640"",nearTr"
source/js/1pgfdvt65g9p-.js,377,#241b49,bandA,createGlodScene: canvas painter for the glöd (hearth/ember) stage on /start and /share,"onHaloAlpha:.14,moonCraters:!0,veryFar:""#2c2354"",far:""#1d1540"",bandA:""#241b49"",bandB:""#1e1640"",nearTrees:""#0f0b20"",gr"
source/js/1pgfdvt65g9p-.js,393,#1e1640,bandB,createGlodScene: canvas painter for the glöd (hearth/ember) stage on /start and /share,"moonCraters:!0,veryFar:""#2c2354"",far:""#1d1540"",bandA:""#241b49"",bandB:""#1e1640"",nearTrees:""#0f0b20"",ground:""#191231"",f"
source/js/1pgfdvt65g9p-.js,413,#0f0b20,nearTrees,createGlodScene: canvas painter for the glöd (hearth/ember) stage on /start and /share,"ar:""#2c2354"",far:""#1d1540"",bandA:""#241b49"",bandB:""#1e1640"",nearTrees:""#0f0b20"",ground:""#191231"",front:""#0c081d"",grass"
source/js/1pgfdvt65g9p-.js,430,#191231,ground,createGlodScene: canvas painter for the glöd (hearth/ember) stage on /start and /share,"""#1d1540"",bandA:""#241b49"",bandB:""#1e1640"",nearTrees:""#0f0b20"",ground:""#191231"",front:""#0c081d"",grass:""#050310"",tuftFa"
source/js/1pgfdvt65g9p-.js,446,#0c081d,front,createGlodScene: canvas painter for the glöd (hearth/ember) stage on /start and /share,"""#241b49"",bandB:""#1e1640"",nearTrees:""#0f0b20"",ground:""#191231"",front:""#0c081d"",grass:""#050310"",tuftFar:""rgba(13,9,30,"
source/js/1pgfdvt65g9p-.js,462,#050310,grass,createGlodScene: canvas painter for the glöd (hearth/ember) stage on /start and /share,"""#1e1640"",nearTrees:""#0f0b20"",ground:""#191231"",front:""#0c081d"",grass:""#050310"",tuftFar:""rgba(13,9,30,0.85)"",tuftGroun"
source/js/1pgfdvt65g9p-.js,480,"rgba(13,9,30,0.85)",tuftFar,createGlodScene: canvas painter for the glöd (hearth/ember) stage on /start and /share,"s:""#0f0b20"",ground:""#191231"",front:""#0c081d"",grass:""#050310"",tuftFar:""rgba(13,9,30,0.85)"",tuftGround:""rgba(8,5,20,0.9)"",tuftFron"
source/js/1pgfdvt65g9p-.js,512,"rgba(8,5,20,0.9)",tuftGround,createGlodScene: canvas painter for the glöd (hearth/ember) stage on /start and /share,"nt:""#0c081d"",grass:""#050310"",tuftFar:""rgba(13,9,30,0.85)"",tuftGround:""rgba(8,5,20,0.9)"",tuftFront:""rgba(4,3,12,0.92)"",mist:""20"
source/js/1pgfdvt65g9p-.js,541,"rgba(4,3,12,0.92)",tuftFront,createGlodScene: canvas painter for the glöd (hearth/ember) stage on /start and /share,"tuftFar:""rgba(13,9,30,0.85)"",tuftGround:""rgba(8,5,20,0.9)"",tuftFront:""rgba(4,3,12,0.92)"",mist:""200,186,236"",cutEdgePale:""205,19"
source/js/1pgfdvt65g9p-.js,618,"rgba(5,3,14,0.5)",cutEdgeDark,createGlodScene: canvas painter for the glöd (hearth/ember) stage on /start and /share,"3,12,0.92)"",mist:""200,186,236"",cutEdgePale:""205,190,240"",cutEdgeDark:""rgba(5,3,14,0.5)"",emberCore:""#ffd98f"",emberScale:1,vigne"
source/js/1pgfdvt65g9p-.js,647,#ffd98f,emberCore,createGlodScene: canvas painter for the glöd (hearth/ember) stage on /start and /share,""",cutEdgePale:""205,190,240"",cutEdgeDark:""rgba(5,3,14,0.5)"",emberCore:""#ffd98f"",emberScale:1,vignette:""5,3,14"",vignett"
source/js/1pgfdvt65g9p-.js,718,#150e2c,bulrushStem,createGlodScene: canvas painter for the glöd (hearth/ember) stage on /start and /share,"ffd98f"",emberScale:1,vignette:""5,3,14"",vignetteAlpha:.42,bulrushStem:""#150e2c"",bulrushHead:""#1c1233""},morgon:{sky:[""#"
source/js/1pgfdvt65g9p-.js,740,#1c1233,bulrushHead,createGlodScene: canvas painter for the glöd (hearth/ember) stage on /start and /share,"ignette:""5,3,14"",vignetteAlpha:.42,bulrushStem:""#150e2c"",bulrushHead:""#1c1233""},morgon:{sky:[""#a9b4e4"",""#dcc9e8"",""#f7"
source/js/1pgfdvt65g9p-.js,764,#a9b4e4,sky,createGlodScene: canvas painter for the glöd (hearth/ember) stage on /start and /share,"eAlpha:.42,bulrushStem:""#150e2c"",bulrushHead:""#1c1233""},morgon:{sky:[""#a9b4e4"",""#dcc9e8"",""#f7ddba""],showStars:!1,clou"
source/js/1pgfdvt65g9p-.js,774,#dcc9e8,sky,createGlodScene: canvas painter for the glöd (hearth/ember) stage on /start and /share,",bulrushStem:""#150e2c"",bulrushHead:""#1c1233""},morgon:{sky:[""#a9b4e4"",""#dcc9e8"",""#f7ddba""],showStars:!1,cloudTint:""#ff"
source/js/1pgfdvt65g9p-.js,784,#f7ddba,sky,createGlodScene: canvas painter for the glöd (hearth/ember) stage on /start and /share,"em:""#150e2c"",bulrushHead:""#1c1233""},morgon:{sky:[""#a9b4e4"",""#dcc9e8"",""#f7ddba""],showStars:!1,cloudTint:""#fff7ee"",clou"
source/js/1pgfdvt65g9p-.js,818,#fff7ee,cloudTint,createGlodScene: canvas painter for the glöd (hearth/ember) stage on /start and /share,"},morgon:{sky:[""#a9b4e4"",""#dcc9e8"",""#f7ddba""],showStars:!1,cloudTint:""#fff7ee"",cloudAlpha:3.2,moonFill:""#fff3d2"",moon"
source/js/1pgfdvt65g9p-.js,852,#fff3d2,moonFill,createGlodScene: canvas painter for the glöd (hearth/ember) stage on /start and /share,",""#f7ddba""],showStars:!1,cloudTint:""#fff7ee"",cloudAlpha:3.2,moonFill:""#fff3d2"",moonHaloAlpha:.34,moonCraters:!1,veryF"
source/js/1pgfdvt65g9p-.js,903,#a292d2,veryFar,createGlodScene: canvas painter for the glöd (hearth/ember) stage on /start and /share,"lpha:3.2,moonFill:""#fff3d2"",moonHaloAlpha:.34,moonCraters:!1,veryFar:""#a292d2"",far:""#8674bc"",bandA:""#9080c4"",bandB:""#"
source/js/1pgfdvt65g9p-.js,917,#8674bc,far,createGlodScene: canvas painter for the glöd (hearth/ember) stage on /start and /share,"ill:""#fff3d2"",moonHaloAlpha:.34,moonCraters:!1,veryFar:""#a292d2"",far:""#8674bc"",bandA:""#9080c4"",bandB:""#7a68ac"",nearTr"
source/js/1pgfdvt65g9p-.js,933,#9080c4,bandA,createGlodScene: canvas painter for the glöd (hearth/ember) stage on /start and /share,"onHaloAlpha:.34,moonCraters:!1,veryFar:""#a292d2"",far:""#8674bc"",bandA:""#9080c4"",bandB:""#7a68ac"",nearTrees:""#4c3c7c"",gr"
source/js/1pgfdvt65g9p-.js,949,#7a68ac,bandB,createGlodScene: canvas painter for the glöd (hearth/ember) stage on /start and /share,"moonCraters:!1,veryFar:""#a292d2"",far:""#8674bc"",bandA:""#9080c4"",bandB:""#7a68ac"",nearTrees:""#4c3c7c"",ground:""#5c4b8e"",f"
source/js/1pgfdvt65g9p-.js,969,#4c3c7c,nearTrees,createGlodScene: canvas painter for the glöd (hearth/ember) stage on /start and /share,"ar:""#a292d2"",far:""#8674bc"",bandA:""#9080c4"",bandB:""#7a68ac"",nearTrees:""#4c3c7c"",ground:""#5c4b8e"",front:""#443570"",grass"
source/js/1pgfdvt65g9p-.js,986,#5c4b8e,ground,createGlodScene: canvas painter for the glöd (hearth/ember) stage on /start and /share,"""#8674bc"",bandA:""#9080c4"",bandB:""#7a68ac"",nearTrees:""#4c3c7c"",ground:""#5c4b8e"",front:""#443570"",grass:""#332659"",tuftFa"
source/js/1pgfdvt65g9p-.js,1002,#443570,front,createGlodScene: canvas painter for the glöd (hearth/ember) stage on /start and /share,"""#9080c4"",bandB:""#7a68ac"",nearTrees:""#4c3c7c"",ground:""#5c4b8e"",front:""#443570"",grass:""#332659"",tuftFar:""rgba(84,66,13"
source/js/1pgfdvt65g9p-.js,1018,#332659,grass,createGlodScene: canvas painter for the glöd (hearth/ember) stage on /start and /share,"""#7a68ac"",nearTrees:""#4c3c7c"",ground:""#5c4b8e"",front:""#443570"",grass:""#332659"",tuftFar:""rgba(84,66,132,0.85)"",tuftGro"
source/js/1pgfdvt65g9p-.js,1036,"rgba(84,66,132,0.85)",tuftFar,createGlodScene: canvas painter for the glöd (hearth/ember) stage on /start and /share,"s:""#4c3c7c"",ground:""#5c4b8e"",front:""#443570"",grass:""#332659"",tuftFar:""rgba(84,66,132,0.85)"",tuftGround:""rgba(64,49,105,0.9)"",tuftF"
source/js/1pgfdvt65g9p-.js,1070,"rgba(64,49,105,0.9)",tuftGround,createGlodScene: canvas painter for the glöd (hearth/ember) stage on /start and /share,":""#443570"",grass:""#332659"",tuftFar:""rgba(84,66,132,0.85)"",tuftGround:""rgba(64,49,105,0.9)"",tuftFront:""rgba(46,34,80,0.92)"",mist:"""
source/js/1pgfdvt65g9p-.js,1102,"rgba(46,34,80,0.92)",tuftFront,createGlodScene: canvas painter for the glöd (hearth/ember) stage on /start and /share,"ar:""rgba(84,66,132,0.85)"",tuftGround:""rgba(64,49,105,0.9)"",tuftFront:""rgba(46,34,80,0.92)"",mist:""255,250,240"",cutEdgePale:""255,25"
source/js/1pgfdvt65g9p-.js,1181,"rgba(44,32,82,0.38)",cutEdgeDark,createGlodScene: canvas painter for the glöd (hearth/ember) stage on /start and /share,"4,80,0.92)"",mist:""255,250,240"",cutEdgePale:""255,250,240"",cutEdgeDark:""rgba(44,32,82,0.38)"",emberCore:""#ffb35e"",emberScale:1.18,vi"
source/js/1pgfdvt65g9p-.js,1213,#ffb35e,emberCore,createGlodScene: canvas painter for the glöd (hearth/ember) stage on /start and /share,"utEdgePale:""255,250,240"",cutEdgeDark:""rgba(44,32,82,0.38)"",emberCore:""#ffb35e"",emberScale:1.18,vignette:""56,42,96"",vi"
source/js/1pgfdvt65g9p-.js,1289,#3b2d63,bulrushStem,createGlodScene: canvas painter for the glöd (hearth/ember) stage on /start and /share,"e"",emberScale:1.18,vignette:""56,42,96"",vignetteAlpha:.26,bulrushStem:""#3b2d63"",bulrushHead:""#453672""}},a={sky:[""#9db6"
source/js/1pgfdvt65g9p-.js,1311,#453672,bulrushHead,createGlodScene: canvas painter for the glöd (hearth/ember) stage on /start and /share,"nette:""56,42,96"",vignetteAlpha:.26,bulrushStem:""#3b2d63"",bulrushHead:""#453672""}},a={sky:[""#9db6e8"",""#f3cfc4"",""#ffe8b6"
source/js/1pgfdvt65g9p-.js,1331,#9db6e8,sky,createGlodScene: canvas painter for the glöd (hearth/ember) stage on /start and /share,"netteAlpha:.26,bulrushStem:""#3b2d63"",bulrushHead:""#453672""}},a={sky:[""#9db6e8"",""#f3cfc4"",""#ffe8b6""],showStars:!1,clou"
source/js/1pgfdvt65g9p-.js,1341,#f3cfc4,sky,createGlodScene: canvas painter for the glöd (hearth/ember) stage on /start and /share,":.26,bulrushStem:""#3b2d63"",bulrushHead:""#453672""}},a={sky:[""#9db6e8"",""#f3cfc4"",""#ffe8b6""],showStars:!1,cloudTint:""#ff"
source/js/1pgfdvt65g9p-.js,1351,#ffe8b6,sky,createGlodScene: canvas painter for the glöd (hearth/ember) stage on /start and /share,"shStem:""#3b2d63"",bulrushHead:""#453672""}},a={sky:[""#9db6e8"",""#f3cfc4"",""#ffe8b6""],showStars:!1,cloudTint:""#fffdf6"",clou"
source/js/1pgfdvt65g9p-.js,1385,#fffdf6,cloudTint,createGlodScene: canvas painter for the glöd (hearth/ember) stage on /start and /share,"672""}},a={sky:[""#9db6e8"",""#f3cfc4"",""#ffe8b6""],showStars:!1,cloudTint:""#fffdf6"",cloudAlpha:3.6,moonFill:""#fff0b4"",moon"
source/js/1pgfdvt65g9p-.js,1419,#fff0b4,moonFill,createGlodScene: canvas painter for the glöd (hearth/ember) stage on /start and /share,",""#ffe8b6""],showStars:!1,cloudTint:""#fffdf6"",cloudAlpha:3.6,moonFill:""#fff0b4"",moonHaloAlpha:.5,moonCraters:!1,veryFa"
source/js/1pgfdvt65g9p-.js,1469,#b4a0dd,veryFar,createGlodScene: canvas painter for the glöd (hearth/ember) stage on /start and /share,"Alpha:3.6,moonFill:""#fff0b4"",moonHaloAlpha:.5,moonCraters:!1,veryFar:""#b4a0dd"",far:""#9c88cc"",bandA:""#ab98d8"",bandB:""#"
source/js/1pgfdvt65g9p-.js,1483,#9c88cc,far,createGlodScene: canvas painter for the glöd (hearth/ember) stage on /start and /share,"Fill:""#fff0b4"",moonHaloAlpha:.5,moonCraters:!1,veryFar:""#b4a0dd"",far:""#9c88cc"",bandA:""#ab98d8"",bandB:""#9280c0"",nearTr"
source/js/1pgfdvt65g9p-.js,1499,#ab98d8,bandA,createGlodScene: canvas painter for the glöd (hearth/ember) stage on /start and /share,"oonHaloAlpha:.5,moonCraters:!1,veryFar:""#b4a0dd"",far:""#9c88cc"",bandA:""#ab98d8"",bandB:""#9280c0"",nearTrees:""#5d4a92"",gr"
source/js/1pgfdvt65g9p-.js,1515,#9280c0,bandB,createGlodScene: canvas painter for the glöd (hearth/ember) stage on /start and /share,"moonCraters:!1,veryFar:""#b4a0dd"",far:""#9c88cc"",bandA:""#ab98d8"",bandB:""#9280c0"",nearTrees:""#5d4a92"",ground:""#6d5aa4"",f"
source/js/1pgfdvt65g9p-.js,1535,#5d4a92,nearTrees,createGlodScene: canvas painter for the glöd (hearth/ember) stage on /start and /share,"ar:""#b4a0dd"",far:""#9c88cc"",bandA:""#ab98d8"",bandB:""#9280c0"",nearTrees:""#5d4a92"",ground:""#6d5aa4"",front:""#524186"",grass"
source/js/1pgfdvt65g9p-.js,1552,#6d5aa4,ground,createGlodScene: canvas painter for the glöd (hearth/ember) stage on /start and /share,"""#9c88cc"",bandA:""#ab98d8"",bandB:""#9280c0"",nearTrees:""#5d4a92"",ground:""#6d5aa4"",front:""#524186"",grass:""#40306e"",tuftFa"
source/js/1pgfdvt65g9p-.js,1568,#524186,front,createGlodScene: canvas painter for the glöd (hearth/ember) stage on /start and /share,"""#ab98d8"",bandB:""#9280c0"",nearTrees:""#5d4a92"",ground:""#6d5aa4"",front:""#524186"",grass:""#40306e"",tuftFar:""rgba(108,88,1"
source/js/1pgfdvt65g9p-.js,1584,#40306e,grass,createGlodScene: canvas painter for the glöd (hearth/ember) stage on /start and /share,"""#9280c0"",nearTrees:""#5d4a92"",ground:""#6d5aa4"",front:""#524186"",grass:""#40306e"",tuftFar:""rgba(108,88,160,0.85)"",tuftGr"
source/js/1pgfdvt65g9p-.js,1602,"rgba(108,88,160,0.85)",tuftFar,createGlodScene: canvas painter for the glöd (hearth/ember) stage on /start and /share,"s:""#5d4a92"",ground:""#6d5aa4"",front:""#524186"",grass:""#40306e"",tuftFar:""rgba(108,88,160,0.85)"",tuftGround:""rgba(86,68,132,0.9)"",tuftF"
source/js/1pgfdvt65g9p-.js,1637,"rgba(86,68,132,0.9)",tuftGround,createGlodScene: canvas painter for the glöd (hearth/ember) stage on /start and /share,"""#524186"",grass:""#40306e"",tuftFar:""rgba(108,88,160,0.85)"",tuftGround:""rgba(86,68,132,0.9)"",tuftFront:""rgba(64,48,104,0.92)"",mist:"
source/js/1pgfdvt65g9p-.js,1669,"rgba(64,48,104,0.92)",tuftFront,createGlodScene: canvas painter for the glöd (hearth/ember) stage on /start and /share,"r:""rgba(108,88,160,0.85)"",tuftGround:""rgba(86,68,132,0.9)"",tuftFront:""rgba(64,48,104,0.92)"",mist:""255,248,236"",cutEdgePale:""255,25"
source/js/1pgfdvt65g9p-.js,1749,"rgba(58,42,96,0.32)",cutEdgeDark,createGlodScene: canvas painter for the glöd (hearth/ember) stage on /start and /share,",104,0.92)"",mist:""255,248,236"",cutEdgePale:""255,250,240"",cutEdgeDark:""rgba(58,42,96,0.32)"",emberCore:""#ff9e4a"",emberScale:1.25,vi"
source/js/1pgfdvt65g9p-.js,1781,#ff9e4a,emberCore,createGlodScene: canvas painter for the glöd (hearth/ember) stage on /start and /share,"utEdgePale:""255,250,240"",cutEdgeDark:""rgba(58,42,96,0.32)"",emberCore:""#ff9e4a"",emberScale:1.25,vignette:""88,64,128"",v"
source/js/1pgfdvt65g9p-.js,1858,#4a3a78,bulrushStem,createGlodScene: canvas painter for the glöd (hearth/ember) stage on /start and /share,""",emberScale:1.25,vignette:""88,64,128"",vignetteAlpha:.18,bulrushStem:""#4a3a78"",bulrushHead:""#584684""};function o(e){r"
source/js/1pgfdvt65g9p-.js,1880,#584684,bulrushHead,createGlodScene: canvas painter for the glöd (hearth/ember) stage on /start and /share,"ette:""88,64,128"",vignetteAlpha:.18,bulrushStem:""#4a3a78"",bulrushHead:""#584684""};function o(e){return function(){e|=0;"
source/js/1pgfdvt65g9p-.js,2299,"rgba(0,0,0,0)",,createGlodScene: canvas painter for the glöd (hearth/ember) stage on /start and /share,",a.addColorStop(.35,e.replace(/[\d.]+\)$/,""0.35)"")),a.addColorStop(1,""rgba(0,0,0,0)""),l.fillStyle=a,l.fillRect(0,0,64,64),t"
source/js/1pgfdvt65g9p-.js,2506,"rgb(${l},${a},${o})",,createGlodScene: canvas painter for the glöd (hearth/ember) stage on /start and /share,"(e.slice(3,5),16)*t),o=Math.round(parseInt(e.slice(5,7),16)*t);return`rgb(${l},${a},${o})`}function n(e){return e<.5?2*e*e:1-Math"
source/js/1pgfdvt65g9p-.js,2996,"rgba(255,158,70,0.9)",,createGlodScene: canvas painter for the glöd (hearth/ember) stage on /start and /share,"Element(""canvas""),B=A.getContext(""2d"");if(!B)return null;let E=B,W=r(""rgba(255,158,70,0.9)""),$=r(""rgba(255,214,140,0.95)""),O=r(""rg"
source/js/1pgfdvt65g9p-.js,3024,"rgba(255,214,140,0.95)",,createGlodScene: canvas painter for the glöd (hearth/ember) stage on /start and /share,"text(""2d"");if(!B)return null;let E=B,W=r(""rgba(255,158,70,0.9)""),$=r(""rgba(255,214,140,0.95)""),O=r(""rgba(255,224,138,0.95)""),I=(()=>"
source/js/1pgfdvt65g9p-.js,3054,"rgba(255,224,138,0.95)",,createGlodScene: canvas painter for the glöd (hearth/ember) stage on /start and /share,"et E=B,W=r(""rgba(255,158,70,0.9)""),$=r(""rgba(255,214,140,0.95)""),O=r(""rgba(255,224,138,0.95)""),I=(()=>{let e=document.createElement("
source/js/1pgfdvt65g9p-.js,5763,"rgba(${C.cutEdgePale},0)",,createGlodScene: canvas painter for the glöd (hearth/ember) stage on /start and /share,"min(.95,t+2.6*l)),n=e.createLinearGradient(0,0,w,0);n.addColorStop(0,`rgba(${C.cutEdgePale},0)`),n.addColorStop(r,`rgba(${C.cutEdgePal"
source/js/1pgfdvt65g9p-.js,5808,"rgba(${C.cutEdgePale},0.1)",,createGlodScene: canvas painter for the glöd (hearth/ember) stage on /start and /share,"0,w,0);n.addColorStop(0,`rgba(${C.cutEdgePale},0)`),n.addColorStop(r,`rgba(${C.cutEdgePale},0.1)`),n.addColorStop(t-l,`rgba(${C.cutEdgeP"
source/js/1pgfdvt65g9p-.js,5857,"rgba(${C.cutEdgePale},0.012)",,createGlodScene: canvas painter for the glöd (hearth/ember) stage on /start and /share,"`),n.addColorStop(r,`rgba(${C.cutEdgePale},0.1)`),n.addColorStop(t-l,`rgba(${C.cutEdgePale},0.012)`),n.addColorStop(t+l,`rgba(${C.cutEdgeP"
source/js/1pgfdvt65g9p-.js,5908,"rgba(${C.cutEdgePale},0.012)",,createGlodScene: canvas painter for the glöd (hearth/ember) stage on /start and /share,".addColorStop(t-l,`rgba(${C.cutEdgePale},0.012)`),n.addColorStop(t+l,`rgba(${C.cutEdgePale},0.012)`),n.addColorStop(i,`rgba(${C.cutEdgePal"
source/js/1pgfdvt65g9p-.js,5957,"rgba(${C.cutEdgePale},0.1)",,createGlodScene: canvas painter for the glöd (hearth/ember) stage on /start and /share,",n.addColorStop(t+l,`rgba(${C.cutEdgePale},0.012)`),n.addColorStop(i,`rgba(${C.cutEdgePale},0.1)`),n.addColorStop(1,`rgba(${C.cutEdgePal"
source/js/1pgfdvt65g9p-.js,6004,"rgba(${C.cutEdgePale},0)",,createGlodScene: canvas painter for the glöd (hearth/ember) stage on /start and /share,"2)`),n.addColorStop(i,`rgba(${C.cutEdgePale},0.1)`),n.addColorStop(1,`rgba(${C.cutEdgePale},0)`),e.strokeStyle=n}else e.strokeStyle=`r"
source/js/1pgfdvt65g9p-.js,6067,"rgba(${C.cutEdgePale},0.10)",,createGlodScene: canvas painter for the glöd (hearth/ember) stage on /start and /share,"top(1,`rgba(${C.cutEdgePale},0)`),e.strokeStyle=n}else e.strokeStyle=`rgba(${C.cutEdgePale},0.10)`;e.lineWidth=1,e.stroke(r),e.restore()}"
source/js/1pgfdvt65g9p-.js,6228,"rgba(255,170,90,0)",,createGlodScene: canvas painter for the glöd (hearth/ember) stage on /start and /share,"let i=z(t),n=e.createLinearGradient(l-a,0,l+a,0);if(n.addColorStop(0,""rgba(255,170,90,0)""),r){let e=Math.min(.3,r/(2*a));n.addCo"
source/js/1pgfdvt65g9p-.js,6318,"rgba(255,170,90,${o})",,createGlodScene: canvas painter for the glöd (hearth/ember) stage on /start and /share,",r){let e=Math.min(.3,r/(2*a));n.addColorStop(Math.max(.06,.5-2.4*e),`rgba(255,170,90,${o})`),n.addColorStop(.5-e,`rgba(255,170,90,"
source/js/1pgfdvt65g9p-.js,6363,"rgba(255,170,90,${.12*o})",,createGlodScene: canvas painter for the glöd (hearth/ember) stage on /start and /share,"(Math.max(.06,.5-2.4*e),`rgba(255,170,90,${o})`),n.addColorStop(.5-e,`rgba(255,170,90,${.12*o})`),n.addColorStop(.5+e,`rgba(255,170,90,"
source/js/1pgfdvt65g9p-.js,6412,"rgba(255,170,90,${.12*o})",,createGlodScene: canvas painter for the glöd (hearth/ember) stage on /start and /share,"n.addColorStop(.5-e,`rgba(255,170,90,${.12*o})`),n.addColorStop(.5+e,`rgba(255,170,90,${.12*o})`),n.addColorStop(Math.min(.94,.5+2.4*e)"
source/js/1pgfdvt65g9p-.js,6479,"rgba(255,170,90,${o})",,createGlodScene: canvas painter for the glöd (hearth/ember) stage on /start and /share,"e,`rgba(255,170,90,${.12*o})`),n.addColorStop(Math.min(.94,.5+2.4*e),`rgba(255,170,90,${o})`)}else n.addColorStop(.5,`rgba(255,170,"
source/js/1pgfdvt65g9p-.js,6527,"rgba(255,170,90,${o})",,createGlodScene: canvas painter for the glöd (hearth/ember) stage on /start and /share,"th.min(.94,.5+2.4*e),`rgba(255,170,90,${o})`)}else n.addColorStop(.5,`rgba(255,170,90,${o})`);n.addColorStop(1,""rgba(255,170,90,0)"""
source/js/1pgfdvt65g9p-.js,6569,"rgba(255,170,90,0)",,createGlodScene: canvas painter for the glöd (hearth/ember) stage on /start and /share,")`)}else n.addColorStop(.5,`rgba(255,170,90,${o})`);n.addColorStop(1,""rgba(255,170,90,0)""),e.save(),e.globalCompositeOperation="""
source/js/1pgfdvt65g9p-.js,6776,"rgba(6,4,16,${r})",,createGlodScene: canvas painter for the glöd (hearth/ember) stage on /start and /share,",l,a,o,r){let i=e.createRadialGradient(t,l,0,t,l,a);i.addColorStop(0,`rgba(6,4,16,${r})`),i.addColorStop(1,""rgba(6,4,16,0)""),e."
source/js/1pgfdvt65g9p-.js,6814,"rgba(6,4,16,0)",,createGlodScene: canvas painter for the glöd (hearth/ember) stage on /start and /share,"(t,l,0,t,l,a);i.addColorStop(0,`rgba(6,4,16,${r})`),i.addColorStop(1,""rgba(6,4,16,0)""),e.save(),e.translate(t,l),e.scale(1,o"
source/js/1pgfdvt65g9p-.js,6999,#c99e6b,,createGlodScene: canvas painter for the glöd (hearth/ember) stage on /start and /share,"a,0,6.2832),e.fill(),e.restore()}function U(e,t,l,a,o){e.fillStyle=i(""#c99e6b"",Math.min(o,1.4)),e.beginPath(),e.ellip"
source/js/1pgfdvt65g9p-.js,7100,"rgba(90,52,24,0.75)",,createGlodScene: canvas painter for the glöd (hearth/ember) stage on /start and /share,"inPath(),e.ellipse(t,l,.4*a,.86*a,0,0,6.2832),e.fill(),e.strokeStyle=""rgba(90,52,24,0.75)"",e.lineWidth=1,e.beginPath(),e.ellipse("
source/js/1pgfdvt65g9p-.js,7379,"rgba(4,3,12,0.6)",,createGlodScene: canvas painter for the glöd (hearth/ember) stage on /start and /share,"(t,l),e.rotate(r);let d=L(-a/2,-o,a,2*o,.9*o);e.save(),e.shadowColor=""rgba(4,3,12,0.6)"",e.shadowBlur=7*n,e.shadowOffsetY=3;let"
source/js/1pgfdvt65g9p-.js,7491,#5c3d22,,createGlodScene: canvas painter for the glöd (hearth/ember) stage on /start and /share,"wOffsetY=3;let f=e.createLinearGradient(0,-o,0,o);f.addColorStop(0,i(""#5c3d22"",s)),f.addColorStop(.55,i(""#452c16"",s))"
source/js/1pgfdvt65g9p-.js,7526,#452c16,,createGlodScene: canvas painter for the glöd (hearth/ember) stage on /start and /share,"ient(0,-o,0,o);f.addColorStop(0,i(""#5c3d22"",s)),f.addColorStop(.55,i(""#452c16"",s)),f.addColorStop(1,i(""#2a1a0b"",s)),e"
source/js/1pgfdvt65g9p-.js,7559,#2a1a0b,,createGlodScene: canvas painter for the glöd (hearth/ember) stage on /start and /share,"(""#5c3d22"",s)),f.addColorStop(.55,i(""#452c16"",s)),f.addColorStop(1,i(""#2a1a0b"",s)),e.fillStyle=f,e.fill(d),e.restore("
source/js/1pgfdvt65g9p-.js,7623,"rgba(20,10,4,0.55)",,createGlodScene: canvas painter for the glöd (hearth/ember) stage on /start and /share,"(1,i(""#2a1a0b"",s)),e.fillStyle=f,e.fill(d),e.restore(),e.strokeStyle=""rgba(20,10,4,0.55)"",e.lineWidth=1,e.beginPath(),e.moveTo(-"
source/js/1pgfdvt65g9p-.js,7930,"rgba(14,7,3,0.6)",,createGlodScene: canvas painter for the glöd (hearth/ember) stage on /start and /share,"icCurveTo(-(.05*a),-(.56*o),.06*a,-(.72*o)),e.stroke(),e.strokeStyle=""rgba(14,7,3,0.6)"",e.lineWidth=1.4,e.beginPath(),e.moveTo"
source/js/1pgfdvt65g9p-.js,8151,"rgba(255,182,100,${(.12*s)",,createGlodScene: canvas painter for the glöd (hearth/ember) stage on /start and /share,"stroke();let h=e.createLinearGradient(-a/2,0,a/2,0);h.addColorStop(0,`rgba(255,182,100,${(.12*s).toFixed(3)})`),h.addColorStop(1,`rgba(2"
source/js/1pgfdvt65g9p-.js,8211,"rgba(255,182,100,${Math.min(.85,.6*s)",,createGlodScene: canvas painter for the glöd (hearth/ember) stage on /start and /share,"orStop(0,`rgba(255,182,100,${(.12*s).toFixed(3)})`),h.addColorStop(1,`rgba(255,182,100,${Math.min(.85,.6*s).toFixed(3)})`),e.strokeStyle=h,e.lineWi"
source/js/1pgfdvt65g9p-.js,8669,"rgba(255,178,92,${n})",,createGlodScene: canvas painter for the glöd (hearth/ember) stage on /start and /share,"eturn;let f=d.createRadialGradient(o,r,.04*i,o,r,i);f.addColorStop(0,`rgba(255,178,92,${n})`),f.addColorStop(.38,`rgba(255,160,76,$"
source/js/1pgfdvt65g9p-.js,8713,"rgba(255,160,76,${.42*n})",,createGlodScene: canvas painter for the glöd (hearth/ember) stage on /start and /share,",o,r,i);f.addColorStop(0,`rgba(255,178,92,${n})`),f.addColorStop(.38,`rgba(255,160,76,${.42*n})`),f.addColorStop(.7,`rgba(255,150,68,${"
source/js/1pgfdvt65g9p-.js,8760,"rgba(255,150,68,${.14*n})",,createGlodScene: canvas painter for the glöd (hearth/ember) stage on /start and /share,"`),f.addColorStop(.38,`rgba(255,160,76,${.42*n})`),f.addColorStop(.7,`rgba(255,150,68,${.14*n})`),f.addColorStop(1,""rgba(255,140,60,0)"""
source/js/1pgfdvt65g9p-.js,8806,"rgba(255,140,60,0)",,createGlodScene: canvas painter for the glöd (hearth/ember) stage on /start and /share,"})`),f.addColorStop(.7,`rgba(255,150,68,${.14*n})`),f.addColorStop(1,""rgba(255,140,60,0)""),d.fillStyle=f,d.fill(t),d.globalCompo"
source/js/1pgfdvt65g9p-.js,8909,#000,,createGlodScene: canvas painter for the glöd (hearth/ember) stage on /start and /share,"f,d.fill(t),d.globalCompositeOperation=""destination-out"",d.fillStyle=""#000"",d.translate(l,a),d.fill(t),d.setTransf"
source/js/1pgfdvt65g9p-.js,9726,"rgba(255,176,96,0.55)",,createGlodScene: canvas painter for the glöd (hearth/ember) stage on /start and /share,"ath(),e.ellipse(i,n+.62*d,s,.62*d,0,0,6.2832),e.fill(),e.strokeStyle=""rgba(255,176,96,0.55)"",e.lineWidth=1.4,e.beginPath(),e.ellips"
source/js/1pgfdvt65g9p-.js,10028,"rgba(255,166,80,${r})",,createGlodScene: canvas painter for the glöd (hearth/ember) stage on /start and /share,"|.66);let n=e.createRadialGradient(0,0,.04*o,0,0,o);n.addColorStop(0,`rgba(255,166,80,${r})`),n.addColorStop(.45,`rgba(255,132,58,$"
source/js/1pgfdvt65g9p-.js,10072,"rgba(255,132,58,${.45*r})",,createGlodScene: canvas painter for the glöd (hearth/ember) stage on /start and /share,",0,0,o);n.addColorStop(0,`rgba(255,166,80,${r})`),n.addColorStop(.45,`rgba(255,132,58,${.45*r})`),n.addColorStop(1,""rgba(255,120,50,0)"""
source/js/1pgfdvt65g9p-.js,10118,"rgba(255,120,50,0)",,createGlodScene: canvas painter for the glöd (hearth/ember) stage on /start and /share,")`),n.addColorStop(.45,`rgba(255,132,58,${.45*r})`),n.addColorStop(1,""rgba(255,120,50,0)""),e.fillStyle=n,e.fillRect(-o,-(2*o),2*"
source/js/1pgfdvt65g9p-.js,10320,"rgba(${C.mist},${r})",,createGlodScene: canvas painter for the glöd (hearth/ember) stage on /start and /share,"le(1,o/a);let i=e.createRadialGradient(0,0,0,0,0,a);i.addColorStop(0,`rgba(${C.mist},${r})`),i.addColorStop(1,`rgba(${C.mist},0)`)"
source/js/1pgfdvt65g9p-.js,10361,"rgba(${C.mist},0)",,createGlodScene: canvas painter for the glöd (hearth/ember) stage on /start and /share,"0,0,0,0,a);i.addColorStop(0,`rgba(${C.mist},${r})`),i.addColorStop(1,`rgba(${C.mist},0)`),e.fillStyle=i,e.fillRect(-a,-a,2*a,2*"
source/js/1pgfdvt65g9p-.js,11143,"rgba(4,3,12,0.6)",,createGlodScene: canvas painter for the glöd (hearth/ember) stage on /start and /share,"o(d,f)}return r.closePath(),r}(t,l,a,o,r+.25);e.save(),e.shadowColor=""rgba(4,3,12,0.6)"",e.shadowBlur=6,e.shadowOffsetY=2;let d"
source/js/1pgfdvt65g9p-.js,11257,#8a6047,,createGlodScene: canvas painter for the glöd (hearth/ember) stage on /start and /share,"setY=2;let d=e.createLinearGradient(t,l-a,t,l+a);if(d.addColorStop(0,""#8a6047""),d.addColorStop(.45,""#57403a""),d.addCo"
source/js/1pgfdvt65g9p-.js,11287,#57403a,,createGlodScene: canvas painter for the glöd (hearth/ember) stage on /start and /share,"dient(t,l-a,t,l+a);if(d.addColorStop(0,""#8a6047""),d.addColorStop(.45,""#57403a""),d.addColorStop(1,""#251b22""),e.fillSty"
source/js/1pgfdvt65g9p-.js,11315,#251b22,,createGlodScene: canvas painter for the glöd (hearth/ember) stage on /start and /share,"olorStop(0,""#8a6047""),d.addColorStop(.45,""#57403a""),d.addColorStop(1,""#251b22""),e.fillStyle=d,e.fill(s),e.restore(),e"
source/js/1pgfdvt65g9p-.js,11395,"rgba(8,5,14,0.6)",,createGlodScene: canvas painter for the glöd (hearth/ember) stage on /start and /share,"e.fillStyle=d,e.fill(s),e.restore(),e.save(),e.clip(s),e.strokeStyle=""rgba(8,5,14,0.6)"",e.lineWidth=2.4,e.stroke(s),null!=i){l"
source/js/1pgfdvt65g9p-.js,11636,"rgba(255,172,88,0.34)",,createGlodScene: canvas painter for the glöd (hearth/ember) stage on /start and /share,"=l+h*a*.5,c=e.createRadialGradient(u,g,0,u,g,1.6*a);c.addColorStop(0,""rgba(255,172,88,0.34)""),c.addColorStop(.55,""rgba(255,150,70,0"
source/js/1pgfdvt65g9p-.js,11680,"rgba(255,150,70,0.12)",,createGlodScene: canvas painter for the glöd (hearth/ember) stage on /start and /share,",1.6*a);c.addColorStop(0,""rgba(255,172,88,0.34)""),c.addColorStop(.55,""rgba(255,150,70,0.12)""),c.addColorStop(1,""rgba(255,140,60,0)"""
source/js/1pgfdvt65g9p-.js,11722,"rgba(255,140,60,0)",,createGlodScene: canvas painter for the glöd (hearth/ember) stage on /start and /share,"0.34)""),c.addColorStop(.55,""rgba(255,150,70,0.12)""),c.addColorStop(1,""rgba(255,140,60,0)""),e.fillStyle=c,e.fill(s);let m=e.creat"
source/js/1pgfdvt65g9p-.js,11839,"rgba(255,196,120,0.85)",,createGlodScene: canvas painter for the glöd (hearth/ember) stage on /start and /share,"t m=e.createLinearGradient(t+f*a,l+h*a,t-f*a,l-h*a);m.addColorStop(0,""rgba(255,196,120,0.85)""),m.addColorStop(.5,""rgba(255,196,120,0"
source/js/1pgfdvt65g9p-.js,11883,"rgba(255,196,120,0)",,createGlodScene: canvas painter for the glöd (hearth/ember) stage on /start and /share,",l-h*a);m.addColorStop(0,""rgba(255,196,120,0.85)""),m.addColorStop(.5,""rgba(255,196,120,0)""),e.strokeStyle=m,e.lineWidth=2.6,e.str"
source/js/1pgfdvt65g9p-.js,12124,"rgba(255,177,72,0.5)",,createGlodScene: canvas painter for the glöd (hearth/ember) stage on /start and /share,"2*r,r);g&&(e.save(),e.globalCompositeOperation=""lighter"",e.fillStyle=""rgba(255,177,72,0.5)"",e.shadowColor=""rgba(255,190,82,0.95)"","
source/js/1pgfdvt65g9p-.js,12161,"rgba(255,190,82,0.95)",,createGlodScene: canvas painter for the glöd (hearth/ember) stage on /start and /share,"Operation=""lighter"",e.fillStyle=""rgba(255,177,72,0.5)"",e.shadowColor=""rgba(255,190,82,0.95)"",e.shadowBlur=24*d,e.fill(c),e.restore("
source/js/1pgfdvt65g9p-.js,12251,"rgba(255,166,60,0.78)",,createGlodScene: canvas painter for the glöd (hearth/ember) stage on /start and /share,")"",e.shadowBlur=24*d,e.fill(c),e.restore()),e.save(),e.shadowColor=g?""rgba(255,166,60,0.78)"":""rgba(4,3,12,0.65)"",e.shadowBlur=(g?15"
source/js/1pgfdvt65g9p-.js,12275,"rgba(4,3,12,0.65)",,createGlodScene: canvas painter for the glöd (hearth/ember) stage on /start and /share,"ill(c),e.restore()),e.save(),e.shadowColor=g?""rgba(255,166,60,0.78)"":""rgba(4,3,12,0.65)"",e.shadowBlur=(g?15:8)*d,e.shadowOffset"
source/js/1pgfdvt65g9p-.js,12408,#6e4a2e,,createGlodScene: canvas painter for the glöd (hearth/ember) stage on /start and /share,"t m=e.createLinearGradient(0,-r,0,r),b=g?1.12*f:f;m.addColorStop(0,i(""#6e4a2e"",b)),m.addColorStop(.5,i(""#553823"",b)),"
source/js/1pgfdvt65g9p-.js,12442,#553823,,createGlodScene: canvas painter for the glöd (hearth/ember) stage on /start and /share,"r),b=g?1.12*f:f;m.addColorStop(0,i(""#6e4a2e"",b)),m.addColorStop(.5,i(""#553823"",b)),m.addColorStop(1,i(""#382414"",b)),e"
source/js/1pgfdvt65g9p-.js,12475,#382414,,createGlodScene: canvas painter for the glöd (hearth/ember) stage on /start and /share,"i(""#6e4a2e"",b)),m.addColorStop(.5,i(""#553823"",b)),m.addColorStop(1,i(""#382414"",b)),e.fillStyle=m,e.fill(c),e.restore("
source/js/1pgfdvt65g9p-.js,12539,"rgba(26,14,6,0.5)",,createGlodScene: canvas painter for the glöd (hearth/ember) stage on /start and /share,"(1,i(""#382414"",b)),e.fillStyle=m,e.fill(c),e.restore(),e.strokeStyle=""rgba(26,14,6,0.5)"",e.lineWidth=1,e.beginPath(),e.moveTo(-"
source/js/1pgfdvt65g9p-.js,12761,"rgba(255,196,116,${Math.min(.85,.62*f)",,createGlodScene: canvas painter for the glöd (hearth/ember) stage on /start and /share,"aticCurveTo(.1*o,.55*r,o/2-r,.3*r),e.stroke(),e.save(),e.strokeStyle=`rgba(255,196,116,${Math.min(.85,.62*f).toFixed(3)})`,e.lineWidth=2*d,e.shadowC"
source/js/1pgfdvt65g9p-.js,12845,"rgba(255,150,60,0.85)",,createGlodScene: canvas painter for the glöd (hearth/ember) stage on /start and /share,"16,${Math.min(.85,.62*f).toFixed(3)})`,e.lineWidth=2*d,e.shadowColor=""rgba(255,150,60,0.85)"",e.shadowBlur=5*d,e.beginPath(),e.moveT"
source/js/1pgfdvt65g9p-.js,13025,#c99e6b,,createGlodScene: canvas painter for the glöd (hearth/ember) stage on /start and /share,"8*r,-r+1),e.stroke(),e.restore();let p=u*(o/2-.1*r);if(e.fillStyle=i(""#c99e6b"",f),e.beginPath(),e.ellipse(p,0,.52*r,."
source/js/1pgfdvt65g9p-.js,13113,"rgba(90,52,24,0.75)",,createGlodScene: canvas painter for the glöd (hearth/ember) stage on /start and /share,"nPath(),e.ellipse(p,0,.52*r,.86*r,0,0,6.2832),e.fill(),e.strokeStyle=""rgba(90,52,24,0.75)"",e.lineWidth=1,e.beginPath(),e.ellipse("
source/js/1pgfdvt65g9p-.js,13781,"rgba(24,10,2,0.92)",,createGlodScene: canvas painter for the glöd (hearth/ember) stage on /start and /share,"sureText(t).width,s,o,h),i=a.text,n=o*a.shift,f=-(.28*r);e.fillStyle=""rgba(24,10,2,0.92)"",e.fillText(i,n,f+1.2,a.maxWidth),e.fil"
source/js/1pgfdvt65g9p-.js,13849,"rgba(255,232,166,1)",,createGlodScene: canvas painter for the glöd (hearth/ember) stage on /start and /share,"=""rgba(24,10,2,0.92)"",e.fillText(i,n,f+1.2,a.maxWidth),e.fillStyle=g?""rgba(255,232,166,1)"":""rgba(255,214,150,0.98)"",e.fillText(i,"
source/js/1pgfdvt65g9p-.js,13871,"rgba(255,214,150,0.98)",,createGlodScene: canvas painter for the glöd (hearth/ember) stage on /start and /share,"e.fillText(i,n,f+1.2,a.maxWidth),e.fillStyle=g?""rgba(255,232,166,1)"":""rgba(255,214,150,0.98)"",e.fillText(i,n,f,a.maxWidth)}e.restore"
source/js/1pgfdvt65g9p-.js,14465,"rgba(255,166,80,0.06)",,createGlodScene: canvas painter for the glöd (hearth/ember) stage on /start and /share,"ale(1,.9),(s=d.createRadialGradient(0,0,.05*e,0,0,e)).addColorStop(0,""rgba(255,166,80,0.06)""),s.addColorStop(1,""rgba(255,120,50,0)"""
source/js/1pgfdvt65g9p-.js,14507,"rgba(255,120,50,0)",,createGlodScene: canvas painter for the glöd (hearth/ember) stage on /start and /share,"5*e,0,0,e)).addColorStop(0,""rgba(255,166,80,0.06)""),s.addColorStop(1,""rgba(255,120,50,0)""),d.fillStyle=s,d.fillRect(-e,-(2*e),2*"
source/js/1pgfdvt65g9p-.js,14820,#ffe3a8,,createGlodScene: canvas painter for the glöd (hearth/ember) stage on /start and /share,"+1.4*c(),ph:6.28*c(),warm:o});continue}d.globalAlpha=r,d.fillStyle=o?""#ffe3a8"":""#e9e4f5"",d.beginPath(),d.arc(t,l,a,0,"
source/js/1pgfdvt65g9p-.js,14830,#e9e4f5,,createGlodScene: canvas painter for the glöd (hearth/ember) stage on /start and /share,"h:6.28*c(),warm:o});continue}d.globalAlpha=r,d.fillStyle=o?""#ffe3a8"":""#e9e4f5"",d.beginPath(),d.arc(t,l,a,0,6.2832),d."
source/js/1pgfdvt65g9p-.js,14980,"rgba(255,236,190,${.35+.3*c()",,createGlodScene: canvas painter for the glöd (hearth/ember) stage on /start and /share,"0;e<7;e++){let e=c()*w,t=c()*F.horizonY*.7,l=2.5+3*c();d.strokeStyle=`rgba(255,236,190,${.35+.3*c()})`,d.lineWidth=1,d.beginPath(),d.moveTo"
source/js/1pgfdvt65g9p-.js,15414,"rgba(238,228,200,${C.moonHaloAlpha})",,createGlodScene: canvas painter for the glöd (hearth/ember) stage on /start and /share,"5*P,62)),S=d.createRadialGradient(y,M,.6*x,y,M,4*x);S.addColorStop(0,`rgba(238,228,200,${C.moonHaloAlpha})`),S.addColorStop(1,""rgba(238,228,200,0)"
source/js/1pgfdvt65g9p-.js,15471,"rgba(238,228,200,0)",,createGlodScene: canvas painter for the glöd (hearth/ember) stage on /start and /share,"ColorStop(0,`rgba(238,228,200,${C.moonHaloAlpha})`),S.addColorStop(1,""rgba(238,228,200,0)""),d.fillStyle=S,d.fillRect(y-4*x,M-4*x,"
source/js/1pgfdvt65g9p-.js,15563,"rgba(238,228,200,0.5)",,createGlodScene: canvas painter for the glöd (hearth/ember) stage on /start and /share,"d.fillStyle=S,d.fillRect(y-4*x,M-4*x,8*x,8*x),d.save(),d.shadowColor=""rgba(238,228,200,0.5)"",d.shadowBlur=18,d.fillStyle=C.moonFill"
source/js/1pgfdvt65g9p-.js,15711,"rgba(196,180,148,0.4)",,createGlodScene: canvas painter for the glöd (hearth/ember) stage on /start and /share,"arc(y,M,x,0,6.2832),d.fill(),d.restore(),C.moonCraters&&(d.fillStyle=""rgba(196,180,148,0.4)"",d.beginPath(),d.arc(y-.3*x,M-.2*x,.2*x"
source/js/1pgfdvt65g9p-.js,15975,"rgba(6,5,18,0.5)",,createGlodScene: canvas painter for the glöd (hearth/ember) stage on /start and /share,".fill());let v=Y(.478*P,.035*P,.075*P,.62,31);d.save(),d.shadowColor=""rgba(6,5,18,0.5)"",d.shadowBlur=10*f,d.shadowOffsetY=-2,d"
source/js/1pgfdvt65g9p-.js,16169,"rgba(5,4,16,0.75)",,createGlodScene: canvas painter for the glöd (hearth/ember) stage on /start and /share,".72);let T=Y(F.horizonY,.055*P,.135*P,.58,11);d.save(),d.shadowColor=""rgba(5,4,16,0.75)"",d.shadowBlur=14*f,d.shadowOffsetY=-3,d"
source/js/1pgfdvt65g9p-.js,16518,"rgba(5,4,16,0.7)",,createGlodScene: canvas painter for the glöd (hearth/ember) stage on /start and /share,"6.2*t+.4)*e+Math.sin(2.7*t+1.6)*e*.75);B=q(t),d.save(),d.shadowColor=""rgba(5,4,16,0.7)"",d.shadowBlur=12*f,d.shadowOffsetY=-3,d"
source/js/1pgfdvt65g9p-.js,16842,"rgba(5,4,16,0.75)",,createGlodScene: canvas painter for the glöd (hearth/ember) stage on /start and /share,"t+2.2)*e*1.15+Math.sin(2.2*t+.5)*e*.7);W=q(l),d.save(),d.shadowColor=""rgba(5,4,16,0.75)"",d.shadowBlur=14*f,d.shadowOffsetY=-4,d"
source/js/1pgfdvt65g9p-.js,17391,"rgba(4,3,14,0.85)",,createGlodScene: canvas painter for the glöd (hearth/ember) stage on /start and /share,"let ea=new Path2D;ea.addPath($),ea.addPath(O),d.save(),d.shadowColor=""rgba(4,3,14,0.85)"",d.shadowBlur=18*f,d.shadowOffsetY=-4,d"
source/js/1pgfdvt65g9p-.js,17784,"rgba(4,3,14,0.8)",,createGlodScene: canvas painter for the glöd (hearth/ember) stage on /start and /share,"xp(-t*t)+5*Math.sin(8.3*e+.8)*f}),ed=q(es);if(d.save(),d.shadowColor=""rgba(4,3,14,0.8)"",d.shadowBlur=20*f,d.shadowOffsetY=-5,d"
source/js/1pgfdvt65g9p-.js,18285,"rgba(4,3,12,0.55)",,createGlodScene: canvas painter for the glöd (hearth/ember) stage on /start and /share,".9*b,m,.03,f,.95),t=c+.66*b,l=p-.55*m,a=.95*m,d.save(),d.shadowColor=""rgba(4,3,12,0.55)"",d.shadowBlur=7*f,d.shadowOffsetY=3,d.f"
source/js/1pgfdvt65g9p-.js,18352,#221407,,createGlodScene: canvas painter for the glöd (hearth/ember) stage on /start and /share,"r=""rgba(4,3,12,0.55)"",d.shadowBlur=7*f,d.shadowOffsetY=3,d.fillStyle=""#221407"",d.beginPath(),d.arc(t,l,a,0,6.2832),d."
source/js/1pgfdvt65g9p-.js,18493,#8f6738,,createGlodScene: canvas painter for the glöd (hearth/ember) stage on /start and /share,"createRadialGradient(t-.25*a,l-.25*a,.15*a,t,l,.8*a)).addColorStop(0,""#8f6738""),e.addColorStop(1,""#5e3f1e""),d.fillSty"
source/js/1pgfdvt65g9p-.js,18521,#5e3f1e,,createGlodScene: canvas painter for the glöd (hearth/ember) stage on /start and /share,",l-.25*a,.15*a,t,l,.8*a)).addColorStop(0,""#8f6738""),e.addColorStop(1,""#5e3f1e""),d.fillStyle=e,d.beginPath(),d.arc(t,l"
source/js/1pgfdvt65g9p-.js,18609,"rgba(46,26,10,0.85)",,createGlodScene: canvas painter for the glöd (hearth/ember) stage on /start and /share,"yle=e,d.beginPath(),d.arc(t,l,.78*a,0,6.2832),d.fill(),d.strokeStyle=""rgba(46,26,10,0.85)"",d.lineWidth=1,d.beginPath(),d.arc(t+.0"
source/js/1pgfdvt65g9p-.js,18783,"rgba(255,182,100,0.75)",,createGlodScene: canvas painter for the glöd (hearth/ember) stage on /start and /share,"Path(),d.arc(t+.1*a,l-.06*a,.27*a,0,6.2832),d.stroke(),d.strokeStyle=""rgba(255,182,100,0.75)"",d.lineWidth=Math.max(1.5,.11*a),d.begi"
source/js/1pgfdvt65g9p-.js,18903,"rgba(255,150,70,0.28)",,createGlodScene: canvas painter for the glöd (hearth/ember) stage on /start and /share,"11*a),d.beginPath(),d.arc(t,l,a-.9,-.7,.85),d.stroke(),d.strokeStyle=""rgba(255,150,70,0.28)"",d.lineWidth=1,d.beginPath(),d.arc(t+.0"
source/js/1pgfdvt65g9p-.js,19107,"rgba(4,3,12,0.6)",,createGlodScene: canvas painter for the glöd (hearth/ember) stage on /start and /share,",f,1.06),r=c+.75*g,i=.758*P,n=.1*g,s=i-.165*g,d.save(),d.shadowColor=""rgba(4,3,12,0.6)"",d.shadowBlur=9*f,d.shadowOffsetY=4,(u="
source/js/1pgfdvt65g9p-.js,19216,#190e06,,createGlodScene: canvas painter for the glöd (hearth/ember) stage on /start and /share,"adowOffsetY=4,(u=d.createLinearGradient(r-n,0,r+n,0)).addColorStop(0,""#190e06""),u.addColorStop(.62,""#33200e""),u.addCo"
source/js/1pgfdvt65g9p-.js,19246,#33200e,,createGlodScene: canvas painter for the glöd (hearth/ember) stage on /start and /share,"rGradient(r-n,0,r+n,0)).addColorStop(0,""#190e06""),u.addColorStop(.62,""#33200e""),u.addColorStop(1,""#754c28""),d.fillSty"
source/js/1pgfdvt65g9p-.js,19274,#754c28,,createGlodScene: canvas painter for the glöd (hearth/ember) stage on /start and /share,"olorStop(0,""#190e06""),u.addColorStop(.62,""#33200e""),u.addColorStop(1,""#754c28""),d.fillStyle=u,d.beginPath(),d.moveTo("
source/js/1pgfdvt65g9p-.js,19454,"rgba(10,6,3,0.5)",,createGlodScene: canvas painter for the glöd (hearth/ember) stage on /start and /share,",i),d.lineTo(r+n,s),d.closePath(),d.fill(),d.restore(),d.strokeStyle=""rgba(10,6,3,0.5)"",d.lineWidth=1.2,d.beginPath(),d.moveTo"
source/js/1pgfdvt65g9p-.js,19613,#8a6238,,createGlodScene: canvas painter for the glöd (hearth/ember) stage on /start and /share,"1),d.moveTo(r+.2*n,s+4),d.lineTo(r+.26*n,i-1),d.stroke(),d.fillStyle=""#8a6238"",d.beginPath(),d.ellipse(r,s,n,.34*n,0,"
source/js/1pgfdvt65g9p-.js,19692,"rgba(255,178,96,0.18)",,createGlodScene: canvas painter for the glöd (hearth/ember) stage on /start and /share,"d.beginPath(),d.ellipse(r,s,n,.34*n,0,0,6.2832),d.fill(),d.fillStyle=""rgba(255,178,96,0.18)"",d.beginPath(),d.ellipse(r+.16*n,s,.7*n"
source/js/1pgfdvt65g9p-.js,19796,"rgba(64,38,16,0.85)",,createGlodScene: canvas painter for the glöd (hearth/ember) stage on /start and /share,"(),d.ellipse(r+.16*n,s,.7*n,.22*n,0,0,6.2832),d.fill(),d.strokeStyle=""rgba(64,38,16,0.85)"",d.lineWidth=1,d.beginPath(),d.ellipse("
source/js/1pgfdvt65g9p-.js,19981,"rgba(255,182,100,0.7)",,createGlodScene: canvas painter for the glöd (hearth/ember) stage on /start and /share,"),d.ellipse(r+.08*n,s,.3*n,.1*n,0,0,6.2832),d.stroke(),d.strokeStyle=""rgba(255,182,100,0.7)"",d.lineWidth=1.7,d.beginPath(),d.moveTo"
source/js/1pgfdvt65g9p-.js,20561,"rgba(3,2,10,0.85)",,createGlodScene: canvas painter for the glöd (hearth/ember) stage on /start and /share,"in(6.3*e+1.2)*f-8*f*Math.cos(2.1*e)),em=q(ec);d.save(),d.shadowColor=""rgba(3,2,10,0.85)"",d.shadowBlur=22*f,d.shadowOffsetY=-6,d"
source/js/1pgfdvt65g9p-.js,21262,"rgba(${C.vignette},0)",,createGlodScene: canvas painter for the glöd (hearth/ember) stage on /start and /share,"5*P,.42*Math.min(w,P),w/2,.55*P,.78*Math.max(w,P));eb.addColorStop(0,`rgba(${C.vignette},0)`),eb.addColorStop(1,`rgba(${C.vignette}"
source/js/1pgfdvt65g9p-.js,21305,"rgba(${C.vignette},${C.vignetteAlpha})",,createGlodScene: canvas painter for the glöd (hearth/ember) stage on /start and /share,"x(w,P));eb.addColorStop(0,`rgba(${C.vignette},0)`),eb.addColorStop(1,`rgba(${C.vignette},${C.vignetteAlpha})`),d.fillStyle=eb,d.fillRect(0,0,w,P);le"
source/js/1pgfdvt65g9p-.js,24686,#c8441f,col,createGlodScene: canvas painter for the glöd (hearth/ember) stage on /start and /share,",t+a/2,l),e.closePath()}let eT=[{w:1,h:1,dx:0,asym:.06,lobe:.035,col:""#c8441f"",f1:2.7,f2:1.6},{w:.74,h:.8,dx:-.065,as"
source/js/1pgfdvt65g9p-.js,24756,#ef7527,col,createGlodScene: canvas painter for the glöd (hearth/ember) stage on /start and /share,"#c8441f"",f1:2.7,f2:1.6},{w:.74,h:.8,dx:-.065,asym:-.11,lobe:.085,col:""#ef7527"",f1:3.5,f2:2.2},{w:.5,h:.585,dx:.045,as"
source/js/1pgfdvt65g9p-.js,24825,#ffab3d,col,createGlodScene: canvas painter for the glöd (hearth/ember) stage on /start and /share,"""#ef7527"",f1:3.5,f2:2.2},{w:.5,h:.585,dx:.045,asym:.12,lobe:-.06,col:""#ffab3d"",f1:4.3,f2:2.9},{w:.28,h:.375,dx:.015,a"
source/js/1pgfdvt65g9p-.js,24895,#ffe9b8,col,createGlodScene: canvas painter for the glöd (hearth/ember) stage on /start and /share,"#ffab3d"",f1:4.3,f2:2.9},{w:.28,h:.375,dx:.015,asym:-.07,lobe:.05,col:""#ffe9b8"",f1:5.1,f2:3.4}],ew=0,eP=0,ek=0,eF=null"
source/js/1pgfdvt65g9p-.js,25819,#e9e4f5,,createGlodScene: canvas painter for the glöd (hearth/ember) stage on /start and /share,")))),F.twinklers.length){if(y.save(),T){y.globalAlpha=.6,y.fillStyle=""#e9e4f5"";for(let e=0;e<F.twinklers.length;e++){"
source/js/1pgfdvt65g9p-.js,26075,#ffe3a8,,createGlodScene: canvas painter for the glöd (hearth/ember) stage on /start and /share,"globalAlpha=.3+.55*(.5+.5*Math.sin(eP*t.sp+t.ph)),y.fillStyle=t.warm?""#ffe3a8"":""#e9e4f5"",y.beginPath(),y.arc(t.x,t.y,"
source/js/1pgfdvt65g9p-.js,26085,#e9e4f5,,createGlodScene: canvas painter for the glöd (hearth/ember) stage on /start and /share,"a=.3+.55*(.5+.5*Math.sin(eP*t.sp+t.ph)),y.fillStyle=t.warm?""#ffe3a8"":""#e9e4f5"",y.beginPath(),y.arc(t.x,t.y,t.r,0,6.28"
source/js/1pgfdvt65g9p-.js,26472,"rgba(255,158,72,${l.toFixed(3)",,createGlodScene: canvas painter for the glöd (hearth/ember) stage on /start and /share,",l=(.05+.05*s)*(.7+.6*i)*(.25+.75*Math.min(eG(),1));t.addColorStop(0,`rgba(255,158,72,${l.toFixed(3)})`),t.addColorStop(1,""rgba(255,120,50,0"
source/js/1pgfdvt65g9p-.js,26525,"rgba(255,120,50,0)",,createGlodScene: canvas painter for the glöd (hearth/ember) stage on /start and /share,".addColorStop(0,`rgba(255,158,72,${l.toFixed(3)})`),t.addColorStop(1,""rgba(255,120,50,0)""),y.fillStyle=t,y.fillRect(-e,-(2.2*e),"
source/js/1pgfdvt65g9p-.js,27092,"rgba(120,30,0,0.3)",,createGlodScene: canvas painter for the glöd (hearth/ember) stage on /start and /share,"drawImage($,a-s,r-10*l-s,2*s,2*s),y.restore(),y.save(),y.shadowColor=""rgba(120,30,0,0.3)"",y.shadowBlur=5*l,y.shadowOffsetY=0;let"
source/js/1pgfdvt65g9p-.js,27194,#d95a22,,createGlodScene: canvas painter for the glöd (hearth/ember) stage on /start and /share,"=5*l,y.shadowOffsetY=0;let u=i*f*.09*Math.sin(2.5*t+1.2);y.fillStyle=""#d95a22"",eC(y,a-.38*f,r-2*l,.34*f,d*(.4+.05*i*M"
source/js/1pgfdvt65g9p-.js,27618,"rgba(80,18,4,0.4)",,createGlodScene: canvas painter for the glöd (hearth/ember) stage on /start and /share,",y.fill(),0===e&&(y.save(),y.shadowColor=""transparent"",y.strokeStyle=""rgba(80,18,4,0.4)"",y.lineWidth=1.2,y.stroke(),y.restore()"
source/js/1pgfdvt65g9p-.js,28050,"rgba(255,158,66,${n})",,createGlodScene: canvas painter for the glöd (hearth/ember) stage on /start and /share,")).toFixed(3),s=y.createRadialGradient(0,0,0,0,0,r);s.addColorStop(0,`rgba(255,158,66,${n})`),s.addColorStop(1,""rgba(255,120,40,0)"""
source/js/1pgfdvt65g9p-.js,28092,"rgba(255,120,40,0)",,createGlodScene: canvas painter for the glöd (hearth/ember) stage on /start and /share,",0,0,0,r);s.addColorStop(0,`rgba(255,158,66,${n})`),s.addColorStop(1,""rgba(255,120,40,0)""),y.fillStyle=s,y.fillRect(-r,-r,2*r,2*"
source/js/1pgfdvt65g9p-.js,28440,#ffe6ac,,createGlodScene: canvas painter for the glöd (hearth/ember) stage on /start and /share,"*t.edge;let d=y.createRadialGradient(i,n,0,i,n,t.r);d.addColorStop(0,""#ffe6ac""),d.addColorStop(.55,""#ff9c46""),d.addCo"
source/js/1pgfdvt65g9p-.js,28470,#ff9c46,,createGlodScene: canvas painter for the glöd (hearth/ember) stage on /start and /share,"adient(i,n,0,i,n,t.r);d.addColorStop(0,""#ffe6ac""),d.addColorStop(.55,""#ff9c46""),d.addColorStop(1,""rgba(214,74,16,0.25"
source/js/1pgfdvt65g9p-.js,28498,"rgba(214,74,16,0.25)",,createGlodScene: canvas painter for the glöd (hearth/ember) stage on /start and /share,"olorStop(0,""#ffe6ac""),d.addColorStop(.55,""#ff9c46""),d.addColorStop(1,""rgba(214,74,16,0.25)""),y.fillStyle=d,y.beginPath(),y.ellipse"
source/js/1pgfdvt65g9p-.js,29991,#ffdf9e,,createGlodScene: canvas painter for the glöd (hearth/ember) stage on /start and /share,".vy*=1-.12*e;let r=(1-l.life/l.ttl)*a;y.globalAlpha=.9*r,y.fillStyle=""#ffdf9e"",y.beginPath(),y.arc(l.x,l.y,l.r,0,6.28"
source/js/1pgfdvt65g9p-.js,31580,"rgba(255,138,77,${(.5+.5*r)",,createGlodScene: canvas painter for the glöd (hearth/ember) stage on /start and /share,"y.beginPath(),y.arc(e,t,i*(o?1.5:1),0,6.2832),y.fill(),y.strokeStyle=`rgba(255,138,77,${(.5+.5*r).toFixed(3)})`,y.lineWidth=1.2,y.stroke("
source/js/1pgfdvt65g9p-.js,32000,#ffe3a0,,createGlodScene: canvas painter for the glöd (hearth/ember) stage on /start and /share,".vy*e,l.vy+=30*e;let a=1-l.life/l.ttl;y.globalAlpha=.9*a,y.fillStyle=""#ffe3a0"",y.beginPath(),y.arc(l.x,l.y,.5*l.s,0,6"
source/js/1pgfdvt65g9p-.js,32645,#ffe3a0,,createGlodScene: canvas painter for the glöd (hearth/ember) stage on /start and /share,"""book""===eE?Math.max(0,1-.25*eW):1;y.globalAlpha=f*h*.95,y.fillStyle=""#ffe3a0"",y.beginPath(),y.arc(l.x,l.y,.5*l.size,"
source/js/2j_-r8q4tgdka.js,24210,#fff,color,StylePicker inline styles + glodBook SVG (book cover art used in the glöd stage),"enter"",fontFamily:""var(--ui)"",fontSize:"".92rem"",fontWeight:700,color:""#fff"",lineHeight:1.3,background:""linear-grad"
source/js/2j_-r8q4tgdka.js,24267,"rgba(10,10,20,0)",,StylePicker inline styles + glodBook SVG (book cover art used in the glöd stage),"t:700,color:""#fff"",lineHeight:1.3,background:""linear-gradient(180deg, rgba(10,10,20,0) 0%, rgba(10,10,20,.72) 55%)"",textShadow"
source/js/2j_-r8q4tgdka.js,24288,"rgba(10,10,20,.72)",,StylePicker inline styles + glodBook SVG (book cover art used in the glöd stage),"neHeight:1.3,background:""linear-gradient(180deg, rgba(10,10,20,0) 0%, rgba(10,10,20,.72) 55%)"",textShadow:""0 1px 3px rgba(0,0,0,"
source/js/2j_-r8q4tgdka.js,24335,"rgba(0,0,0,.6)",,StylePicker inline styles + glodBook SVG (book cover art used in the glöd stage),", rgba(10,10,20,0) 0%, rgba(10,10,20,.72) 55%)"",textShadow:""0 1px 3px rgba(0,0,0,.6)""},v={position:""absolute"",top:""10px"",rig"
source/js/2j_-r8q4tgdka.js,24690,"rgba(0, 0, 0, .28)",,StylePicker inline styles + glodBook SVG (book cover art used in the glöd stage),""",fontSize:"".72rem"",fontWeight:800,lineHeight:1,boxShadow:""0 3px 12px rgba(0, 0, 0, .28)""};e.s([""StylePicker"",0,function({select"
source/js/2j_-r8q4tgdka.js,25275,#fff,color,StylePicker inline styles + glodBook SVG (book cover art used in the glöd stage),"o:""3 / 2"",background:""var(--choice-bg)"",fontFamily:""var(--ui)"",color:""#fff"",border:""none"",borderRadius:""18px"",over"
source/js/2j_-r8q4tgdka.js,32480,#0d0a24,stopColor,StylePicker inline styles + glodBook SVG (book cover art used in the glöd stage),"1:""0"",x2:""0"",y2:""1"",children:[(0,t.jsx)(""stop"",{offset:""0"",stopColor:""#0d0a24""}),(0,t.jsx)(""stop"",{offset:""1"",stopCol"
source/js/2j_-r8q4tgdka.js,32531,#2f2458,stopColor,StylePicker inline styles + glodBook SVG (book cover art used in the glöd stage),"set:""0"",stopColor:""#0d0a24""}),(0,t.jsx)(""stop"",{offset:""1"",stopColor:""#2f2458""})]}),(0,t.jsxs)(""radialGradient"",{id:"""
source/js/2j_-r8q4tgdka.js,32642,"rgba(255,200,90,.4)",stopColor,StylePicker inline styles + glodBook SVG (book cover art used in the glöd stage),",{id:""glodBookGlow"",children:[(0,t.jsx)(""stop"",{offset:""0"",stopColor:""rgba(255,200,90,.4)""}),(0,t.jsx)(""stop"",{offset:""1"",stopCol"
source/js/2j_-r8q4tgdka.js,32705,"rgba(255,200,90,0)",stopColor,StylePicker inline styles + glodBook SVG (book cover art used in the glöd stage),"Color:""rgba(255,200,90,.4)""}),(0,t.jsx)(""stop"",{offset:""1"",stopColor:""rgba(255,200,90,0)""})]}),(0,t.jsx)(""clipPath"",{id:""glodBoo"
source/js/2j_-r8q4tgdka.js,33015,#efe6cd,fill,StylePicker inline styles + glodBook SVG (book cover art used in the glöd stage),"s)(""g"",{clipPath:""url(#glodBookClip)"",children:[(0,t.jsxs)(""g"",{fill:""#efe6cd"",children:[(0,t.jsx)(""circle"",{cx:""22"","
source/js/2j_-r8q4tgdka.js,33556,#efe6cd,fill,StylePicker inline styles + glodBook SVG (book cover art used in the glöd stage),""",opacity:"".45""})]}),(0,t.jsx)(""circle"",{cx:""132"",cy:""24"",r:""8"",fill:""#efe6cd"",opacity:"".92""}),(0,t.jsx)(""circle"",{cx"
source/js/2j_-r8q4tgdka.js,33636,#c9b894,fill,StylePicker inline styles + glodBook SVG (book cover art used in the glöd stage),"pacity:"".92""}),(0,t.jsx)(""circle"",{cx:""129.6"",cy:""22.4"",r:""1.6"",fill:""#c9b894"",opacity:"".7""}),(0,t.jsx)(""circle"",{cx:"
source/js/2j_-r8q4tgdka.js,33715,#c9b894,fill,StylePicker inline styles + glodBook SVG (book cover art used in the glöd stage),"opacity:"".7""}),(0,t.jsx)(""circle"",{cx:""134.5"",cy:""26.5"",r:""1.1"",fill:""#c9b894"",opacity:"".7""}),(0,t.jsx)(""circle"",{cx:"
source/js/2j_-r8q4tgdka.js,33834,#241b49,fill,StylePicker inline styles + glodBook SVG (book cover art used in the glöd stage),"0"",cy:""44"",r:""26"",fill:""url(#glodBookGlow)""}),(0,t.jsx)(""path"",{fill:""#241b49"",d:""M3 78 L11 66 17 78 24 60 32 78 40 7"
source/js/2j_-r8q4tgdka.js,34018,#171130,fill,StylePicker inline styles + glodBook SVG (book cover art used in the glöd stage),"9 78 136 70 142 78 150 64 157 78 V119 H3 Z""}),(0,t.jsx)(""path"",{fill:""#171130"",d:""M3 92 L14 74 24 92 34 80 43 92 56 7"
source/js/2j_-r8q4tgdka.js,34200,"rgba(255,158,68,.22)",fill,StylePicker inline styles + glodBook SVG (book cover art used in the glöd stage),"9 H3 Z""}),(0,t.jsx)(""ellipse"",{cx:""80"",cy:""114"",rx:""38"",ry:""11"",fill:""rgba(255,158,68,.22)""})]}),(0,t.jsx)(""g"",{transform:""transla"
source/js/2j_-r8q4tgdka.js,34305,#f5c542,stroke,StylePicker inline styles + glodBook SVG (book cover art used in the glöd stage),")(""g"",{transform:""translate(66.5,28) scale(1.15)"",fill:""none"",stroke:""#f5c542"",strokeWidth:""1.7"",strokeLinecap:""round"
source/js/2j_-r8q4tgdka.js,34632,"rgba(10,6,24,.85)",stroke,StylePicker inline styles + glodBook SVG (book cover art used in the glöd stage),"ect"",{x:""3"",y:""3"",width:""154"",height:""116"",rx:""8"",fill:""none"",stroke:""rgba(10,6,24,.85)"",strokeWidth:""1.6""}),(0,t.jsx)(""rect"",{"
source/js/2j_-r8q4tgdka.js,34757,"rgba(245,197,66,.28)",stroke,StylePicker inline styles + glodBook SVG (book cover art used in the glöd stage),",{x:""4.5"",y:""4.5"",width:""151"",height:""113"",rx:""7"",fill:""none"",stroke:""rgba(245,197,66,.28)"",strokeWidth:""1""})]}),(0,t.jsx)(""i"",{cl"
source/js/36s0t0o8ux5as.js,1958,#fff,bg,"Next.js default error page (framework, not Tale Forge)","""0"",color:""var(--next-error-digest)""}},l=` :root {   --next-error-bg: #fff;   --next-error-text: #171717;   --next"
source/js/36s0t0o8ux5as.js,1985,#171717,text,"Next.js default error page (framework, not Tale Forge)","-digest)""}},l=` :root {   --next-error-bg: #fff;   --next-error-text: #171717;   --next-error-title: #171717;   --nex"
source/js/36s0t0o8ux5as.js,2016,#171717,title,"Next.js default error page (framework, not Tale Forge)",t-error-bg: #fff;   --next-error-text: #171717;   --next-error-title: #171717;   --next-error-message: #171717;   --n
source/js/36s0t0o8ux5as.js,2049,#171717,message,"Next.js default error page (framework, not Tale Forge)",text: #171717;   --next-error-title: #171717;   --next-error-message: #171717;   --next-error-digest: #666666;   --ne
source/js/36s0t0o8ux5as.js,2081,#666666,digest,"Next.js default error page (framework, not Tale Forge)",tle: #171717;   --next-error-message: #171717;   --next-error-digest: #666666;   --next-error-btn-text: #fff;   --nex
source/js/36s0t0o8ux5as.js,2115,#fff,text,"Next.js default error page (framework, not Tale Forge)",ge: #171717;   --next-error-digest: #666666;   --next-error-btn-text: #fff;   --next-error-btn-bg: #171717;   --ne
source/js/36s0t0o8ux5as.js,2144,#171717,bg,"Next.js default error page (framework, not Tale Forge)",igest: #666666;   --next-error-btn-text: #fff;   --next-error-btn-bg: #171717;   --next-error-btn-border: none;   --n
source/js/36s0t0o8ux5as.js,2221,#171717,text,"Next.js default error page (framework, not Tale Forge)",;   --next-error-btn-border: none;   --next-error-btn-secondary-text: #171717;   --next-error-btn-secondary-bg: trans
source/js/36s0t0o8ux5as.js,2323,"rgba(0,0,0,0.08)",,"Next.js default error page (framework, not Tale Forge)","ndary-bg: transparent;   --next-error-btn-secondary-border: 1px solid rgba(0,0,0,0.08); } @media (prefers-color-scheme: dark) "
source/js/36s0t0o8ux5as.js,2412,#0a0a0a,bg,"Next.js default error page (framework, not Tale Forge)", @media (prefers-color-scheme: dark) {   :root {     --next-error-bg: #0a0a0a;     --next-error-text: #ededed;     --
source/js/36s0t0o8ux5as.js,2444,#ededed,text,"Next.js default error page (framework, not Tale Forge)",ark) {   :root {     --next-error-bg: #0a0a0a;     --next-error-text: #ededed;     --next-error-title: #ededed;     -
source/js/36s0t0o8ux5as.js,2477,#ededed,title,"Next.js default error page (framework, not Tale Forge)",-bg: #0a0a0a;     --next-error-text: #ededed;     --next-error-title: #ededed;     --next-error-message: #ededed;    
source/js/36s0t0o8ux5as.js,2512,#ededed,message,"Next.js default error page (framework, not Tale Forge)",: #ededed;     --next-error-title: #ededed;     --next-error-message: #ededed;     --next-error-digest: #a0a0a0;     
source/js/36s0t0o8ux5as.js,2546,#a0a0a0,digest,"Next.js default error page (framework, not Tale Forge)", #ededed;     --next-error-message: #ededed;     --next-error-digest: #a0a0a0;     --next-error-btn-text: #0a0a0a;   
source/js/36s0t0o8ux5as.js,2582,#0a0a0a,text,"Next.js default error page (framework, not Tale Forge)",#ededed;     --next-error-digest: #a0a0a0;     --next-error-btn-text: #0a0a0a;     --next-error-btn-bg: #ededed;     
source/js/36s0t0o8ux5as.js,2616,#ededed,bg,"Next.js default error page (framework, not Tale Forge)",#a0a0a0;     --next-error-btn-text: #0a0a0a;     --next-error-btn-bg: #ededed;     --next-error-btn-border: none;    
source/js/36s0t0o8ux5as.js,2697,#ededed,text,"Next.js default error page (framework, not Tale Forge)",  --next-error-btn-border: none;     --next-error-btn-secondary-text: #ededed;     --next-error-btn-secondary-bg: tra
source/js/36s0t0o8ux5as.js,2803,"rgba(255,255,255,0.14)",,"Next.js default error page (framework, not Tale Forge)","ary-bg: transparent;     --next-error-btn-secondary-border: 1px solid rgba(255,255,255,0.14);   } } body { margin: 0; color: var(--n"
source/js/3d9nxlx1n5pdy.js,10007,#f5c542,stopColor,landing: how-it-works map SVG gradients (path + medallion ring),"""0"",x2:d.x2,y2:d.y2,children:[(0,a.jsx)(""stop"",{offset:""0"",stopColor:""#f5c542""}),(0,a.jsx)(""stop"",{offset:""1"",stopCol"
source/js/3d9nxlx1n5pdy.js,10058,#9b87f5,stopColor,landing: how-it-works map SVG gradients (path + medallion ring),"set:""0"",stopColor:""#f5c542""}),(0,a.jsx)(""stop"",{offset:""1"",stopColor:""#9b87f5""})]}),(0,a.jsxs)(""linearGradient"",{id:`"
source/js/3d9nxlx1n5pdy.js,10194,#f5c542,stopColor,landing: how-it-works map SVG gradients (path + medallion ring),"1:""0"",x2:""1"",y2:""1"",children:[(0,a.jsx)(""stop"",{offset:""0"",stopColor:""#f5c542""}),(0,a.jsx)(""stop"",{offset:""1"",stopCol"
source/js/3d9nxlx1n5pdy.js,10245,#6D4FE0,stopColor,landing: how-it-works map SVG gradients (path + medallion ring),"set:""0"",stopColor:""#f5c542""}),(0,a.jsx)(""stop"",{offset:""1"",stopColor:""#6D4FE0""})]}),(0,a.jsx)(""clipPath"",{id:`${n}-co"
