beatId,slot,hasChoice,choiceKind,words,sentences,paragraphs,meanSentenceWords,medianSentenceWords,maxSentenceWords,minSentenceWords,longWordShare,LIX,dialogueLines,dialogueShare,narrationPastTenseProbeHits,narrationPresentTenseProbeHits,mp3DurationS,jsonAudioMetaMs,wpmVsMp3
S1,1,False,,128,15,5,8.53,9,12,2,0.133,21.8,3,0.375,13,0,67.08,34596,114.5
S2,2,True,path,114,14,5,8.14,8,16,4,0.14,22.2,3,0.132,16,0,67.464,41457,101.4
S3A,3,False,,110,12,4,9.17,10,12,4,0.209,30.1,2,0.127,17,0,64.32,40515,102.6
S3B,3,False,,106,12,4,8.83,10,14,3,0.198,28.6,2,0.066,18,0,66.12,28008,96.2
S4A,4,True,ordeal,100,12,4,8.33,9,14,4,0.16,24.3,2,0.14,14,0,53.304,28627,112.6
S4B,4,True,ordeal,102,12,4,8.5,8,14,4,0.206,29.1,2,0.127,15,0,57.264,28805,106.9
S5AA,5,False,,107,12,4,8.92,10,18,4,0.178,26.7,0,0.0,17,0,62.304,26155,103.0
S5AB,5,False,,103,13,4,7.92,7,13,4,0.243,32.2,0,0.0,20,0,63.24,29967,97.7
S5BA,5,False,,114,12,4,9.5,9,17,3,0.228,32.3,0,0.0,17,0,69.192,32139,98.9
S5BB,5,False,,107,14,5,7.64,6,16,3,0.243,31.9,1,0.009,18,0,65.064,35581,98.7
S6AA,6,False,,110,13,4,8.46,8,13,5,0.164,24.8,1,0.082,16,0,63.624,27419,103.7
S6AB,6,False,,105,12,4,8.75,8,15,5,0.181,26.8,1,0.067,17,0,65.64,30485,96.0
S6BA,6,False,,103,12,4,8.58,9,15,5,0.204,29.0,1,0.049,17,0,58.56,27711,105.5
S6BB,6,False,,105,13,4,8.08,7,12,5,0.229,30.9,2,0.124,17,0,72.552,30740,86.8
