element,class,data-testid,inline style,pages (dom__<page>__<lang>),example text
a,,,display: inline-flex; align-items: center; justify-content: center; gap: 7px; min-height: 44px; max-width: 100%; box-sizing: border-box; padding: 0px 10px; border-radius: 999px; border: 1.5px solid var(--card-line); color: var(--card-sub); font-family: var(--ui); font-weight: 700; font-size: 0.82rem; line-height: 1; white-space: nowrap; text-decoration: none;,404__en 404__sv home__en home__sv integritet__en integritet__sv login__en login__sv signup__en signup__sv start__en start__sv uppgradera__en uppgradera__sv villkor__en villkor__sv,Login
div,language-switcher,,display:inline-flex;align-items:center;gap:2px;padding:3px;border-radius:999px;border:1.5px solid var(--card-line);font-family:var(--ui),404__en 404__sv home__en home__sv integritet__en integritet__sv login__en login__sv signup__en signup__sv start__en start__sv uppgradera__en uppgradera__sv villkor__en villkor__sv,SV EN
button,,,padding:5px 11px;border-radius:999px;border:none;background:transparent;color:var(--card-sub);font-family:var(--ui);font-weight:700;font-size:.82rem;letter-spacing:.02em;cursor:pointer;min-height:44px;min-width:44px,404__en 404__sv home__en home__sv integritet__en integritet__sv login__en login__sv signup__en signup__sv start__en start__sv uppgradera__en uppgradera__sv villkor__en villkor__sv,SV
button,,,padding:5px 11px;border-radius:999px;border:none;background:var(--accent);color:var(--btn-ink);font-family:var(--ui);font-weight:800;font-size:.82rem;letter-spacing:.02em;cursor:default;min-height:44px;min-width:44px,404__en 404__sv home__en home__sv integritet__en integritet__sv login__en login__sv signup__en signup__sv start__en start__sv uppgradera__en uppgradera__sv villkor__en villkor__sv,EN
span,,beta-build-label,padding:2px 7px;border:1px solid var(--card-line);border-radius:999px;font-family:var(--ui);font-size:.7rem;letter-spacing:.03em;opacity:0.8,404__en 404__sv home__en home__sv integritet__en integritet__sv login__en login__sv signup__en signup__sv start__en start__sv uppgradera__en uppgradera__sv villkor__en villkor__sv,Beta
span,,footer-version,color:var(--card-sub);opacity:0.85;font-size:.8rem,404__en 404__sv home__en home__sv integritet__en integritet__sv login__en login__sv signup__en signup__sv start__en start__sv uppgradera__en uppgradera__sv villkor__en villkor__sv,Version 16ab1756 · 26 Sep 2026
p,,,margin:-12px 0 20px;font-family:var(--ui);font-size:.92rem;color:var(--card-sub);line-height:1.5,home__en home__sv,The one every story is about.
span,,,margin-top:14px;font-family:var(--ui);font-size:.72rem;color:var(--card-sub),home__en home__sv,Made with AI
p,lede,,margin-bottom:18px;font-size:1.02rem;color:var(--card-sub),integritet__en integritet__sv villkor__en villkor__sv,How we look after your child's information. The same text appears in English and
span,,,display:inline-block;margin-top:8px;padding:4px 12px;border-radius:999px;font-family:var(--ui);font-weight:800;font-size:.78rem;letter-spacing:.08em;text-transform:uppercase;background:var(--choice-bg);color:var(--card-sub);border:1px solid var(--card-line),integritet__en integritet__sv villkor__en villkor__sv,English
h3,,,margin:26px 0 8px;font-family:var(--ui);font-weight:800;font-size:1.02rem;color:var(--card-ink),integritet__en integritet__sv villkor__en villkor__sv,In short
a,,,color:var(--accent);font-weight:700;text-decoration:underline,integritet__en integritet__sv login__en login__sv signup__en signup__sv villkor__en villkor__sv,your account
p,lede,,margin-bottom:24px;font-size:1rem;color:var(--card-sub),login__en login__sv signup__en signup__sv,Welcome back.
div,,,display:flex;align-items:center;gap:12px;margin:20px 0;color:var(--card-sub);font-family:var(--ui);font-size:.85rem,login__en login__sv signup__en signup__sv,or
label,,,display:block;margin-bottom:8px;font-family:var(--ui);font-weight:700;font-size:.9rem;color:var(--card-sub),login__en login__sv signup__en signup__sv,Email
input,,,width: 100%; padding: 14px 14px 14px 44px; border-radius: 14px; border: 1.5px solid var(--card-line); background: var(--choice-bg); color: var(--card-ink); font-family: var(--ui); font-size: 1rem;,login__en login__sv signup__en signup__sv,
input,,,width: 100%; padding: 14px 44px; border-radius: 14px; border: 1.5px solid var(--card-line); background: var(--choice-bg); color: var(--card-ink); font-family: var(--ui); font-size: 1rem;,login__en login__sv signup__en signup__sv,
button,,,border:0;background:none;padding:4px 0;color:var(--accent);font-family:var(--ui);font-weight:700;text-decoration:underline;cursor:pointer,login__en login__sv,Forgot password?
p,,,margin-top:22px;text-align:center;font-family:var(--ui);font-size:.92rem;color:var(--card-sub),login__en login__sv signup__en signup__sv,No account yet? Create one
label,,,display:flex;align-items:center;gap:12px;min-height:44px;margin-bottom:2px;font-family:var(--ui);font-size:16px;line-height:1.45;color:var(--card-sub);cursor:pointer,signup__en signup__sv,I am the child's parent or guardian and I accept the privacy notice .
input,,,width: 24px; height: 24px; flex-shrink: 0; font-size: 16px; accent-color: var(--accent); cursor: pointer;,signup__en signup__sv,
a,,,display:inline-flex;align-items:center;min-height:44px;padding:0 4px;font-family:var(--ui);font-size:.9rem;color:var(--accent);font-weight:700;text-decoration:underline,signup__en signup__sv,Read the privacy notice
p,,,font-family:var(--ui);font-size:.95rem;color:var(--card-sub);line-height:1.55;margin-bottom:0,uppgradera__en uppgradera__sv,"New personalized books every month, in a world that remembers. No lock-in, cance"
ul,upgrade-proof-list,,font-family:var(--ui);font-size:.95rem;color:var(--card-ink);line-height:1.7;list-style:none;margin:0 0 18px;padding:0;margin-bottom:0,uppgradera__en uppgradera__sv,Personalized illustrated storybooks Narration for every story Meaningful choices
p,,,font-family:var(--ui);font-size:.95rem;color:var(--card-sub);line-height:1.55;margin-bottom:12px,uppgradera__en uppgradera__sv,For the family that wants to keep telling stories together.
p,,,font-family:var(--display);font-size:1.6rem;font-weight:700;color:var(--card-ink);margin-bottom:4px,uppgradera__en uppgradera__sv,$149.00 per year
ul,,,font-family:var(--ui);font-size:.95rem;color:var(--card-ink);line-height:1.7;list-style:none;margin:0 0 18px;padding:0,uppgradera__en uppgradera__sv,"3 new books every month, unused roll over Up to 4 children"
p,,,font-family:var(--ui);font-size:.95rem;color:var(--card-sub);line-height:1.55;margin-bottom:16px;font-weight:700,uppgradera__en uppgradera__sv,"14 days free, cancel anytime. Card required."
