file,offset,element,className,testid,const,fontFamily,fontSize,fontWeight,lineHeight,letterSpacing,textTransform,fontStyle,textDecoration,textShadow,textAlign,whiteSpace,color,raw
source/js/0ad0wel9cyv30.js,7301,,,,E,var(--ui),16px,,1.45,,,,,,left,,var(--card-sub),"{display:""flex"",alignItems:""center"",gap:""12px"",minHeight:""44px"",fontFamily:""var(--ui)"",fontSize:""16px"",lineHeight:1.45,color:""var(--card-sub)"",cursor:""pointer"",textAlign:""left""}"
source/js/0ad0wel9cyv30.js,7481,,,,P,,16px,,,,,,,,,,,"{width:""24px"",height:""24px"",flexShrink:0,fontSize:""16px"",accentColor:""var(--accent)"",cursor:""pointer""}"
source/js/0ad0wel9cyv30.js,7586,,,,B,var(--ui),.9rem,700,,,,,underline,,,,var(--accent),"{display:""inline-flex"",alignItems:""center"",minHeight:""44px"",padding:""0 4px"",fontFamily:""var(--ui)"",fontSize:"".9rem"",color:""var(--accent)"",fontWeight:700,textDecoration:""underline""}"
source/js/0ad0wel9cyv30.js,18370,p,,,,var(--ui),.95rem,,,,,,,,,,var(--card-sub),"{margin:0,fontFamily:""var(--ui)"",fontSize:"".95rem"",color:""var(--card-sub)""}"
source/js/0ad0wel9cyv30.js,20874,p,,s1-account-ready,,var(--ui),.9rem,,1.4,,,,,,,,var(--card-sub),"{margin:""0 0 4px"",fontFamily:""var(--ui)"",fontSize:"".9rem"",lineHeight:1.4,color:""var(--card-sub)""}"
source/js/0ad0wel9cyv30.js,21529,p,,,,var(--ui),.85rem,,1.4,,,,,,,,var(--card-sub),"{margin:""10px 0 4px"",fontFamily:""var(--ui)"",fontSize:"".85rem"",lineHeight:1.4,color:""var(--card-sub)""}"
source/js/0ad0wel9cyv30.js,24139,,,,,var(--ui),,,,,,,,,left,,var(--card-ink),"{width:""100%"",background:""transparent"",textAlign:""left"",fontFamily:""var(--ui)"",color:""var(--card-ink)"",cursor:""pointer""}"
source/js/0ad0wel9cyv30.js,26467,span,,,,,1.3rem,,1,,,,,,,,,"{fontSize:""1.3rem"",lineHeight:1}"
source/js/0ad0wel9cyv30.js,47176,a,,,,,.9rem,700,,,,,underline,,,,var(--chip-ink),"{fontSize:"".9rem"",fontWeight:700,color:""var(--chip-ink)"",textDecoration:""underline""}"
source/js/0ad0wel9cyv30.js,48177,,,,eg,var(--ui),,,,,,,,,,,,"{display:""flex"",alignItems:""center"",gap:""14px"",maxWidth:""600px"",margin:""0 auto 22px"",padding:""10px 16px"",fontFamily:""var(--ui)""}"
source/js/0ad0wel9cyv30.js,48337,,,,eb,,.9rem,,1.4,,,,,,,,var(--card-sub),"{display:""grid"",gap:""2px"",fontSize:"".9rem"",lineHeight:1.4,color:""var(--card-sub)""}"
source/js/1hcx0qn-qjgfn.js,3518,,,,h,var(--ui),1rem,,,,,,,,,,var(--card-ink),"{width:""100%"",padding:""14px 14px 14px 44px"",borderRadius:""14px"",border:""1.5px solid var(--card-line)"",background:""var(--choice-bg)"",color:""var(--card-ink)"",fontFamily:""var(--ui)"",fontSize:""1rem""}"
source/js/1hcx0qn-qjgfn.js,3863,,,,m,var(--ui),.9rem,700,,,,,,,,,var(--card-sub),"{display:""block"",marginBottom:""8px"",fontFamily:""var(--ui)"",fontWeight:700,fontSize:"".9rem"",color:""var(--card-sub)""}"
source/js/1hcx0qn-qjgfn.js,6787,p,lede,,,,1rem,,,,,,,,,,var(--card-sub),"{marginBottom:""24px"",fontSize:""1rem"",color:""var(--card-sub)""}"
source/js/1hcx0qn-qjgfn.js,6931,div,,,,,.92rem,,,,,,,,,,var(--coral-chip-ink),"{marginBottom:""18px"",padding:""12px 14px"",borderRadius:""14px"",fontSize:"".92rem"",background:""var(--coral-chip-bg)"",color:""var(--coral-chip-ink)"",border:""1px solid var(--coral-chip-ink)""}"
source/js/1hcx0qn-qjgfn.js,7169,div,,,,,.92rem,,,,,,,,,,var(--gold-chip-ink),"{marginBottom:""18px"",padding:""12px 14px"",borderRadius:""14px"",fontSize:"".92rem"",background:""var(--gold-chip-bg)"",color:""var(--gold-chip-ink)"",border:""1px solid var(--gold-chip-ink)""}"
source/js/1hcx0qn-qjgfn.js,8314,div,,,,var(--ui),.85rem,,,,,,,,,,var(--card-sub),"{display:""flex"",alignItems:""center"",gap:""12px"",margin:""20px 0"",color:""var(--card-sub)"",fontFamily:""var(--ui)"",fontSize:"".85rem""}"
source/js/1hcx0qn-qjgfn.js,11320,,,,,var(--ui),,700,,,,,underline,,,,var(--accent),"{border:0,background:""none"",padding:""4px 0"",color:""var(--accent)"",fontFamily:""var(--ui)"",fontWeight:700,textDecoration:""underline"",cursor:""pointer""}"
source/js/1hcx0qn-qjgfn.js,11596,label,,,,var(--ui),16px,,1.45,,,,,,,,var(--card-sub),"{display:""flex"",alignItems:""center"",gap:""12px"",minHeight:""44px"",marginBottom:""2px"",fontFamily:""var(--ui)"",fontSize:""16px"",lineHeight:1.45,color:""var(--card-sub)"",cursor:""pointer""}"
source/js/1hcx0qn-qjgfn.js,11899,,,,,,16px,,,,,,,,,,,"{width:""24px"",height:""24px"",flexShrink:0,fontSize:""16px"",accentColor:""var(--accent)"",cursor:""pointer""}"
source/js/1hcx0qn-qjgfn.js,12179,,,,,var(--ui),.9rem,700,,,,,underline,,,,var(--accent),"{display:""inline-flex"",alignItems:""center"",minHeight:""44px"",padding:""0 4px"",fontFamily:""var(--ui)"",fontSize:"".9rem"",color:""var(--accent)"",fontWeight:700,textDecoration:""underline""}"
source/js/1hcx0qn-qjgfn.js,12835,p,,,,var(--ui),.92rem,,,,,,,,center,,var(--card-sub),"{marginTop:""22px"",textAlign:""center"",fontFamily:""var(--ui)"",fontSize:"".92rem"",color:""var(--card-sub)""}"
source/js/1hcx0qn-qjgfn.js,12999,,,,,,,700,,,,,underline,,,,var(--accent),"{color:""var(--accent)"",fontWeight:700,textDecoration:""underline""}"
source/js/26ye0kuppitcn.js,18889,,,,c,var(--ui),.95rem,,1.55,,,,,,,,var(--card-sub),"{fontFamily:""var(--ui)"",fontSize:"".95rem"",color:""var(--card-sub)"",lineHeight:1.55,marginBottom:""18px""}"
source/js/26ye0kuppitcn.js,18994,,,,u,var(--display),1.6rem,700,,,,,,,,,var(--card-ink),"{fontFamily:""var(--display)"",fontSize:""1.6rem"",fontWeight:700,color:""var(--card-ink)"",marginBottom:""4px""}"
source/js/26ye0kuppitcn.js,19102,,,,p,var(--ui),.95rem,,1.7,,,,,,,,var(--card-ink),"{fontFamily:""var(--ui)"",fontSize:"".95rem"",color:""var(--card-ink)"",lineHeight:1.7,listStyle:""none"",margin:""0 0 18px"",padding:0}"
source/js/26ye0kuppitcn.js,20477,div,,,,var(--ui),.92rem,,,,,,,,,,var(--coral-chip-ink),"{marginBottom:""18px"",padding:""12px 14px"",borderRadius:""14px"",fontSize:"".92rem"",fontFamily:""var(--ui)"",background:""var(--coral-chip-bg)"",color:""var(--coral-chip-ink)"",border:""1px solid var(--coral-chip-ink)""}"
source/js/26ye0kuppitcn.js,23348,p,,,,,,700,,,,,,,,,,"{...c,fontWeight:700,marginBottom:""16px""}"
source/js/2j_-r8q4tgdka.js,2272,,,,o,var(--ui),,,,,,,,,,,var(--card-ink),"{display:""flex"",flexDirection:""column"",gap:""16px"",padding:""28px 30px"",maxWidth:""560px"",fontFamily:""var(--ui)"",color:""var(--card-ink)""}"
source/js/2j_-r8q4tgdka.js,2409,,,,d,var(--ui),,,,,,,,,,,var(--card-ink),"{display:""flex"",flexDirection:""column"",gap:""10px"",padding:""20px 22px"",fontFamily:""var(--ui)"",color:""var(--card-ink)""}"
source/js/2j_-r8q4tgdka.js,4941,p,,,,,.98rem,,1.55,,,,,,,,,"{margin:0,fontSize:"".98rem"",lineHeight:1.55}"
source/js/2j_-r8q4tgdka.js,5084,a,,,,,.9rem,700,,,,,underline,,,,var(--chip-ink),"{display:""inline-flex"",alignItems:""center"",gap:""9px"",fontSize:"".9rem"",fontWeight:700,color:""var(--chip-ink)"",textDecoration:""underline""}"
source/js/2j_-r8q4tgdka.js,6144,span,,,,var(--display),1.35rem,700,,-.01em,,,,,,,,"{fontFamily:""var(--display)"",fontWeight:700,fontSize:""1.35rem"",letterSpacing:""-.01em""}"
source/js/2j_-r8q4tgdka.js,6309,p,,,,,.95rem,,1.6,,,,,,,,var(--card-sub),"{margin:0,fontSize:"".95rem"",lineHeight:1.6,color:""var(--card-sub)""}"
source/js/2j_-r8q4tgdka.js,6475,p,,job-rewriting,,,.9rem,600,1.55,,,,,,,,var(--gold-chip-ink),"{margin:0,fontSize:"".9rem"",lineHeight:1.55,color:""var(--gold-chip-ink)"",fontWeight:600}"
source/js/2j_-r8q4tgdka.js,6803,li,,,,,.95rem,n?700:400,,,,,,,,,"n?""var(--card-ink)"":""var(--card-sub)","{display:""flex"",alignItems:""center"",gap:""11px"",fontSize:"".95rem"",fontWeight:n?700:400,color:n?""var(--card-ink)"":""var(--card-sub)""}"
source/js/2j_-r8q4tgdka.js,6989,span,,,,,.72rem,800,,,,,,,,,"a||n?""var(--btn-ink)"":""var(--chip-ink)","{width:""22px"",height:""22px"",borderRadius:""999px"",flex:""none"",display:""grid"",placeItems:""center"",fontSize:"".72rem"",fontWeight:800,background:a||n?""var(--btn-grad)"":""var(--chip-bg)"",color:a||n?""var(--btn-ink)"":""var(--chip-ink)"",border:a||n?""none"":""1px solid var(--chip-line)""}"
source/js/2j_-r8q4tgdka.js,24042,,,,y,var(--ui),.92rem,700,1.3,,,,,"0 1px 3px rgba(0,0,0,.6)",center,,#fff,"{position:""absolute"",left:0,right:0,bottom:0,display:""block"",padding:""30px 10px 11px"",textAlign:""center"",fontFamily:""var(--ui)"",fontSize:"".92rem"",fontWeight:700,color:""#fff"",lineHeight:1.3,background:""linear-gradient(180deg, rgba(10,10,20,0) 0%, rgba(10,10,20,.72) 55%)"",textShadow:""0 1px 3px rgba(0,0,0,.6)""}"
source/js/2j_-r8q4tgdka.js,24354,,,,v,var(--ui),.72rem,800,1,,,,,,,,var(--gold-chip-ink),"{position:""absolute"",top:""10px"",right:""10px"",zIndex:2,display:""inline-flex"",alignItems:""center"",minHeight:""26px"",padding:""3px 9px"",border:""1px solid var(--gold)"",borderRadius:""999px"",background:""var(--gold-chip-bg)"",color:""var(--gold-chip-ink)"",fontFamily:""var(--ui)"",fontSize:"".72rem"",fontWeight:800,lineHeight:1,boxShadow:""0 3px 12px rgba(0, 0, 0, .28)""}"
source/js/2j_-r8q4tgdka.js,25174,,,,,var(--ui),,,,,,,,,center,,#fff,"{position:""relative"",aspectRatio:""3 / 2"",background:""var(--choice-bg)"",fontFamily:""var(--ui)"",color:""#fff"",border:""none"",borderRadius:""18px"",overflow:""hidden"",padding:0,cursor:""pointer"",textAlign:""center"",transform:o?""scale(1.02)"":void 0,boxShadow:o?""inset 0 0 0 2px var(--gold), 0 4px 20px -10px var(--gold)"":""inset 0 0 0 1px var(--card-line)"",transition:""transform .2s ease, box-shadow .3s ease""}"
source/js/36s0t0o8ux5as.js,422,,,,,"'system-ui,""Segoe UI"",Roboto,Helvetica,Arial,sans-serif,""Apple Color Emoji"",""Segoe UI Emoji""'",,,,,,,,,,,,"{fontFamily:'system-ui,""Segoe UI"",Roboto,Helvetica,Arial,sans-serif,""Apple Color Emoji"",""Segoe UI Emoji""',height:""100vh"",display:""flex"",alignItems:""center"",justifyContent:""center""}"
source/js/36s0t0o8ux5as.js,715,,,,,,24px,500,32px,-0.02em,,,,,,,var(--next-error-title),"{fontSize:""24px"",fontWeight:500,letterSpacing:""-0.02em"",lineHeight:""32px"",margin:""0 0 12px 0"",color:""var(--next-error-title)""}"
source/js/36s0t0o8ux5as.js,850,,,,,,14px,400,21px,,,,,,,,var(--next-error-message),"{fontSize:""14px"",fontWeight:400,lineHeight:""21px"",margin:""0 0 20px 0"",color:""var(--next-error-message)""}"
source/js/36s0t0o8ux5as.js,1037,,,,,,14px,500,20px,,,,,,,,var(--next-error-btn-text),"{display:""inline-flex"",alignItems:""center"",justifyContent:""center"",height:""32px"",padding:""0 12px"",fontSize:""14px"",fontWeight:500,lineHeight:""20px"",borderRadius:""6px"",cursor:""pointer"",color:""var(--next-error-btn-text)"",background:""var(--next-error-btn-bg)"",border:""var(--next-error-btn-border)""}"
source/js/36s0t0o8ux5as.js,1348,,,,,,14px,500,20px,,,,,,,,var(--next-error-btn-secondary-text),"{display:""inline-flex"",alignItems:""center"",justifyContent:""center"",height:""32px"",padding:""0 12px"",fontSize:""14px"",fontWeight:500,lineHeight:""20px"",borderRadius:""6px"",cursor:""pointer"",color:""var(--next-error-btn-secondary-text)"",background:""var(--next-error-btn-secondary-bg)"",border:""var(--next-error-btn-secondary-border)""}"
source/js/36s0t0o8ux5as.js,1686,,,,,"'ui-monospace,SFMono-Regular,""SF Mono"",Menlo,Consolas,monospace'",12px,400,18px,,,,,,center,,var(--next-error-digest),"{position:""fixed"",bottom:""32px"",left:""0"",right:""0"",textAlign:""center"",fontFamily:'ui-monospace,SFMono-Regular,""SF Mono"",Menlo,Consolas,monospace',fontSize:""12px"",lineHeight:""18px"",fontWeight:400,margin:""0"",color:""var(--next-error-digest)""}"
source/js/36tbz-w9v-p8v.js,1287,p,prose-plain,reader-made-with-ai,,,.8rem,,,,,,,,,,var(--card-sub),"{color:""var(--card-sub)"",fontSize:"".8rem"",margin:0}"
source/js/36tbz-w9v-p8v.js,2162,p,,,,,.9rem,,,,,,,,,,var(--card-sub),"{margin:0,fontSize:"".9rem"",color:""var(--card-sub)""}"
source/js/36tbz-w9v-p8v.js,2309,p,,page-illustration-dev-models,,,.78rem,,,,,,,,,,var(--card-sub),"{margin:""6px 12px 0"",fontSize:"".78rem"",color:""var(--card-sub)""}"
source/js/36tbz-w9v-p8v.js,10156,p,,reader-feedback-thanks,,var(--ui),.92rem,,1.5,,,,,,,,var(--card-sub),"{borderTop:""1px solid var(--card-line)"",paddingTop:""18px"",color:""var(--card-sub)"",fontFamily:""var(--ui)"",fontSize:"".92rem"",lineHeight:1.5}"
source/js/36tbz-w9v-p8v.js,10615,p,,,,var(--ui),.82rem,700,,,,,,,,,var(--card-sub),"{color:""var(--card-sub)"",fontFamily:""var(--ui)"",fontSize:"".82rem"",fontWeight:700}"
source/js/36tbz-w9v-p8v.js,10826,legend,,,,var(--serif),1.05rem,600,1.55,,,,,,,,var(--card-ink),"{maxWidth:""100%"",padding:0,fontFamily:""var(--serif)"",fontSize:""1.05rem"",fontWeight:600,lineHeight:1.55,color:""var(--card-ink)""}"
source/js/36tbz-w9v-p8v.js,11184,,,,,,.95rem,,,,,,,,,,,"{minHeight:""44px"",padding:""10px 22px"",fontSize:"".95rem""}"
source/js/36tbz-w9v-p8v.js,11404,,,,,,.95rem,,,,,,,,,,,"{minHeight:""44px"",padding:""10px 22px"",fontSize:"".95rem""}"
source/js/36tbz-w9v-p8v.js,11635,legend,,,,var(--ui),.88rem,,1.5,,,,,,,,var(--card-sub),"{maxWidth:""100%"",padding:0,color:""var(--card-sub)"",fontFamily:""var(--ui)"",fontSize:"".88rem"",lineHeight:1.5}"
source/js/36tbz-w9v-p8v.js,11998,label,,,,var(--ui),.88rem,,1.35,,,,,,,,"a?""var(--trait-on-ink)"":""var(--trait-ink)","{minHeight:""44px"",display:""flex"",alignItems:""center"",gap:""10px"",padding:""9px 12px"",border:""1px solid var(--trait-line)"",borderRadius:""8px"",background:a?""var(--trait-on-bg)"":""transparent"",color:a?""var(--trait-on-ink)"":""var(--trait-ink)"",fontFamily:""var(--ui)"",fontSize:"".88rem"",lineHeight:1.35,cursor:r?""not-allowed"":""pointer"",opacity:r?.55:1}"
source/js/36tbz-w9v-p8v.js,12819,label,,,,var(--ui),.88rem,,1.5,,,,,,,,var(--card-sub),"{color:""var(--card-sub)"",fontFamily:""var(--ui)"",fontSize:"".88rem"",lineHeight:1.5}"
source/js/36tbz-w9v-p8v.js,13045,,,,,var(--ui),1rem,,1.5,,,,,,,,var(--choice-ink),"{width:""100%"",minHeight:""112px"",resize:""vertical"",border:""1px solid var(--choice-line)"",borderRadius:""8px"",padding:""12px"",background:""var(--choice-bg)"",color:""var(--choice-ink)"",fontFamily:""var(--ui)"",fontSize:""1rem"",lineHeight:1.5}"
source/js/36tbz-w9v-p8v.js,13362,button,btn btn-primary,,,,.95rem,,,,,,,,,,,"{alignSelf:""flex-start"",minHeight:""44px"",padding:""10px 22px"",fontSize:"".95rem""}"
source/js/36tbz-w9v-p8v.js,13529,p,,,,var(--ui),.88rem,,,,,,,,,,var(--card-sub),"{color:""var(--card-sub)"",fontFamily:""var(--ui)"",fontSize:"".88rem""}"
source/js/36tbz-w9v-p8v.js,13658,p,,,,var(--ui),.88rem,,1.5,,,,,,,,var(--coral-chip-ink),"{color:""var(--coral-chip-ink)"",fontFamily:""var(--ui)"",fontSize:"".88rem"",lineHeight:1.5}"
source/js/36tbz-w9v-p8v.js,17790,p,,parent-feedback-thanks,,var(--ui),.92rem,,1.5,,,,,,,,var(--card-sub),"{borderTop:""1px solid var(--card-line)"",paddingTop:""18px"",color:""var(--card-sub)"",fontFamily:""var(--ui)"",fontSize:"".92rem"",lineHeight:1.5}"
source/js/36tbz-w9v-p8v.js,18193,p,,,,var(--ui),.82rem,700,,,,,,,,,var(--card-sub),"{margin:0,color:""var(--card-sub)"",fontFamily:""var(--ui)"",fontSize:"".82rem"",fontWeight:700}"
source/js/36tbz-w9v-p8v.js,18350,p,prose-plain,,,,1.05rem,600,1.55,,,,,,,,var(--card-ink),"{margin:0,fontSize:""1.05rem"",fontWeight:600,lineHeight:1.55,color:""var(--card-ink)""}"
source/js/36tbz-w9v-p8v.js,18659,,,,,,.95rem,,,,,,,,,,,"{minHeight:""44px"",padding:""10px 22px"",fontSize:"".95rem""}"
source/js/36tbz-w9v-p8v.js,18876,,,,,,.95rem,,,,,,,,,,,"{minHeight:""44px"",padding:""10px 22px"",fontSize:"".95rem""}"
source/js/36tbz-w9v-p8v.js,19017,p,,,,var(--ui),.88rem,,,,,,,,,,var(--card-sub),"{margin:0,color:""var(--card-sub)"",fontFamily:""var(--ui)"",fontSize:"".88rem""}"
source/js/36tbz-w9v-p8v.js,19155,p,,,,var(--ui),.88rem,,1.5,,,,,,,,var(--coral-chip-ink),"{margin:0,color:""var(--coral-chip-ink)"",fontFamily:""var(--ui)"",fontSize:"".88rem"",lineHeight:1.5}"
source/js/390j9gbq0u9ce.js,23394,,,,d,var(--ui),.82rem,700,1,,,,none,,,nowrap,var(--card-sub),"{display:""inline-flex"",alignItems:""center"",justifyContent:""center"",gap:""7px"",minHeight:""44px"",maxWidth:""100%"",boxSizing:""border-box"",padding:""0 10px"",borderRadius:""999px"",border:""1.5px solid var(--card-line)"",color:""var(--card-sub)"",fontFamily:""var(--ui)"",fontWeight:700,fontSize:"".82rem"",lineHeight:1,whiteSpace:""nowrap"",textDecoration:""none""}"
source/js/390j9gbq0u9ce.js,26696,,,,l,var(--ui),,,,,,,,,,,,"{display:""inline-flex"",alignItems:""center"",gap:""2px"",padding:""3px"",borderRadius:""999px"",border:""1.5px solid var(--card-line)"",fontFamily:""var(--ui)""}"
source/js/390j9gbq0u9ce.js,27271,,,,,var(--ui),.82rem,a?800:700,,.02em,,,,,,,"a?""var(--btn-ink)"":""var(--card-sub)","{padding:""5px 11px"",borderRadius:""999px"",border:""none"",background:a?""var(--accent)"":""transparent"",color:a?""var(--btn-ink)"":""var(--card-sub)"",fontFamily:""var(--ui)"",fontWeight:a?800:700,fontSize:"".82rem"",letterSpacing:"".02em"",cursor:a?""default"":""pointer"",minHeight:""44px"",minWidth:""44px""}"
