source,lines,query,selectors,declarations
source/css/3q17cp_jgfwol.pretty.css,746-767,@media (max-width: 560px),.logo ; .logo img ; .shell > nav ; .nav-right ; .nav-cta,.logo {letter-spacing: 1.5px} | .logo {gap: 8px} | .logo {font-size: 1.05rem} | .logo img {width: 28px} | .logo img {height: 28px} | .shell > nav {gap: 8px} | .shell > nav {padding: 14px 0} | .nav-right {gap: 8px} | .nav-cta {padding: 9px 14px} | .nav-cta {font-size: 0.85rem}
source/css/3q17cp_jgfwol.pretty.css,1641-1733,@media (max-width: 760px),".create-adventure-picker--desktop ; .create-adventure-picker--mobile ; .mobile-adv.adv ; .mobile-adv:hover ; .mobile-adv.adv .adv-art ; .mobile-adv .adv-title ; .mobile-adv-difference ; .mobile-adv-details ; .mobile-adv-details summary ; .mobile-adv-details summary::-webkit-details-marker ; .mobile-adv-details summary:after ; .mobile-adv-details[open] summary:after ; .mobile-adv-detail-copy ; .mobile-adv-detail-copy > .adv-sub, .mobile-adv-detail-copy > .adv-why ; .mobile-adv .adv-sub ; .mobile-adv .adv-why ; .mobile-adv.adv .btn ; .mobile-adv .btn:disabled",".create-adventure-picker--desktop {display: none} | .create-adventure-picker--mobile {grid-template-columns: 1fr} | .create-adventure-picker--mobile {gap: 14px} | .create-adventure-picker--mobile {display: grid} | .mobile-adv.adv {flex-direction: column} | .mobile-adv.adv {gap: 10px} | .mobile-adv.adv {padding: 16px} | .mobile-adv.adv {display: flex} | .mobile-adv:hover {transform: none} | .mobile-adv.adv .adv-art {aspect-ratio: auto} | .mobile-adv.adv .adv-art {border-radius: 25px 25px 0 0} | .mobile-adv.adv .adv-art {grid-area: auto} | .mobile-adv.adv .adv-art {width: auto} | .mobile-adv.adv .adv-art {height: 112px} | .mobile-adv.adv .adv-art {min-height: 0} | .mobile-adv.adv .adv-art {margin: -16px -16px 0} | .mobile-adv .adv-title {margin: 0} | .mobile-adv-difference {color: var(--card-sub)} | .mobile-adv-difference {margin: 0} | .mobile-adv-difference {font-size: 0.95rem} | .mobile-adv-difference {line-height: 1.45} | .mobile-adv-details {color: var(--card-sub)} | .mobile-adv-details {font-size: 0.875rem} | .mobile-adv-details summary {cursor: pointer} | .mobile-adv-details summary {min-height: 44px} | .mobile-adv-details summary {font-family: var(--ui)} | .mobile-adv-details summary {justify-content: space-between} | .mobile-adv-details summary {align-items: center} | .mobile-adv-details summary {gap: 12px} | .mobile-adv-details summary {font-weight: 700} | .mobile-adv-details summary {display: flex} | .mobile-adv-details summary::-webkit-details-marker {display: none} | .mobile-adv-details summary:after {content: ""+""} | .mobile-adv-details summary:after {text-align: center} | .mobile-adv-details summary:after {flex: none} | .mobile-adv-details summary:after {width: 24px} | .mobile-adv-details summary:after {font-size: 1.15rem} | .mobile-adv-details[open] summary:after {content: ""-""} | .mobile-adv-detail-copy {gap: 6px} | .mobile-adv-detail-copy {padding: 2px 0 8px} | .mobile-adv-detail-copy {display: grid} | .mobile-adv-detail-copy > .adv-sub, .mobile-adv-detail-copy > .adv-why {grid-area: auto} | .mobile-adv .adv-sub {flex: none} | .mobile-adv .adv-sub {font-size: 0.9rem} | .mobile-adv .adv-why {font-size: 0.875rem} | .mobile-adv.adv .btn {grid-area: auto} | .mobile-adv.adv .btn {justify-content: center} | .mobile-adv.adv .btn {align-self: stretch} | .mobile-adv.adv .btn {width: 100%} | .mobile-adv.adv .btn {min-height: 46px} | .mobile-adv .btn:disabled {cursor: not-allowed} | .mobile-adv .btn:disabled {opacity: 0.5} | .mobile-adv .btn:disabled {box-shadow: none} | .mobile-adv .btn:disabled {transform: none}"
source/css/3q17cp_jgfwol.pretty.css,1737-1741,@media (max-width: 760px),.styles-grid,".styles-grid {grid-template-columns: repeat(2, 1fr)}"
source/css/3q17cp_jgfwol.pretty.css,1779-1783,@media (max-width: 880px),.reader-grid--cover,.reader-grid--cover {grid-template-columns: 1fr}
source/css/3q17cp_jgfwol.pretty.css,2085-2091,@media (prefers-reduced-motion: no-preference),.reader-img,".reader-img {transition: width 0.3s, aspect-ratio 0.3s}"
source/css/3q17cp_jgfwol.pretty.css,2243-2275,@media (max-width: 880px),".hero ; .fan ; .builder-grid ; .builder ; .trait-row ; .reader-grid, .choice-row ; .sound-foot ; .tt-opt",".hero {grid-template-columns: 1fr} | .hero {min-height: auto} | .hero {padding-top: 3vh} | .fan {height: 340px} | .fan {margin-top: 8px} | .builder-grid {grid-template-columns: 1fr} | .builder {text-align: center} | .builder {flex-direction: column} | .builder {align-items: center} | .trait-row {justify-content: center} | .reader-grid, .choice-row {grid-template-columns: 1fr} | .sound-foot {flex-direction: column} | .sound-foot {align-items: stretch} | .tt-opt {padding: 8px 10px}"
source/css/3q17cp_jgfwol.pretty.css,2276-2285,@media (max-width: 768px),.shell > nav ; .nav-right,.shell > nav {flex-wrap: wrap} | .nav-right {flex-wrap: wrap} | .nav-right {justify-content: flex-end} | .nav-right {margin-left: auto}
source/css/3q17cp_jgfwol.pretty.css,2286-2348,@media (max-width: 560px),.nav-right ; .tt-opt ; .reader-body ; .reader-title ; .reader-img ; .reader-grid--cover .reader-img ; .reader-narration ; .reader-grid--cover .cta-row ; .reader-grid--cover .btn ; .reader-keepsake-head ; .reader-keepsake-cover ; .reader-ceremony-title ; .friend-mode-options ; .friend-mode-option ; .friend-photo-step ; .friend-photo-step > .btn,".nav-right {gap: 6px} | .tt-opt {gap: 0} | .tt-opt {padding: 8px} | .tt-opt {font-size: 0} | .reader-body {padding: 24px 20px} | .reader-title {font-size: 1.55rem} | .reader-img {aspect-ratio: 16/9} | .reader-grid--cover .reader-img {aspect-ratio: 848/1264} | .reader-grid--cover .reader-img {justify-self: center} | .reader-grid--cover .reader-img {width: min(300px, 100%)} | .reader-narration {margin-top: 12px} | .reader-grid--cover .cta-row {grid-template-columns: 1fr} | .reader-grid--cover .cta-row {width: 100%} | .reader-grid--cover .cta-row {display: grid} | .reader-grid--cover .btn {justify-content: center} | .reader-grid--cover .btn {width: 100%} | .reader-keepsake-head {flex-wrap: nowrap} | .reader-keepsake-head {align-items: flex-start} | .reader-keepsake-head {gap: 14px} | .reader-keepsake-cover {width: 96px} | .reader-ceremony-title {overflow-wrap: break-word} | .reader-ceremony-title {word-break: normal} | .reader-ceremony-title {flex: 180px} | .reader-ceremony-title {font-size: 1.35rem} | .friend-mode-options {grid-template-columns: 1fr} | .friend-mode-option {min-height: 0} | .friend-photo-step {padding: 16px} | .friend-photo-step > .btn {justify-content: center} | .friend-photo-step > .btn {width: 100%}"
source/css/3q17cp_jgfwol.pretty.css,2349-2372,@media (prefers-reduced-motion: reduce),".fb1, .fb2, .badge, .dotpulse, .starfield ; body, .bg, .tt, .tt-thumb, .tt-opt ; .reveal ; .comp-chosen",".fb1, .fb2, .badge, .dotpulse, .starfield {animation: none} | body, .bg, .tt, .tt-thumb, .tt-opt {transition: none} | .reveal {opacity: 1} | .reveal {transition: none} | .reveal {transform: none} | .comp-chosen {transition: none}"
source/css/3q17cp_jgfwol.pretty.css,2475-2527,@media (max-width: 600px),.create-customize > summary ; .create-customize > summary small ; .advs ; .advs > .adv ; .advs > .adv:hover ; .advs > .adv .adv-art ; .advs > .adv .chip ; .advs > .adv .adv-title ; .advs > .adv .adv-sub ; .advs > .adv .adv-why ; .advs > .adv .btn,".create-customize > summary {min-height: 56px} | .create-customize > summary small {text-align: right} | .create-customize > summary small {max-width: 46%} | .advs {gap: 12px} | .advs > .adv {grid-template-columns: 92px minmax(0, 1fr)} | .advs > .adv {grid-template-areas: ""art chip"" ""art title"" ""art sub"" ""art why"" ""art action""} | .advs > .adv {gap: 7px 12px} | .advs > .adv {padding: 14px} | .advs > .adv {display: grid} | .advs > .adv:hover {transform: none} | .advs > .adv .adv-art {aspect-ratio: auto} | .advs > .adv .adv-art {border-radius: 8px} | .advs > .adv .adv-art {grid-area: art} | .advs > .adv .adv-art {width: 92px} | .advs > .adv .adv-art {height: 100%} | .advs > .adv .adv-art {min-height: 218px} | .advs > .adv .adv-art {margin: 0} | .advs > .adv .chip {grid-area: chip} | .advs > .adv .adv-title {grid-area: title} | .advs > .adv .adv-title {font-size: 1.08rem} | .advs > .adv .adv-sub {grid-area: sub} | .advs > .adv .adv-sub {font-size: 0.86rem} | .advs > .adv .adv-sub {line-height: 1.4} | .advs > .adv .adv-why {grid-area: why} | .advs > .adv .adv-why {font-size: 0.78rem} | .advs > .adv .adv-why {line-height: 1.4} | .advs > .adv .btn {grid-area: action} | .advs > .adv .btn {min-height: 44px} | .advs > .adv .btn {padding: 9px 18px}"
source/css/3q17cp_jgfwol.pretty.css,3146-3170,@media (max-width: 880px),.hiw-step ; .hiw-node ; .hiw-rail-col:before ; .hiw-step-body ; .hiw-step--flip .hiw-step-text ; .hiw-step--flip .hiw-step-visual,.hiw-step {grid-template-columns: 44px 1fr} | .hiw-node {width: 32px} | .hiw-node {height: 32px} | .hiw-node {font-size: 0.9rem} | .hiw-rail-col:before {top: 40px} | .hiw-rail-col:before {bottom: -40px} | .hiw-step-body {grid-template-columns: 1fr} | .hiw-step-body {align-items: stretch} | .hiw-step-body {gap: 16px} | .hiw-step--flip .hiw-step-text {order: 0} | .hiw-step--flip .hiw-step-visual {order: 1}
source/css/3q17cp_jgfwol.pretty.css,3171-3200,@media (max-width: 720px),.hiw-map ; .hiw-map-desktop ; .hiw-map-mobile ; .hiw-map-btn ; .hiw-map-btn-1 ; .hiw-map-btn-2 ; .hiw-map-btn-3 ; .hiw-map-btn-4,.hiw-map {padding: 16px 12px} | .hiw-map-desktop {display: none} | .hiw-map-mobile {display: block} | .hiw-map-btn {width: 19%} | .hiw-map-btn-1 {top: 77.4%} | .hiw-map-btn-1 {left: 14.4%} | .hiw-map-btn-2 {top: 77.4%} | .hiw-map-btn-2 {left: 38.1%} | .hiw-map-btn-3 {top: 77.4%} | .hiw-map-btn-3 {left: 61.9%} | .hiw-map-btn-4 {top: 77.4%} | .hiw-map-btn-4 {left: 85.6%}
source/css/3q17cp_jgfwol.pretty.css,3201-3207,@media (max-width: 480px),.hiw-play,.hiw-play {justify-content: center} | .hiw-play {width: 100%} | .hiw-play {max-width: 320px}
source/css/3q17cp_jgfwol.pretty.css,3208-3212,@media (max-width: 400px),.hiw-mock-choices,.hiw-mock-choices {grid-template-columns: 1fr}
source/css/3q17cp_jgfwol.pretty.css,3213-3227,@media (prefers-reduced-motion: reduce),".hiw-map .map-path-lit--lit, .hiw-map .map-path-lit--fading, .hiw-map .map-medallion ; .hiw-memory-tag .dotpulse ; .hiw-play, .hiw-play:hover",".hiw-map .map-path-lit--lit, .hiw-map .map-path-lit--fading, .hiw-map .map-medallion {transition: none} | .hiw-memory-tag .dotpulse {animation: none} | .hiw-play, .hiw-play:hover {transition: none} | .hiw-play, .hiw-play:hover {transform: none}"
source/css/2h1wwdz1nvxwk.pretty.css,135-148,@media (max-width: 700px),.cs-band ; .cs-memory ; .cs-memory .cs-coins,.cs-band {flex-wrap: wrap} | .cs-memory {flex-direction: row} | .cs-memory {justify-content: flex-start} | .cs-memory {align-items: center} | .cs-memory {width: 100%} | .cs-memory .cs-coins {margin-left: auto}
source/css/2h1wwdz1nvxwk.pretty.css,232-239,@media (max-width: 560px),.cs-clause ; .cs-chip,.cs-clause {white-space: normal} | .cs-chip {white-space: nowrap}
source/css/2h1wwdz1nvxwk.pretty.css,325-343,@media (max-width: 700px),".cs-sheetwrap ; .cs-sheet, .cs-sheet[data-sheet] ; .cs-sheet-body ; .cs-sheet-actions .btn",".cs-sheetwrap {align-items: end} | .cs-sheetwrap {padding: 12px} | .cs-sheet, .cs-sheet[data-sheet] {border-radius: 24px} | .cs-sheet, .cs-sheet[data-sheet] {width: 100%} | .cs-sheet, .cs-sheet[data-sheet] {max-height: calc(100dvh - 24px)} | .cs-sheet, .cs-sheet[data-sheet] {padding: 18px 16px} | .cs-sheet-body {padding-inline: 1px} | .cs-sheet-actions .btn {width: 100%}"
source/css/2h1wwdz1nvxwk.pretty.css,559-574,@media (max-width: 560px),.cs-companion-actions ; .cs-companion-manage ; .cs-inline-friend ; .cs-inline-actions .btn,.cs-companion-actions {grid-template-columns: 1fr} | .cs-companion-manage {text-align: center} | .cs-companion-manage {justify-content: center} | .cs-inline-friend {padding: 15px} | .cs-inline-actions .btn {justify-content: center} | .cs-inline-actions .btn {width: 100%}
source/css/2h1wwdz1nvxwk.pretty.css,575-579,@media (max-width: 1000px),.cs-doors,".cs-doors {grid-template-columns: repeat(2, minmax(0, 1fr))}"
source/css/2h1wwdz1nvxwk.pretty.css,580-588,@media (max-width: 520px),".cs-doors ; .cs-door-art, .cs-door-face",".cs-doors {grid-template-columns: minmax(0, 1fr)} | .cs-door-art, .cs-door-face {height: 140px}"
source/css/2h1wwdz1nvxwk.pretty.css,589-593,@media (prefers-reduced-motion: reduce),.cs-chip,.cs-chip {transition: none}
source/css/37m388zf6rymp.pretty.css,12-17,@media (min-width: 860px),.glod-stage,".glod-stage {height: max(560px, 100dvh - 89px)} | .glod-stage {margin-top: 0}"
source/css/37m388zf6rymp.pretty.css,303-343,@media (min-width: 1800px),.glod-sign ; .glod-board ; .glod-wb-kicker ; .glod-wb-title ; .glod-pulse-dot ; .glod-wb-expect ; .glod-wb-rewrite ; .glod-wb-steps ; .glod-wb-steps li ; .glod-wb-steps li .dot,".glod-sign {width: 384px} | .glod-sign {bottom: clamp(48px, 7.5vh, 116px)} | .glod-sign {left: clamp(200px, 11vw, 320px)} | .glod-board {padding: 18px 22px 16px} | .glod-wb-kicker {font-size: 0.72rem} | .glod-wb-title {font-size: 1.32rem} | .glod-pulse-dot {width: 13px} | .glod-pulse-dot {height: 13px} | .glod-wb-expect {margin-top: 9px} | .glod-wb-expect {font-size: 0.88rem} | .glod-wb-rewrite {font-size: 0.82rem} | .glod-wb-steps {gap: 8px} | .glod-wb-steps {margin-top: 12px} | .glod-wb-steps {padding-top: 12px} | .glod-wb-steps li {gap: 10px} | .glod-wb-steps li {font-size: 0.94rem} | .glod-wb-steps li .dot {width: 21px} | .glod-wb-steps li .dot {height: 21px} | .glod-wb-steps li .dot {font-size: 0.72rem}"
source/css/37m388zf6rymp.pretty.css,738-743,@media (min-width: 860px) and (max-width: 1799px),.glod-hearth-box,".glod-hearth-box {width: min(100% - 430px, 660px)} | .glod-hearth-box {left: calc(54% + 48px)}"
source/css/37m388zf6rymp.pretty.css,1052-1072,@media (prefers-reduced-motion: reduce),".glod-pulse-dot, .glod-wb-steps li.active .dot ; .glod-active-ember ; .glod-active-ember-core, .glod-mem-float, .glod-mem-ember.on .glod-mem-ember-core ; .glod-book ; .glod-book.show",".glod-pulse-dot, .glod-wb-steps li.active .dot {animation: none} | .glod-active-ember {transition: none} | .glod-active-ember-core, .glod-mem-float, .glod-mem-ember.on .glod-mem-ember-core {animation: none} | .glod-book {transition: opacity 0.4s} | .glod-book {transform: none} | .glod-book.show {transform: none}"
source/css/37m388zf6rymp.pretty.css,1084-1088,@media (max-width: 859px),body.glod-takeover nav,body.glod-takeover nav {display: none}
source/css/2_gt301v4m-60.pretty.css,863-882,@media (max-width: 880px),".start-flow .build-grid ; .start-flow .herocard ; .start-flow .gallery ; .start-flow .acct ; .start-flow .advs, .start-flow .subrow",".start-flow .build-grid {grid-template-columns: 1fr} | .start-flow .herocard {position: static} | .start-flow .gallery {grid-template-columns: repeat(3, 1fr)} | .start-flow .gallery {gap: 9px} | .start-flow .acct {text-align: center} | .start-flow .acct {flex-direction: column} | .start-flow .advs, .start-flow .subrow {grid-template-columns: 1fr}"
source/css/2_gt301v4m-60.pretty.css,883-912,@media (max-width: 480px),.start-flow .pick ; .start-flow .pick svg ; .start-flow .stepcard ; .start-flow .stiles ; .start-flow .stile ; .start-flow .adv ; .start-flow .adv-art,".start-flow .pick {padding: 12px 4px 10px} | .start-flow .pick {font-size: 0.78rem} | .start-flow .pick svg {width: 28px} | .start-flow .pick svg {height: 28px} | .start-flow .stepcard {padding: 24px 18px 22px} | .start-flow .stiles {grid-template-columns: repeat(4, 1fr)} | .start-flow .stile {font-size: 0.62rem} | .start-flow .adv {display: flex} | .start-flow .adv-art {aspect-ratio: 16/9} | .start-flow .adv-art {border-radius: 25px 25px 0 0} | .start-flow .adv-art {width: auto} | .start-flow .adv-art {height: auto} | .start-flow .adv-art {min-height: 0} | .start-flow .adv-art {margin: -16px -16px 4px}"
source/css/2_gt301v4m-60.pretty.css,913-951,@media (prefers-reduced-motion: reduce),".start-flow .start-screen, .start-flow .gallery.open, .start-flow .paintpill, .start-flow .reveal-line.on, .start-flow .reveal-name.on, .start-flow .reveal-actions.on, .start-flow .sheet ; .start-flow .adv, .start-flow .adv:hover ; .start-flow .paintpill .dotpulse, .start-flow .pframe .veil svg ; .start-flow .easel img ; .start-flow .embers.go .ember, .start-flow .unveil-armed.ready-pop ; .start-flow .easel .veil-glow ; .start-flow .veil-speck ; .start-flow .veil-caption",".start-flow .start-screen, .start-flow .gallery.open, .start-flow .paintpill, .start-flow .reveal-line.on, .start-flow .reveal-name.on, .start-flow .reveal-actions.on, .start-flow .sheet {animation: none} | .start-flow .adv, .start-flow .adv:hover {transition: none} | .start-flow .adv, .start-flow .adv:hover {transform: none} | .start-flow .paintpill .dotpulse, .start-flow .pframe .veil svg {animation: none} | .start-flow .easel img {transition: opacity 0.2s} | .start-flow .embers.go .ember, .start-flow .unveil-armed.ready-pop {animation: none} | .start-flow .easel .veil-glow {opacity: 0.6} | .start-flow .easel .veil-glow {animation: none} | .start-flow .veil-speck {opacity: 0.4} | .start-flow .veil-speck {animation: none} | .start-flow .veil-caption {opacity: 1} | .start-flow .veil-caption {animation: none}"
derived/layout/uppgradera-inline-style.pretty.css,42-59,@media (max-width: 600px),.upgrade-proof-layout ; .upgrade-sample-link ; .upgrade-proof-list,".upgrade-proof-layout {grid-template-columns: minmax(0, 1fr)} | .upgrade-proof-layout {row-gap: 16px} | .upgrade-sample-link {grid-column: 1} | .upgrade-sample-link {grid-row: 1} | .upgrade-sample-link {width: 128px} | .upgrade-sample-link {justify-self: center} | .upgrade-proof-list {grid-column: 1} | .upgrade-proof-list {grid-row: 2}"
