vw,shell,content,navH,navRows,tt_w,hero_cols,heroH,h1_fs,h1_H,lede_w,fanH,fbook_w,hiw_cols,node,body_cols,body_gap,mapStageH,builder_cols,builder_dir,shelf_cols,footH,docH
1920,1120,1064,96,1,199.23,537.594px 486.391px,576,70.4px,149.25,498.08,522,224,88px 976px,40,473px 473px,30px,518.63,594.312px 451.672px,row,4,103,4994
1600,1120,1064,96,1,199.23,537.594px 486.391px,576,70.4px,149.25,498.08,522,224,88px 976px,40,473px 473px,30px,518.63,594.312px 451.672px,row,4,103,4994
1440,1120,1064,96,1,199.23,537.594px 486.391px,576,70.4px,149.25,498.08,522,224,88px 976px,40,473px 473px,30px,518.63,594.312px 451.672px,row,4,103,4994
1280,1120,1064,96,1,199.23,537.594px 486.391px,576,69.12px,146.53,498.08,522,224,88px 976px,40,473px 473px,30px,518.63,594.312px 451.672px,row,4,103,4990
1200,1120,1064,96,1,199.23,537.594px 486.391px,576,64.8px,137.34,481.36,522,224,88px 976px,40,473px 473px,30px,518.63,594.312px 451.672px,row,4,103,4986
1120,1120,1064,96,1,199.23,537.594px 486.391px,576,60.48px,128.22,449.41,522,224,88px 976px,40,473px 473px,30px,518.63,594.312px 451.672px,row,4,103,4980
1024,1024,968,96,1,199.23,487.188px 440.797px,576,55.296px,117.22,420.13,522,203,88px 880px,40,425px 425px,30px,464.63,539.766px 410.219px,row,4,103,4812
960,960,904,96,1,199.23,453.594px 410.391px,576,51.84px,109.91,420.13,522,189,88px 816px,40,393px 393px,30px,428.63,503.406px 382.578px,row,3,103,4824
900,900,844,96,1,199.23,422.094px 381.891px,576,48.6px,103,420.13,522,176,88px 756px,40,363px 363px,30px,394.88,469.312px 356.672px,row,3,137,4839
881,881,825,96,1,199.23,412.109px 372.875px,576,47.574px,100.84,412.11,522,172,88px 737px,40,353.5px 353.5px,30px,384.19,458.516px 348.469px,row,3,137,4843
880,880,824,96,1,183.23,824px,754.86,47.52px,50.36,420.13,340,240,44px 780px,32,780px,16px,408.38,824px,column,3,137,6774
834,834,778,96,1,183.23,778px,752.22,45.036px,47.72,420.13,340,240,44px 734px,32,734px,16px,382.5,778px,column,3,137,6652
800,800,744,96,1,183.23,744px,750.28,43.2px,45.78,420.13,340,240,44px 700px,32,700px,16px,363.38,744px,column,3,137,6562
769,769,713,96,1,183.23,713px,750.28,43.2px,45.78,420.13,340,240,44px 669px,32,669px,16px,345.94,713px,column,3,137,6481
768,768,712,152,2,183.23,712px,750.28,43.2px,45.78,420.13,340,240,44px 668px,32,668px,16px,345.38,712px,column,3,137,6535
761,761,705,152,2,183.23,705px,750.28,43.2px,45.78,420.13,340,240,44px 661px,32,661px,16px,341.44,705px,column,3,137,6517
760,760,704,152,2,183.23,704px,750.28,43.2px,45.78,420.13,340,240,44px 660px,32,660px,16px,340.88,704px,column,3,137,6514
721,721,665,152,2,183.23,665px,750.28,43.2px,45.78,420.13,340,240,44px 621px,32,621px,16px,318.94,665px,column,2,137,6567
720,720,664,152,2,183.23,664px,750.28,43.2px,45.78,420.13,340,240,44px 620px,32,620px,16px,1023,664px,column,2,137,7248
700,700,644,152,2,183.23,644px,750.28,43.2px,45.78,420.13,340,240,44px 600px,32,600px,16px,988.55,644px,column,2,137,7169
640,640,584,152,2,183.23,584px,820.28,43.2px,45.78,420.13,340,240,44px 540px,32,540px,16px,885.22,584px,column,2,137,7054
601,601,545,152,2,183.23,545px,820.28,43.2px,45.78,420.13,340,240,44px 501px,32,501px,16px,818.05,545px,column,2,171,6987
600,600,544,152,2,183.23,544px,820.28,43.2px,45.78,420.13,340,240,44px 500px,32,500px,16px,816.33,544px,column,2,171,7004
561,561,505,152,2,183.23,505px,863.25,43.2px,91.56,420.13,340,232,44px 461px,32,461px,16px,749.16,505px,column,2,171,6911
560,560,504,80,1,72,504px,863.25,43.2px,91.56,420.13,340,232,44px 460px,32,460px,16px,747.44,504px,column,2,171,6835
520,520,464,116,2,72,464px,863.25,43.2px,91.56,420.13,340,213,44px 420px,32,420px,16px,678.55,464px,column,2,171,6759
481,481,425,116,2,72,425px,863.25,43.2px,91.56,420.13,340,196,44px 381px,32,381px,16px,611.38,425px,column,1,171,7861
480,480,424,116,2,72,424px,863.25,43.2px,91.56,420.13,340,195,44px 380px,32,380px,16px,609.66,424px,column,1,171,7907
430,430,374,116,2,72,374px,880.25,43.2px,91.56,374,340,172,44px 330px,32,330px,16px,523.55,374px,column,1,171,7824
401,401,345,116,2,72,345px,908.75,43.2px,91.56,345,340,159,44px 301px,32,301px,16px,473.61,345px,column,1,189,7842
400,400,344,116,2,72,344px,908.75,43.2px,91.56,344,340,158,44px 300px,32,300px,16px,471.88,344px,column,1,189,7852
390,390,334,116,2,72,334px,908.75,43.2px,91.56,334,340,154,44px 290px,32,290px,16px,454.66,334px,column,1,189,7848
375,375,319,166,2,72,319px,908.75,43.2px,91.56,319,340,147,44px 275px,32,275px,16px,428.83,319px,column,1,189,7925
360,360,304,166,2,72,304px,908.75,43.2px,91.56,304,340,140,44px 260px,32,260px,16px,403,304px,column,1,189,7916
320,320,264,166,2,72,264px,983.03,43.2px,137.34,264,340,121,44px 220px,32,220px,16px,334.11,264px,column,1,217,7960
